============================= test session starts ==============================
platform linux -- Python 3.8.10, pytest-7.1.3, pluggy-1.5.0
rootdir: /home/x/shiran/VectorCGRA, configfile: pytest.ini
plugins: hypothesis-6.113.0, pymtl3-3.1.13
collected 1 item

cgra/test/CgraRTL_conv4x4_test_from_yaml.py ================================================
Instruction:  {'index_per_ii': 1, 'operations': [{'opcode': 'GRANT_PREDICATE', 'id': 48, 'time_step': 11, 'invalid_iterations': 2, 'src_operands': [{'operand': 'NORTH', 'color': 'RED'}, {'operand': '$0', 'color': 'RED'}], 'dst_operands': [{'operand': '$0', 'color': 'RED'}]}]}
Take_up_fu_operation:  {'opcode': 'GRANT_PREDICATE', 'id': 48, 'time_step': 11, 'invalid_iterations': 2, 'src_operands': [{'operand': 'NORTH', 'color': 'RED'}, {'operand': '$0', 'color': 'RED'}], 'dst_operands': [{'operand': '$0', 'color': 'RED'}]}

 Operation:  {'opcode': 'GRANT_PREDICATE', 'id': 48, 'time_step': 11, 'invalid_iterations': 2, 'src_operands': [{'operand': 'NORTH', 'color': 'RED'}, {'operand': '$0', 'color': 'RED'}], 'dst_operands': [{'operand': '$0', 'color': 'RED'}]}
>>> index 1 is REG
Lane 1 available for port source {'operand': 'NORTH', 'color': 'RED'}
================================================
Instruction:  {'index_per_ii': 2, 'operations': [{'opcode': 'DATA_MOV', 'id': 20, 'time_step': 7, 'invalid_iterations': 1, 'src_operands': [{'operand': 'NORTH', 'color': 'RED'}], 'dst_operands': [{'operand': '$0', 'color': 'RED'}]}, {'opcode': 'RETURN_VALUE', 'id': 52, 'time_step': 12, 'invalid_iterations': 2, 'src_operands': [{'operand': '$0', 'color': 'RED'}]}]}
Take_up_fu_operation:  {'opcode': 'RETURN_VALUE', 'id': 52, 'time_step': 12, 'invalid_iterations': 2, 'src_operands': [{'operand': '$0', 'color': 'RED'}]}

 Operation:  {'opcode': 'DATA_MOV', 'id': 20, 'time_step': 7, 'invalid_iterations': 1, 'src_operands': [{'operand': 'NORTH', 'color': 'RED'}], 'dst_operands': [{'operand': '$0', 'color': 'RED'}]}

 Operation:  {'opcode': 'RETURN_VALUE', 'id': 52, 'time_step': 12, 'invalid_iterations': 2, 'src_operands': [{'operand': '$0', 'color': 'RED'}]}
>>> index 0 is REG
================================================
Instruction:  {'index_per_ii': 4, 'operations': [{'opcode': 'DATA_MOV', 'id': 440000, 'time_step': 9, 'invalid_iterations': 1, 'src_operands': [{'operand': 'EAST', 'color': 'RED'}], 'dst_operands': [{'operand': 'NORTH', 'color': 'RED'}]}]}
No take up fu operation found, just take the first.

 Operation:  {'opcode': 'DATA_MOV', 'id': 440000, 'time_step': 9, 'invalid_iterations': 1, 'src_operands': [{'operand': 'EAST', 'color': 'RED'}], 'dst_operands': [{'operand': 'NORTH', 'color': 'RED'}]}
================================================
Instruction:  {'index_per_ii': 1, 'operations': [{'opcode': 'LOAD', 'id': 39, 'time_step': 6, 'invalid_iterations': 1, 'src_operands': [{'operand': 'NORTH', 'color': 'RED'}], 'dst_operands': [{'operand': '$0', 'color': 'RED'}]}]}
Take_up_fu_operation:  {'opcode': 'LOAD', 'id': 39, 'time_step': 6, 'invalid_iterations': 1, 'src_operands': [{'operand': 'NORTH', 'color': 'RED'}], 'dst_operands': [{'operand': '$0', 'color': 'RED'}]}

 Operation:  {'opcode': 'LOAD', 'id': 39, 'time_step': 6, 'invalid_iterations': 1, 'src_operands': [{'operand': 'NORTH', 'color': 'RED'}], 'dst_operands': [{'operand': '$0', 'color': 'RED'}]}
Lane 0 available for port source {'operand': 'NORTH', 'color': 'RED'}
================================================
Instruction:  {'index_per_ii': 2, 'operations': [{'opcode': 'LOAD', 'id': 40, 'time_step': 7, 'invalid_iterations': 1, 'src_operands': [{'operand': 'NORTH', 'color': 'RED'}], 'dst_operands': [{'operand': '$8', 'color': 'RED'}]}]}
Take_up_fu_operation:  {'opcode': 'LOAD', 'id': 40, 'time_step': 7, 'invalid_iterations': 1, 'src_operands': [{'operand': 'NORTH', 'color': 'RED'}], 'dst_operands': [{'operand': '$8', 'color': 'RED'}]}

 Operation:  {'opcode': 'LOAD', 'id': 40, 'time_step': 7, 'invalid_iterations': 1, 'src_operands': [{'operand': 'NORTH', 'color': 'RED'}], 'dst_operands': [{'operand': '$8', 'color': 'RED'}]}
Lane 0 available for port source {'operand': 'NORTH', 'color': 'RED'}
================================================
Instruction:  {'index_per_ii': 3, 'operations': [{'opcode': 'MUL', 'id': 43, 'time_step': 8, 'invalid_iterations': 1, 'src_operands': [{'operand': '$0', 'color': 'RED'}, {'operand': '$8', 'color': 'RED'}], 'dst_operands': [{'operand': 'WEST', 'color': 'RED'}]}]}
Take_up_fu_operation:  {'opcode': 'MUL', 'id': 43, 'time_step': 8, 'invalid_iterations': 1, 'src_operands': [{'operand': '$0', 'color': 'RED'}, {'operand': '$8', 'color': 'RED'}], 'dst_operands': [{'operand': 'WEST', 'color': 'RED'}]}

 Operation:  {'opcode': 'MUL', 'id': 43, 'time_step': 8, 'invalid_iterations': 1, 'src_operands': [{'operand': '$0', 'color': 'RED'}, {'operand': '$8', 'color': 'RED'}], 'dst_operands': [{'operand': 'WEST', 'color': 'RED'}]}
>>> index 0 is REG
>>> index 1 is REG
>>> FuOutParams[2] = 1
================================================
Instruction:  {'index_per_ii': 1, 'operations': [{'opcode': 'DATA_MOV', 'id': 28, 'time_step': 6, 'invalid_iterations': 1, 'src_operands': [{'operand': 'NORTH', 'color': 'RED'}], 'dst_operands': [{'operand': '$0', 'color': 'RED'}]}, {'opcode': 'GRANT_PREDICATE', 'id': 49, 'time_step': 11, 'invalid_iterations': 2, 'src_operands': [{'operand': 'EAST', 'color': 'RED'}, {'operand': '$0', 'color': 'RED'}], 'dst_operands': [{'operand': 'NORTH', 'color': 'RED'}]}]}
Take_up_fu_operation:  {'opcode': 'GRANT_PREDICATE', 'id': 49, 'time_step': 11, 'invalid_iterations': 2, 'src_operands': [{'operand': 'EAST', 'color': 'RED'}, {'operand': '$0', 'color': 'RED'}], 'dst_operands': [{'operand': 'NORTH', 'color': 'RED'}]}

 Operation:  {'opcode': 'DATA_MOV', 'id': 28, 'time_step': 6, 'invalid_iterations': 1, 'src_operands': [{'operand': 'NORTH', 'color': 'RED'}], 'dst_operands': [{'operand': '$0', 'color': 'RED'}]}

 Operation:  {'opcode': 'GRANT_PREDICATE', 'id': 49, 'time_step': 11, 'invalid_iterations': 2, 'src_operands': [{'operand': 'EAST', 'color': 'RED'}, {'operand': '$0', 'color': 'RED'}], 'dst_operands': [{'operand': 'NORTH', 'color': 'RED'}]}
>>> index 1 is REG
Lane 1 available for port source {'operand': 'EAST', 'color': 'RED'}
>>> FuOutParams[0] = 1
================================================
Instruction:  {'index_per_ii': 0, 'operations': [{'opcode': 'ADD', 'id': 45, 'time_step': 10, 'invalid_iterations': 2, 'src_operands': [{'operand': 'SOUTH', 'color': 'RED'}, {'operand': '$0', 'color': 'RED'}], 'dst_operands': [{'operand': 'WEST', 'color': 'RED'}, {'operand': 'SOUTH', 'color': 'RED'}]}]}
Take_up_fu_operation:  {'opcode': 'ADD', 'id': 45, 'time_step': 10, 'invalid_iterations': 2, 'src_operands': [{'operand': 'SOUTH', 'color': 'RED'}, {'operand': '$0', 'color': 'RED'}], 'dst_operands': [{'operand': 'WEST', 'color': 'RED'}, {'operand': 'SOUTH', 'color': 'RED'}]}

 Operation:  {'opcode': 'ADD', 'id': 45, 'time_step': 10, 'invalid_iterations': 2, 'src_operands': [{'operand': 'SOUTH', 'color': 'RED'}, {'operand': '$0', 'color': 'RED'}], 'dst_operands': [{'operand': 'WEST', 'color': 'RED'}, {'operand': 'SOUTH', 'color': 'RED'}]}
>>> index 1 is REG
Lane 1 available for port source {'operand': 'SOUTH', 'color': 'RED'}
>>> FuOutParams[2] = 1
>>> FuOutParams[1] = 2
================================================
Instruction:  {'index_per_ii': 1, 'operations': [{'opcode': 'DATA_MOV', 'id': 200002, 'time_step': 6, 'invalid_iterations': 1, 'src_operands': [{'operand': 'NORTH', 'color': 'RED'}], 'dst_operands': [{'operand': 'SOUTH', 'color': 'RED'}]}]}
No take up fu operation found, just take the first.

 Operation:  {'opcode': 'DATA_MOV', 'id': 200002, 'time_step': 6, 'invalid_iterations': 1, 'src_operands': [{'operand': 'NORTH', 'color': 'RED'}], 'dst_operands': [{'operand': 'SOUTH', 'color': 'RED'}]}
================================================
Instruction:  {'index_per_ii': 4, 'operations': [{'opcode': 'DATA_MOV', 'id': 10, 'time_step': 9, 'invalid_iterations': 1, 'src_operands': [{'operand': 'NORTH', 'color': 'RED'}], 'dst_operands': [{'operand': '$0', 'color': 'RED'}]}]}
No take up fu operation found, just take the first.

 Operation:  {'opcode': 'DATA_MOV', 'id': 10, 'time_step': 9, 'invalid_iterations': 1, 'src_operands': [{'operand': 'NORTH', 'color': 'RED'}], 'dst_operands': [{'operand': '$0', 'color': 'RED'}]}
================================================
Instruction:  {'index_per_ii': 0, 'operations': [{'opcode': 'GEP', 'id': 34, 'time_step': 5, 'invalid_iterations': 1, 'src_operands': [{'operand': '#6', 'color': 'RED'}, {'operand': '$0', 'color': 'RED'}, {'operand': 'NORTH', 'color': 'RED'}], 'dst_operands': [{'operand': 'SOUTH', 'color': 'RED'}]}, {'opcode': 'DATA_MOV', 'id': 30, 'time_step': 5, 'invalid_iterations': 1, 'src_operands': [{'operand': 'NORTH', 'color': 'RED'}], 'dst_operands': [{'operand': '$8', 'color': 'RED'}]}]}
Take_up_fu_operation:  {'opcode': 'GEP', 'id': 34, 'time_step': 5, 'invalid_iterations': 1, 'src_operands': [{'operand': '#6', 'color': 'RED'}, {'operand': '$0', 'color': 'RED'}, {'operand': 'NORTH', 'color': 'RED'}], 'dst_operands': [{'operand': 'SOUTH', 'color': 'RED'}]}

 Operation:  {'opcode': 'DATA_MOV', 'id': 30, 'time_step': 5, 'invalid_iterations': 1, 'src_operands': [{'operand': 'NORTH', 'color': 'RED'}], 'dst_operands': [{'operand': '$8', 'color': 'RED'}]}

 Operation:  {'opcode': 'GEP', 'id': 34, 'time_step': 5, 'invalid_iterations': 1, 'src_operands': [{'operand': '#6', 'color': 'RED'}, {'operand': '$0', 'color': 'RED'}, {'operand': 'NORTH', 'color': 'RED'}], 'dst_operands': [{'operand': 'SOUTH', 'color': 'RED'}]}
>>> index 0 is REG
Lane 1 available for port source {'operand': 'NORTH', 'color': 'RED'}
>>> FuOutParams[1] = 1
================================================
Instruction:  {'index_per_ii': 1, 'operations': [{'opcode': 'GEP', 'id': 35, 'time_step': 6, 'invalid_iterations': 1, 'src_operands': [{'operand': '#0', 'color': 'RED'}, {'operand': '$0', 'color': 'RED'}, {'operand': '$8', 'color': 'RED'}], 'dst_operands': [{'operand': 'SOUTH', 'color': 'RED'}]}]}
Take_up_fu_operation:  {'opcode': 'GEP', 'id': 35, 'time_step': 6, 'invalid_iterations': 1, 'src_operands': [{'operand': '#0', 'color': 'RED'}, {'operand': '$0', 'color': 'RED'}, {'operand': '$8', 'color': 'RED'}], 'dst_operands': [{'operand': 'SOUTH', 'color': 'RED'}]}

 Operation:  {'opcode': 'GEP', 'id': 35, 'time_step': 6, 'invalid_iterations': 1, 'src_operands': [{'operand': '#0', 'color': 'RED'}, {'operand': '$0', 'color': 'RED'}, {'operand': '$8', 'color': 'RED'}], 'dst_operands': [{'operand': 'SOUTH', 'color': 'RED'}]}
>>> index 0 is REG
>>> index 1 is REG
>>> FuOutParams[1] = 1
================================================
Instruction:  {'index_per_ii': 3, 'operations': [{'opcode': 'DIV', 'id': 19, 'time_step': 3, 'invalid_iterations': 0, 'src_operands': [{'operand': 'NORTH', 'color': 'RED'}, {'operand': '#3', 'color': 'RED'}], 'dst_operands': [{'operand': '$0', 'color': 'RED'}]}]}
Take_up_fu_operation:  {'opcode': 'DIV', 'id': 19, 'time_step': 3, 'invalid_iterations': 0, 'src_operands': [{'operand': 'NORTH', 'color': 'RED'}, {'operand': '#3', 'color': 'RED'}], 'dst_operands': [{'operand': '$0', 'color': 'RED'}]}

 Operation:  {'opcode': 'DIV', 'id': 19, 'time_step': 3, 'invalid_iterations': 0, 'src_operands': [{'operand': 'NORTH', 'color': 'RED'}, {'operand': '#3', 'color': 'RED'}], 'dst_operands': [{'operand': '$0', 'color': 'RED'}]}
Lane 0 available for port source {'operand': 'NORTH', 'color': 'RED'}
================================================
Instruction:  {'index_per_ii': 4, 'operations': [{'opcode': 'ZEXT', 'id': 26, 'time_step': 4, 'invalid_iterations': 0, 'src_operands': [{'operand': '$0', 'color': 'RED'}], 'dst_operands': [{'operand': '$0', 'color': 'RED'}]}]}
Take_up_fu_operation:  {'opcode': 'ZEXT', 'id': 26, 'time_step': 4, 'invalid_iterations': 0, 'src_operands': [{'operand': '$0', 'color': 'RED'}], 'dst_operands': [{'operand': '$0', 'color': 'RED'}]}

 Operation:  {'opcode': 'ZEXT', 'id': 26, 'time_step': 4, 'invalid_iterations': 0, 'src_operands': [{'operand': '$0', 'color': 'RED'}], 'dst_operands': [{'operand': '$0', 'color': 'RED'}]}
>>> index 0 is REG
================================================
Instruction:  {'index_per_ii': 0, 'operations': [{'opcode': 'DATA_MOV', 'id': 280000, 'time_step': 5, 'invalid_iterations': 1, 'src_operands': [{'operand': 'EAST', 'color': 'RED'}], 'dst_operands': [{'operand': 'SOUTH', 'color': 'RED'}]}]}
No take up fu operation found, just take the first.

 Operation:  {'opcode': 'DATA_MOV', 'id': 280000, 'time_step': 5, 'invalid_iterations': 1, 'src_operands': [{'operand': 'EAST', 'color': 'RED'}], 'dst_operands': [{'operand': 'SOUTH', 'color': 'RED'}]}
================================================
Instruction:  {'index_per_ii': 2, 'operations': [{'opcode': 'DATA_MOV', 'id': 5, 'time_step': 2, 'invalid_iterations': 0, 'src_operands': [{'operand': 'EAST', 'color': 'RED'}], 'dst_operands': [{'operand': '$0', 'color': 'RED'}]}, {'opcode': 'PHI_START', 'id': 7, 'time_step': 7, 'invalid_iterations': 1, 'src_operands': [{'operand': '$0', 'color': 'RED'}, {'operand': 'SOUTH', 'color': 'RED'}], 'dst_operands': [{'operand': 'EAST', 'color': 'RED'}]}]}
Take_up_fu_operation:  {'opcode': 'PHI_START', 'id': 7, 'time_step': 7, 'invalid_iterations': 1, 'src_operands': [{'operand': '$0', 'color': 'RED'}, {'operand': 'SOUTH', 'color': 'RED'}], 'dst_operands': [{'operand': 'EAST', 'color': 'RED'}]}

 Operation:  {'opcode': 'DATA_MOV', 'id': 5, 'time_step': 2, 'invalid_iterations': 0, 'src_operands': [{'operand': 'EAST', 'color': 'RED'}], 'dst_operands': [{'operand': '$0', 'color': 'RED'}]}

 Operation:  {'opcode': 'PHI_START', 'id': 7, 'time_step': 7, 'invalid_iterations': 1, 'src_operands': [{'operand': '$0', 'color': 'RED'}, {'operand': 'SOUTH', 'color': 'RED'}], 'dst_operands': [{'operand': 'EAST', 'color': 'RED'}]}
>>> index 0 is REG
Lane 1 available for port source {'operand': 'SOUTH', 'color': 'RED'}
>>> FuOutParams[3] = 1
================================================
Instruction:  {'index_per_ii': 4, 'operations': [{'opcode': 'DATA_MOV', 'id': 200000, 'time_step': 4, 'invalid_iterations': 0, 'src_operands': [{'operand': 'EAST', 'color': 'RED'}], 'dst_operands': [{'operand': 'EAST', 'color': 'RED'}]}]}
No take up fu operation found, just take the first.

 Operation:  {'opcode': 'DATA_MOV', 'id': 200000, 'time_step': 4, 'invalid_iterations': 0, 'src_operands': [{'operand': 'EAST', 'color': 'RED'}], 'dst_operands': [{'operand': 'EAST', 'color': 'RED'}]}
================================================
Instruction:  {'index_per_ii': 0, 'operations': [{'opcode': 'GRANT_PREDICATE', 'id': 33, 'time_step': 5, 'invalid_iterations': 1, 'src_operands': [{'operand': '$8', 'color': 'RED'}, {'operand': '$0', 'color': 'RED'}], 'dst_operands': [{'operand': '$0', 'color': 'RED'}]}, {'opcode': 'DATA_MOV', 'id': 200001, 'time_step': 5, 'invalid_iterations': 1, 'src_operands': [{'operand': 'WEST', 'color': 'RED'}], 'dst_operands': [{'operand': 'SOUTH', 'color': 'RED'}]}]}
Take_up_fu_operation:  {'opcode': 'GRANT_PREDICATE', 'id': 33, 'time_step': 5, 'invalid_iterations': 1, 'src_operands': [{'operand': '$8', 'color': 'RED'}, {'operand': '$0', 'color': 'RED'}], 'dst_operands': [{'operand': '$0', 'color': 'RED'}]}

 Operation:  {'opcode': 'DATA_MOV', 'id': 200001, 'time_step': 5, 'invalid_iterations': 1, 'src_operands': [{'operand': 'WEST', 'color': 'RED'}], 'dst_operands': [{'operand': 'SOUTH', 'color': 'RED'}]}

 Operation:  {'opcode': 'GRANT_PREDICATE', 'id': 33, 'time_step': 5, 'invalid_iterations': 1, 'src_operands': [{'operand': '$8', 'color': 'RED'}, {'operand': '$0', 'color': 'RED'}], 'dst_operands': [{'operand': '$0', 'color': 'RED'}]}
>>> index 0 is REG
>>> index 1 is REG
================================================
Instruction:  {'index_per_ii': 1, 'operations': [{'opcode': 'PHI_START', 'id': 6, 'time_step': 1, 'invalid_iterations': 0, 'src_operands': [{'operand': 'EAST', 'color': 'RED'}, {'operand': '$0', 'color': 'RED'}], 'dst_operands': [{'operand': 'EAST', 'color': 'RED'}, {'operand': '$0', 'color': 'RED'}]}, {'opcode': 'DATA_MOV', 'id': 50000, 'time_step': 1, 'invalid_iterations': 0, 'src_operands': [{'operand': 'EAST', 'color': 'RED'}], 'dst_operands': [{'operand': 'WEST', 'color': 'RED'}]}]}
Take_up_fu_operation:  {'opcode': 'PHI_START', 'id': 6, 'time_step': 1, 'invalid_iterations': 0, 'src_operands': [{'operand': 'EAST', 'color': 'RED'}, {'operand': '$0', 'color': 'RED'}], 'dst_operands': [{'operand': 'EAST', 'color': 'RED'}, {'operand': '$0', 'color': 'RED'}]}

 Operation:  {'opcode': 'DATA_MOV', 'id': 50000, 'time_step': 1, 'invalid_iterations': 0, 'src_operands': [{'operand': 'EAST', 'color': 'RED'}], 'dst_operands': [{'operand': 'WEST', 'color': 'RED'}]}

 Operation:  {'opcode': 'PHI_START', 'id': 6, 'time_step': 1, 'invalid_iterations': 0, 'src_operands': [{'operand': 'EAST', 'color': 'RED'}, {'operand': '$0', 'color': 'RED'}], 'dst_operands': [{'operand': 'EAST', 'color': 'RED'}, {'operand': '$0', 'color': 'RED'}]}
>>> index 1 is REG
Lane 1 available for port source {'operand': 'EAST', 'color': 'RED'}
>>> FuOutParams[3] = 1
================================================
Instruction:  {'index_per_ii': 2, 'operations': [{'opcode': 'ADD', 'id': 11, 'time_step': 2, 'invalid_iterations': 0, 'src_operands': [{'operand': '$0', 'color': 'RED'}, {'operand': '#1', 'color': 'RED'}], 'dst_operands': [{'operand': '$0', 'color': 'RED'}, {'operand': '$8', 'color': 'RED'}]}]}
Take_up_fu_operation:  {'opcode': 'ADD', 'id': 11, 'time_step': 2, 'invalid_iterations': 0, 'src_operands': [{'operand': '$0', 'color': 'RED'}, {'operand': '#1', 'color': 'RED'}], 'dst_operands': [{'operand': '$0', 'color': 'RED'}, {'operand': '$8', 'color': 'RED'}]}

 Operation:  {'opcode': 'ADD', 'id': 11, 'time_step': 2, 'invalid_iterations': 0, 'src_operands': [{'operand': '$0', 'color': 'RED'}, {'operand': '#1', 'color': 'RED'}], 'dst_operands': [{'operand': '$0', 'color': 'RED'}, {'operand': '$8', 'color': 'RED'}]}
>>> index 0 is REG
================================================
Instruction:  {'index_per_ii': 3, 'operations': [{'opcode': 'ICMP_EQ', 'id': 17, 'time_step': 3, 'invalid_iterations': 0, 'src_operands': [{'operand': '$0', 'color': 'RED'}, {'operand': '#6', 'color': 'RED'}], 'dst_operands': [{'operand': '$0', 'color': 'RED'}, {'operand': 'WEST', 'color': 'RED'}]}, {'opcode': 'DATA_MOV', 'id': 100000, 'time_step': 8, 'invalid_iterations': 1, 'src_operands': [{'operand': 'WEST', 'color': 'RED'}], 'dst_operands': [{'operand': 'SOUTH', 'color': 'RED'}]}]}
Take_up_fu_operation:  {'opcode': 'ICMP_EQ', 'id': 17, 'time_step': 3, 'invalid_iterations': 0, 'src_operands': [{'operand': '$0', 'color': 'RED'}, {'operand': '#6', 'color': 'RED'}], 'dst_operands': [{'operand': '$0', 'color': 'RED'}, {'operand': 'WEST', 'color': 'RED'}]}

 Operation:  {'opcode': 'DATA_MOV', 'id': 100000, 'time_step': 8, 'invalid_iterations': 1, 'src_operands': [{'operand': 'WEST', 'color': 'RED'}], 'dst_operands': [{'operand': 'SOUTH', 'color': 'RED'}]}

 Operation:  {'opcode': 'ICMP_EQ', 'id': 17, 'time_step': 3, 'invalid_iterations': 0, 'src_operands': [{'operand': '$0', 'color': 'RED'}, {'operand': '#6', 'color': 'RED'}], 'dst_operands': [{'operand': '$0', 'color': 'RED'}, {'operand': 'WEST', 'color': 'RED'}]}
>>> index 0 is REG
>>> FuOutParams[2] = 2
================================================
Instruction:  {'index_per_ii': 4, 'operations': [{'opcode': 'NOT', 'id': 24, 'time_step': 4, 'invalid_iterations': 0, 'src_operands': [{'operand': '$0', 'color': 'RED'}], 'dst_operands': [{'operand': 'WEST', 'color': 'RED'}, {'operand': '$0', 'color': 'RED'}]}]}
Take_up_fu_operation:  {'opcode': 'NOT', 'id': 24, 'time_step': 4, 'invalid_iterations': 0, 'src_operands': [{'operand': '$0', 'color': 'RED'}], 'dst_operands': [{'operand': 'WEST', 'color': 'RED'}, {'operand': '$0', 'color': 'RED'}]}

 Operation:  {'opcode': 'NOT', 'id': 24, 'time_step': 4, 'invalid_iterations': 0, 'src_operands': [{'operand': '$0', 'color': 'RED'}], 'dst_operands': [{'operand': 'WEST', 'color': 'RED'}, {'operand': '$0', 'color': 'RED'}]}
>>> index 0 is REG
>>> FuOutParams[2] = 1
================================================
Instruction:  {'index_per_ii': 0, 'operations': [{'opcode': 'GRANT_ONCE', 'id': 0, 'time_step': 0, 'invalid_iterations': 0, 'src_operands': [{'operand': '#0', 'color': 'RED'}], 'dst_operands': [{'operand': 'WEST', 'color': 'RED'}]}]}
Take_up_fu_operation:  {'opcode': 'GRANT_ONCE', 'id': 0, 'time_step': 0, 'invalid_iterations': 0, 'src_operands': [{'operand': '#0', 'color': 'RED'}], 'dst_operands': [{'operand': 'WEST', 'color': 'RED'}]}

 Operation:  {'opcode': 'GRANT_ONCE', 'id': 0, 'time_step': 0, 'invalid_iterations': 0, 'src_operands': [{'operand': '#0', 'color': 'RED'}], 'dst_operands': [{'operand': 'WEST', 'color': 'RED'}]}
>>> FuOutParams[2] = 1
================================================
Instruction:  {'index_per_ii': 2, 'operations': [{'opcode': 'CAST_TRUNC', 'id': 12, 'time_step': 2, 'invalid_iterations': 0, 'src_operands': [{'operand': 'WEST', 'color': 'RED'}], 'dst_operands': [{'operand': 'SOUTH', 'color': 'RED'}, {'operand': '$0', 'color': 'RED'}]}]}
Take_up_fu_operation:  {'opcode': 'CAST_TRUNC', 'id': 12, 'time_step': 2, 'invalid_iterations': 0, 'src_operands': [{'operand': 'WEST', 'color': 'RED'}], 'dst_operands': [{'operand': 'SOUTH', 'color': 'RED'}, {'operand': '$0', 'color': 'RED'}]}

 Operation:  {'opcode': 'CAST_TRUNC', 'id': 12, 'time_step': 2, 'invalid_iterations': 0, 'src_operands': [{'operand': 'WEST', 'color': 'RED'}], 'dst_operands': [{'operand': 'SOUTH', 'color': 'RED'}, {'operand': '$0', 'color': 'RED'}]}
Lane 0 available for port source {'operand': 'WEST', 'color': 'RED'}
>>> FuOutParams[1] = 1
================================================
Instruction:  {'index_per_ii': 3, 'operations': [{'opcode': 'REM', 'id': 18, 'time_step': 3, 'invalid_iterations': 0, 'src_operands': [{'operand': '$0', 'color': 'RED'}, {'operand': '#3', 'color': 'RED'}], 'dst_operands': [{'operand': '$0', 'color': 'RED'}]}]}
Take_up_fu_operation:  {'opcode': 'REM', 'id': 18, 'time_step': 3, 'invalid_iterations': 0, 'src_operands': [{'operand': '$0', 'color': 'RED'}, {'operand': '#3', 'color': 'RED'}], 'dst_operands': [{'operand': '$0', 'color': 'RED'}]}

 Operation:  {'opcode': 'REM', 'id': 18, 'time_step': 3, 'invalid_iterations': 0, 'src_operands': [{'operand': '$0', 'color': 'RED'}, {'operand': '#3', 'color': 'RED'}], 'dst_operands': [{'operand': '$0', 'color': 'RED'}]}
>>> index 0 is REG
================================================
Instruction:  {'index_per_ii': 4, 'operations': [{'opcode': 'ZEXT', 'id': 25, 'time_step': 4, 'invalid_iterations': 0, 'src_operands': [{'operand': '$0', 'color': 'RED'}], 'dst_operands': [{'operand': 'SOUTH', 'color': 'RED'}]}]}
Take_up_fu_operation:  {'opcode': 'ZEXT', 'id': 25, 'time_step': 4, 'invalid_iterations': 0, 'src_operands': [{'operand': '$0', 'color': 'RED'}], 'dst_operands': [{'operand': 'SOUTH', 'color': 'RED'}]}

 Operation:  {'opcode': 'ZEXT', 'id': 25, 'time_step': 4, 'invalid_iterations': 0, 'src_operands': [{'operand': '$0', 'color': 'RED'}], 'dst_operands': [{'operand': 'SOUTH', 'color': 'RED'}]}
>>> index 0 is REG
>>> FuOutParams[1] = 1
src_opt_pkt0:  [[IntraCgraPacket_4_4x1_16_8_2_CgraPayload(Bits5(0x00),Bits5(0x02),Bits2(0x0),Bits2(0x0),Bits2(0x0),Bits1(0x0),Bits2(0x0),Bits1(0x0),Bits8(0x00),Bits1(0x0),MultiCgraPayload_Cmd_Data_DataAddr_Ctrl_CtrlAddr(Bits6(0x08),CgraData_32_1_1_1(Bits32(0x00000005),Bits1(0x1),Bits1(0x0),Bits1(0x0)),Bits14(0x0000),CGRAConfig_7_4_2_4_4_3_4(Bits7(0x00),[Bits3(0x0), Bits3(0x0), Bits3(0x0), Bits3(0x0)],[Bits4(0x0), Bits4(0x0), Bits4(0x0), Bits4(0x0), Bits4(0x0), Bits4(0x0), Bits4(0x0), Bits4(0x0)],[Bits2(0x0), Bits2(0x0), Bits2(0x0), Bits2(0x0), Bits2(0x0), Bits2(0x0), Bits2(0x0), Bits2(0x0)],Bits3(0x0),Bits1(0x0),[Bits2(0x0), Bits2(0x0), Bits2(0x0), Bits2(0x0)],[Bits3(0x0), Bits3(0x0), Bits3(0x0), Bits3(0x0)],[Bits2(0x0), Bits2(0x0), Bits2(0x0), Bits2(0x0)],[Bits3(0x0), Bits3(0x0), Bits3(0x0), Bits3(0x0)]),Bits3(0x0))), IntraCgraPacket_4_4x1_16_8_2_CgraPayload(Bits5(0x00),Bits5(0x02),Bits2(0x0),Bits2(0x0),Bits2(0x0),Bits1(0x0),Bits2(0x0),Bits1(0x0),Bits8(0x00),Bits1(0x0),MultiCgraPayload_Cmd_Data_DataAddr_Ctrl_CtrlAddr(Bits6(0x07),CgraData_32_1_1_1(Bits32(0x00000028),Bits1(0x1),Bits1(0x0),Bits1(0x0)),Bits14(0x0000),CGRAConfig_7_4_2_4_4_3_4(Bits7(0x00),[Bits3(0x0), Bits3(0x0), Bits3(0x0), Bits3(0x0)],[Bits4(0x0), Bits4(0x0), Bits4(0x0), Bits4(0x0), Bits4(0x0), Bits4(0x0), Bits4(0x0), Bits4(0x0)],[Bits2(0x0), Bits2(0x0), Bits2(0x0), Bits2(0x0), Bits2(0x0), Bits2(0x0), Bits2(0x0), Bits2(0x0)],Bits3(0x0),Bits1(0x0),[Bits2(0x0), Bits2(0x0), Bits2(0x0), Bits2(0x0)],[Bits3(0x0), Bits3(0x0), Bits3(0x0), Bits3(0x0)],[Bits2(0x0), Bits2(0x0), Bits2(0x0), Bits2(0x0)],[Bits3(0x0), Bits3(0x0), Bits3(0x0), Bits3(0x0)]),Bits3(0x0))), IntraCgraPacket_4_4x1_16_8_2_CgraPayload(Bits5(0x00),Bits5(0x02),Bits2(0x0),Bits2(0x0),Bits2(0x0),Bits1(0x0),Bits2(0x0),Bits1(0x0),Bits8(0x00),Bits1(0x0),MultiCgraPayload_Cmd_Data_DataAddr_Ctrl_CtrlAddr(Bits6(0x03),CgraData_32_1_1_1(Bits32(0x00000000),Bits1(0x0),Bits1(0x0),Bits1(0x0)),Bits14(0x0000),CGRAConfig_7_4_2_4_4_3_4(Bits7(0x01),[Bits3(0x1), Bits3(0x2), Bits3(0x3), Bits3(0x4)],[Bits4(0x0), Bits4(0x0), Bits4(0x0), Bits4(0x0), Bits4(0x0), Bits4(0x0), Bits4(0x0), Bits4(0x0)],[Bits2(0x0), Bits2(0x0), Bits2(0x0), Bits2(0x0), Bits2(0x0), Bits2(0x0), Bits2(0x0), Bits2(0x0)],Bits3(0x0),Bits1(0x0),[Bits2(0x0), Bits2(0x0), Bits2(0x0), Bits2(0x0)],[Bits3(0x0), Bits3(0x0), Bits3(0x0), Bits3(0x0)],[Bits2(0x0), Bits2(0x0), Bits2(0x0), Bits2(0x0)],[Bits3(0x0), Bits3(0x0), Bits3(0x0), Bits3(0x0)]),Bits3(0x0))), IntraCgraPacket_4_4x1_16_8_2_CgraPayload(Bits5(0x00),Bits5(0x02),Bits2(0x0),Bits2(0x0),Bits2(0x0),Bits1(0x0),Bits2(0x0),Bits1(0x0),Bits8(0x00),Bits1(0x0),MultiCgraPayload_Cmd_Data_DataAddr_Ctrl_CtrlAddr(Bits6(0x03),CgraData_32_1_1_1(Bits32(0x00000000),Bits1(0x0),Bits1(0x0),Bits1(0x0)),Bits14(0x0000),CGRAConfig_7_4_2_4_4_3_4(Bits7(0x10),[Bits3(0x2), Bits3(0x1), Bits3(0x0), Bits3(0x0)],[Bits4(0x0), Bits4(0x0), Bits4(0x0), Bits4(0x0), Bits4(0x0), Bits4(0x1), Bits4(0x0), Bits4(0x0)],[Bits2(0x0), Bits2(0x0), Bits2(0x0), Bits2(0x0), Bits2(0x1), Bits2(0x0), Bits2(0x0), Bits2(0x0)],Bits3(0x0),Bits1(0x0),[Bits2(0x2), Bits2(0x0), Bits2(0x0), Bits2(0x0)],[Bits3(0x0), Bits3(0x0), Bits3(0x0), Bits3(0x0)],[Bits2(0x1), Bits2(0x0), Bits2(0x0), Bits2(0x0)],[Bits3(0x0), Bits3(0x0), Bits3(0x0), Bits3(0x0)]),Bits3(0x1))), IntraCgraPacket_4_4x1_16_8_2_CgraPayload(Bits5(0x00),Bits5(0x02),Bits2(0x0),Bits2(0x0),Bits2(0x0),Bits1(0x0),Bits2(0x0),Bits1(0x0),Bits8(0x00),Bits1(0x0),MultiCgraPayload_Cmd_Data_DataAddr_Ctrl_CtrlAddr(Bits6(0x03),CgraData_32_1_1_1(Bits32(0x00000000),Bits1(0x0),Bits1(0x0),Bits1(0x0)),Bits14(0x0000),CGRAConfig_7_4_2_4_4_3_4(Bits7(0x23),[Bits3(0x1), Bits3(0x0), Bits3(0x0), Bits3(0x0)],[Bits4(0x0), Bits4(0x0), Bits4(0x0), Bits4(0x0), Bits4(0x1), Bits4(0x0), Bits4(0x0), Bits4(0x0)],[Bits2(0x0), Bits2(0x0), Bits2(0x0), Bits2(0x0), Bits2(0x0), Bits2(0x0), Bits2(0x0), Bits2(0x0)],Bits3(0x0),Bits1(0x0),[Bits2(0x1), Bits2(0x0), Bits2(0x0), Bits2(0x0)],[Bits3(0x0), Bits3(0x0), Bits3(0x0), Bits3(0x0)],[Bits2(0x1), Bits2(0x0), Bits2(0x0), Bits2(0x0)],[Bits3(0x0), Bits3(0x0), Bits3(0x0), Bits3(0x0)]),Bits3(0x2))), IntraCgraPacket_4_4x1_16_8_2_CgraPayload(Bits5(0x00),Bits5(0x02),Bits2(0x0),Bits2(0x0),Bits2(0x0),Bits1(0x0),Bits2(0x0),Bits1(0x0),Bits8(0x00),Bits1(0x0),MultiCgraPayload_Cmd_Data_DataAddr_Ctrl_CtrlAddr(Bits6(0x03),CgraData_32_1_1_1(Bits32(0x00000000),Bits1(0x0),Bits1(0x0),Bits1(0x0)),Bits14(0x0000),CGRAConfig_7_4_2_4_4_3_4(Bits7(0x01),[Bits3(0x1), Bits3(0x2), Bits3(0x3), Bits3(0x4)],[Bits4(0x0), Bits4(0x0), Bits4(0x0), Bits4(0x0), Bits4(0x0), Bits4(0x0), Bits4(0x0), Bits4(0x0)],[Bits2(0x0), Bits2(0x0), Bits2(0x0), Bits2(0x0), Bits2(0x0), Bits2(0x0), Bits2(0x0), Bits2(0x0)],Bits3(0x0),Bits1(0x0),[Bits2(0x0), Bits2(0x0), Bits2(0x0), Bits2(0x0)],[Bits3(0x0), Bits3(0x0), Bits3(0x0), Bits3(0x0)],[Bits2(0x0), Bits2(0x0), Bits2(0x0), Bits2(0x0)],[Bits3(0x0), Bits3(0x0), Bits3(0x0), Bits3(0x0)]),Bits3(0x3))), IntraCgraPacket_4_4x1_16_8_2_CgraPayload(Bits5(0x00),Bits5(0x02),Bits2(0x0),Bits2(0x0),Bits2(0x0),Bits1(0x0),Bits2(0x0),Bits1(0x0),Bits8(0x00),Bits1(0x0),MultiCgraPayload_Cmd_Data_DataAddr_Ctrl_CtrlAddr(Bits6(0x03),CgraData_32_1_1_1(Bits32(0x00000000),Bits1(0x0),Bits1(0x0),Bits1(0x0)),Bits14(0x0000),CGRAConfig_7_4_2_4_4_3_4(Bits7(0x01),[Bits3(0x0), Bits3(0x0), Bits3(0x0), Bits3(0x0)],[Bits4(0x4), Bits4(0x0), Bits4(0x0), Bits4(0x0), Bits4(0x0), Bits4(0x0), Bits4(0x0), Bits4(0x0)],[Bits2(0x0), Bits2(0x0), Bits2(0x0), Bits2(0x0), Bits2(0x0), Bits2(0x0), Bits2(0x0), Bits2(0x0)],Bits3(0x0),Bits1(0x0),[Bits2(0x0), Bits2(0x0), Bits2(0x0), Bits2(0x0)],[Bits3(0x0), Bits3(0x0), Bits3(0x0), Bits3(0x0)],[Bits2(0x0), Bits2(0x0), Bits2(0x0), Bits2(0x0)],[Bits3(0x0), Bits3(0x0), Bits3(0x0), Bits3(0x0)]),Bits3(0x4))), IntraCgraPacket_4_4x1_16_8_2_CgraPayload(Bits5(0x00),Bits5(0x02),Bits2(0x0),Bits2(0x0),Bits2(0x0),Bits1(0x0),Bits2(0x0),Bits1(0x0),Bits8(0x00),Bits1(0x0),MultiCgraPayload_Cmd_Data_DataAddr_Ctrl_CtrlAddr(Bits6(0x04),CgraData_32_1_1_1(Bits32(0x00000002),Bits1(0x1),Bits1(0x0),Bits1(0x0)),Bits14(0x0000),CGRAConfig_7_4_2_4_4_3_4(Bits7(0x00),[Bits3(0x0), Bits3(0x0), Bits3(0x0), Bits3(0x0)],[Bits4(0x0), Bits4(0x0), Bits4(0x0), Bits4(0x0), Bits4(0x0), Bits4(0x0), Bits4(0x0), Bits4(0x0)],[Bits2(0x0), Bits2(0x0), Bits2(0x0), Bits2(0x0), Bits2(0x0), Bits2(0x0), Bits2(0x0), Bits2(0x0)],Bits3(0x0),Bits1(0x0),[Bits2(0x0), Bits2(0x0), Bits2(0x0), Bits2(0x0)],[Bits3(0x0), Bits3(0x0), Bits3(0x0), Bits3(0x0)],[Bits2(0x0), Bits2(0x0), Bits2(0x0), Bits2(0x0)],[Bits3(0x0), Bits3(0x0), Bits3(0x0), Bits3(0x0)]),Bits3(0x1))), IntraCgraPacket_4_4x1_16_8_2_CgraPayload(Bits5(0x00),Bits5(0x02),Bits2(0x0),Bits2(0x0),Bits2(0x0),Bits1(0x0),Bits2(0x0),Bits1(0x0),Bits8(0x00),Bits1(0x0),MultiCgraPayload_Cmd_Data_DataAddr_Ctrl_CtrlAddr(Bits6(0x05),CgraData_32_1_1_1(Bits32(0x00000002),Bits1(0x1),Bits1(0x0),Bits1(0x0)),Bits14(0x0000),CGRAConfig_7_4_2_4_4_3_4(Bits7(0x00),[Bits3(0x0), Bits3(0x0), Bits3(0x0), Bits3(0x0)],[Bits4(0x0), Bits4(0x0), Bits4(0x0), Bits4(0x0), Bits4(0x0), Bits4(0x0), Bits4(0x0), Bits4(0x0)],[Bits2(0x0), Bits2(0x0), Bits2(0x0), Bits2(0x0), Bits2(0x0), Bits2(0x0), Bits2(0x0), Bits2(0x0)],Bits3(0x0),Bits1(0x0),[Bits2(0x0), Bits2(0x0), Bits2(0x0), Bits2(0x0)],[Bits3(0x0), Bits3(0x0), Bits3(0x0), Bits3(0x0)],[Bits2(0x0), Bits2(0x0), Bits2(0x0), Bits2(0x0)],[Bits3(0x0), Bits3(0x0), Bits3(0x0), Bits3(0x0)]),Bits3(0x1))), IntraCgraPacket_4_4x1_16_8_2_CgraPayload(Bits5(0x00),Bits5(0x02),Bits2(0x0),Bits2(0x0),Bits2(0x0),Bits1(0x0),Bits2(0x0),Bits1(0x0),Bits8(0x00),Bits1(0x0),MultiCgraPayload_Cmd_Data_DataAddr_Ctrl_CtrlAddr(Bits6(0x06),CgraData_32_1_1_1(Bits32(0x00000002),Bits1(0x1),Bits1(0x0),Bits1(0x0)),Bits14(0x0000),CGRAConfig_7_4_2_4_4_3_4(Bits7(0x00),[Bits3(0x0), Bits3(0x0), Bits3(0x0), Bits3(0x0)],[Bits4(0x1), Bits4(0x0), Bits4(0x0), Bits4(0x0), Bits4(0x0), Bits4(0x0), Bits4(0x0), Bits4(0x0)],[Bits2(0x0), Bits2(0x0), Bits2(0x0), Bits2(0x0), Bits2(0x0), Bits2(0x0), Bits2(0x0), Bits2(0x0)],Bits3(0x0),Bits1(0x0),[Bits2(0x0), Bits2(0x0), Bits2(0x0), Bits2(0x0)],[Bits3(0x0), Bits3(0x0), Bits3(0x0), Bits3(0x0)],[Bits2(0x0), Bits2(0x0), Bits2(0x0), Bits2(0x0)],[Bits3(0x0), Bits3(0x0), Bits3(0x0), Bits3(0x0)]),Bits3(0x1))), IntraCgraPacket_4_4x1_16_8_2_CgraPayload(Bits5(0x00),Bits5(0x02),Bits2(0x0),Bits2(0x0),Bits2(0x0),Bits1(0x0),Bits2(0x0),Bits1(0x0),Bits8(0x00),Bits1(0x0),MultiCgraPayload_Cmd_Data_DataAddr_Ctrl_CtrlAddr(Bits6(0x04),CgraData_32_1_1_1(Bits32(0x00000002),Bits1(0x1),Bits1(0x0),Bits1(0x0)),Bits14(0x0000),CGRAConfig_7_4_2_4_4_3_4(Bits7(0x00),[Bits3(0x0), Bits3(0x0), Bits3(0x0), Bits3(0x0)],[Bits4(0x0), Bits4(0x0), Bits4(0x0), Bits4(0x0), Bits4(0x0), Bits4(0x0), Bits4(0x0), Bits4(0x0)],[Bits2(0x0), Bits2(0x0), Bits2(0x0), Bits2(0x0), Bits2(0x0), Bits2(0x0), Bits2(0x0), Bits2(0x0)],Bits3(0x0),Bits1(0x0),[Bits2(0x0), Bits2(0x0), Bits2(0x0), Bits2(0x0)],[Bits3(0x0), Bits3(0x0), Bits3(0x0), Bits3(0x0)],[Bits2(0x0), Bits2(0x0), Bits2(0x0), Bits2(0x0)],[Bits3(0x0), Bits3(0x0), Bits3(0x0), Bits3(0x0)]),Bits3(0x2))), IntraCgraPacket_4_4x1_16_8_2_CgraPayload(Bits5(0x00),Bits5(0x02),Bits2(0x0),Bits2(0x0),Bits2(0x0),Bits1(0x0),Bits2(0x0),Bits1(0x0),Bits8(0x00),Bits1(0x0),MultiCgraPayload_Cmd_Data_DataAddr_Ctrl_CtrlAddr(Bits6(0x05),CgraData_32_1_1_1(Bits32(0x00000002),Bits1(0x1),Bits1(0x0),Bits1(0x0)),Bits14(0x0000),CGRAConfig_7_4_2_4_4_3_4(Bits7(0x00),[Bits3(0x0), Bits3(0x0), Bits3(0x0), Bits3(0x0)],[Bits4(0x0), Bits4(0x0), Bits4(0x0), Bits4(0x0), Bits4(0x0), Bits4(0x0), Bits4(0x0), Bits4(0x0)],[Bits2(0x0), Bits2(0x0), Bits2(0x0), Bits2(0x0), Bits2(0x0), Bits2(0x0), Bits2(0x0), Bits2(0x0)],Bits3(0x0),Bits1(0x0),[Bits2(0x0), Bits2(0x0), Bits2(0x0), Bits2(0x0)],[Bits3(0x0), Bits3(0x0), Bits3(0x0), Bits3(0x0)],[Bits2(0x0), Bits2(0x0), Bits2(0x0), Bits2(0x0)],[Bits3(0x0), Bits3(0x0), Bits3(0x0), Bits3(0x0)]),Bits3(0x2))), IntraCgraPacket_4_4x1_16_8_2_CgraPayload(Bits5(0x00),Bits5(0x02),Bits2(0x0),Bits2(0x0),Bits2(0x0),Bits1(0x0),Bits2(0x0),Bits1(0x0),Bits8(0x00),Bits1(0x0),MultiCgraPayload_Cmd_Data_DataAddr_Ctrl_CtrlAddr(Bits6(0x06),CgraData_32_1_1_1(Bits32(0x00000001),Bits1(0x1),Bits1(0x0),Bits1(0x0)),Bits14(0x0000),CGRAConfig_7_4_2_4_4_3_4(Bits7(0x00),[Bits3(0x0), Bits3(0x0), Bits3(0x0), Bits3(0x0)],[Bits4(0x1), Bits4(0x0), Bits4(0x0), Bits4(0x0), Bits4(0x0), Bits4(0x0), Bits4(0x0), Bits4(0x0)],[Bits2(0x0), Bits2(0x0), Bits2(0x0), Bits2(0x0), Bits2(0x0), Bits2(0x0), Bits2(0x0), Bits2(0x0)],Bits3(0x0),Bits1(0x0),[Bits2(0x0), Bits2(0x0), Bits2(0x0), Bits2(0x0)],[Bits3(0x0), Bits3(0x0), Bits3(0x0), Bits3(0x0)],[Bits2(0x0), Bits2(0x0), Bits2(0x0), Bits2(0x0)],[Bits3(0x0), Bits3(0x0), Bits3(0x0), Bits3(0x0)]),Bits3(0x2))), IntraCgraPacket_4_4x1_16_8_2_CgraPayload(Bits5(0x00),Bits5(0x02),Bits2(0x0),Bits2(0x0),Bits2(0x0),Bits1(0x0),Bits2(0x0),Bits1(0x0),Bits8(0x00),Bits1(0x0),MultiCgraPayload_Cmd_Data_DataAddr_Ctrl_CtrlAddr(Bits6(0x04),CgraData_32_1_1_1(Bits32(0x00000001),Bits1(0x1),Bits1(0x0),Bits1(0x0)),Bits14(0x0000),CGRAConfig_7_4_2_4_4_3_4(Bits7(0x00),[Bits3(0x0), Bits3(0x0), Bits3(0x0), Bits3(0x0)],[Bits4(0x0), Bits4(0x0), Bits4(0x0), Bits4(0x0), Bits4(0x0), Bits4(0x0), Bits4(0x0), Bits4(0x0)],[Bits2(0x0), Bits2(0x0), Bits2(0x0), Bits2(0x0), Bits2(0x0), Bits2(0x0), Bits2(0x0), Bits2(0x0)],Bits3(0x0),Bits1(0x0),[Bits2(0x0), Bits2(0x0), Bits2(0x0), Bits2(0x0)],[Bits3(0x0), Bits3(0x0), Bits3(0x0), Bits3(0x0)],[Bits2(0x0), Bits2(0x0), Bits2(0x0), Bits2(0x0)],[Bits3(0x0), Bits3(0x0), Bits3(0x0), Bits3(0x0)]),Bits3(0x4))), IntraCgraPacket_4_4x1_16_8_2_CgraPayload(Bits5(0x00),Bits5(0x02),Bits2(0x0),Bits2(0x0),Bits2(0x0),Bits1(0x0),Bits2(0x0),Bits1(0x0),Bits8(0x00),Bits1(0x0),MultiCgraPayload_Cmd_Data_DataAddr_Ctrl_CtrlAddr(Bits6(0x05),CgraData_32_1_1_1(Bits32(0x00000001),Bits1(0x1),Bits1(0x0),Bits1(0x0)),Bits14(0x0000),CGRAConfig_7_4_2_4_4_3_4(Bits7(0x00),[Bits3(0x0), Bits3(0x0), Bits3(0x0), Bits3(0x0)],[Bits4(0x0), Bits4(0x0), Bits4(0x0), Bits4(0x0), Bits4(0x0), Bits4(0x0), Bits4(0x0), Bits4(0x0)],[Bits2(0x0), Bits2(0x0), Bits2(0x0), Bits2(0x0), Bits2(0x0), Bits2(0x0), Bits2(0x0), Bits2(0x0)],Bits3(0x0),Bits1(0x0),[Bits2(0x0), Bits2(0x0), Bits2(0x0), Bits2(0x0)],[Bits3(0x0), Bits3(0x0), Bits3(0x0), Bits3(0x0)],[Bits2(0x0), Bits2(0x0), Bits2(0x0), Bits2(0x0)],[Bits3(0x0), Bits3(0x0), Bits3(0x0), Bits3(0x0)]),Bits3(0x4))), IntraCgraPacket_4_4x1_16_8_2_CgraPayload(Bits5(0x00),Bits5(0x02),Bits2(0x0),Bits2(0x0),Bits2(0x0),Bits1(0x0),Bits2(0x0),Bits1(0x0),Bits8(0x00),Bits1(0x0),MultiCgraPayload_Cmd_Data_DataAddr_Ctrl_CtrlAddr(Bits6(0x06),CgraData_32_1_1_1(Bits32(0x00000001),Bits1(0x1),Bits1(0x0),Bits1(0x0)),Bits14(0x0000),CGRAConfig_7_4_2_4_4_3_4(Bits7(0x00),[Bits3(0x0), Bits3(0x0), Bits3(0x0), Bits3(0x0)],[Bits4(0x4), Bits4(0x0), Bits4(0x0), Bits4(0x0), Bits4(0x0), Bits4(0x0), Bits4(0x0), Bits4(0x0)],[Bits2(0x0), Bits2(0x0), Bits2(0x0), Bits2(0x0), Bits2(0x0), Bits2(0x0), Bits2(0x0), Bits2(0x0)],Bits3(0x0),Bits1(0x0),[Bits2(0x0), Bits2(0x0), Bits2(0x0), Bits2(0x0)],[Bits3(0x0), Bits3(0x0), Bits3(0x0), Bits3(0x0)],[Bits2(0x0), Bits2(0x0), Bits2(0x0), Bits2(0x0)],[Bits3(0x0), Bits3(0x0), Bits3(0x0), Bits3(0x0)]),Bits3(0x4))), IntraCgraPacket_4_4x1_16_8_2_CgraPayload(Bits5(0x00),Bits5(0x02),Bits2(0x0),Bits2(0x0),Bits2(0x0),Bits1(0x0),Bits2(0x0),Bits1(0x0),Bits8(0x00),Bits1(0x0),MultiCgraPayload_Cmd_Data_DataAddr_Ctrl_CtrlAddr(Bits6(0x00),CgraData_32_1_1_1(Bits32(0x00000000),Bits1(0x0),Bits1(0x0),Bits1(0x0)),Bits14(0x0000),CGRAConfig_7_4_2_4_4_3_4(Bits7(0x00),[Bits3(0x0), Bits3(0x0), Bits3(0x0), Bits3(0x0)],[Bits4(0x0), Bits4(0x0), Bits4(0x0), Bits4(0x0), Bits4(0x0), Bits4(0x0), Bits4(0x0), Bits4(0x0)],[Bits2(0x0), Bits2(0x0), Bits2(0x0), Bits2(0x0), Bits2(0x0), Bits2(0x0), Bits2(0x0), Bits2(0x0)],Bits3(0x0),Bits1(0x0),[Bits2(0x0), Bits2(0x0), Bits2(0x0), Bits2(0x0)],[Bits3(0x0), Bits3(0x0), Bits3(0x0), Bits3(0x0)],[Bits2(0x0), Bits2(0x0), Bits2(0x0), Bits2(0x0)],[Bits3(0x0), Bits3(0x0), Bits3(0x0), Bits3(0x0)]),Bits3(0x0)))], [IntraCgraPacket_4_4x1_16_8_2_CgraPayload(Bits5(0x00),Bits5(0x03),Bits2(0x0),Bits2(0x0),Bits2(0x0),Bits1(0x0),Bits2(0x0),Bits1(0x0),Bits8(0x00),Bits1(0x0),MultiCgraPayload_Cmd_Data_DataAddr_Ctrl_CtrlAddr(Bits6(0x08),CgraData_32_1_1_1(Bits32(0x00000005),Bits1(0x1),Bits1(0x0),Bits1(0x0)),Bits14(0x0000),CGRAConfig_7_4_2_4_4_3_4(Bits7(0x00),[Bits3(0x0), Bits3(0x0), Bits3(0x0), Bits3(0x0)],[Bits4(0x0), Bits4(0x0), Bits4(0x0), Bits4(0x0), Bits4(0x0), Bits4(0x0), Bits4(0x0), Bits4(0x0)],[Bits2(0x0), Bits2(0x0), Bits2(0x0), Bits2(0x0), Bits2(0x0), Bits2(0x0), Bits2(0x0), Bits2(0x0)],Bits3(0x0),Bits1(0x0),[Bits2(0x0), Bits2(0x0), Bits2(0x0), Bits2(0x0)],[Bits3(0x0), Bits3(0x0), Bits3(0x0), Bits3(0x0)],[Bits2(0x0), Bits2(0x0), Bits2(0x0), Bits2(0x0)],[Bits3(0x0), Bits3(0x0), Bits3(0x0), Bits3(0x0)]),Bits3(0x0))), IntraCgraPacket_4_4x1_16_8_2_CgraPayload(Bits5(0x00),Bits5(0x03),Bits2(0x0),Bits2(0x0),Bits2(0x0),Bits1(0x0),Bits2(0x0),Bits1(0x0),Bits8(0x00),Bits1(0x0),MultiCgraPayload_Cmd_Data_DataAddr_Ctrl_CtrlAddr(Bits6(0x07),CgraData_32_1_1_1(Bits32(0x00000028),Bits1(0x1),Bits1(0x0),Bits1(0x0)),Bits14(0x0000),CGRAConfig_7_4_2_4_4_3_4(Bits7(0x00),[Bits3(0x0), Bits3(0x0), Bits3(0x0), Bits3(0x0)],[Bits4(0x0), Bits4(0x0), Bits4(0x0), Bits4(0x0), Bits4(0x0), Bits4(0x0), Bits4(0x0), Bits4(0x0)],[Bits2(0x0), Bits2(0x0), Bits2(0x0), Bits2(0x0), Bits2(0x0), Bits2(0x0), Bits2(0x0), Bits2(0x0)],Bits3(0x0),Bits1(0x0),[Bits2(0x0), Bits2(0x0), Bits2(0x0), Bits2(0x0)],[Bits3(0x0), Bits3(0x0), Bits3(0x0), Bits3(0x0)],[Bits2(0x0), Bits2(0x0), Bits2(0x0), Bits2(0x0)],[Bits3(0x0), Bits3(0x0), Bits3(0x0), Bits3(0x0)]),Bits3(0x0))), IntraCgraPacket_4_4x1_16_8_2_CgraPayload(Bits5(0x00),Bits5(0x03),Bits2(0x0),Bits2(0x0),Bits2(0x0),Bits1(0x0),Bits2(0x0),Bits1(0x0),Bits8(0x00),Bits1(0x0),MultiCgraPayload_Cmd_Data_DataAddr_Ctrl_CtrlAddr(Bits6(0x03),CgraData_32_1_1_1(Bits32(0x00000000),Bits1(0x0),Bits1(0x0),Bits1(0x0)),Bits14(0x0000),CGRAConfig_7_4_2_4_4_3_4(Bits7(0x01),[Bits3(0x1), Bits3(0x2), Bits3(0x3), Bits3(0x4)],[Bits4(0x0), Bits4(0x0), Bits4(0x0), Bits4(0x0), Bits4(0x0), Bits4(0x0), Bits4(0x0), Bits4(0x0)],[Bits2(0x0), Bits2(0x0), Bits2(0x0), Bits2(0x0), Bits2(0x0), Bits2(0x0), Bits2(0x0), Bits2(0x0)],Bits3(0x0),Bits1(0x0),[Bits2(0x0), Bits2(0x0), Bits2(0x0), Bits2(0x0)],[Bits3(0x0), Bits3(0x0), Bits3(0x0), Bits3(0x0)],[Bits2(0x0), Bits2(0x0), Bits2(0x0), Bits2(0x0)],[Bits3(0x0), Bits3(0x0), Bits3(0x0), Bits3(0x0)]),Bits3(0x0))), IntraCgraPacket_4_4x1_16_8_2_CgraPayload(Bits5(0x00),Bits5(0x03),Bits2(0x0),Bits2(0x0),Bits2(0x0),Bits1(0x0),Bits2(0x0),Bits1(0x0),Bits8(0x00),Bits1(0x0),MultiCgraPayload_Cmd_Data_DataAddr_Ctrl_CtrlAddr(Bits6(0x03),CgraData_32_1_1_1(Bits32(0x00000000),Bits1(0x0),Bits1(0x0),Bits1(0x0)),Bits14(0x0000),CGRAConfig_7_4_2_4_4_3_4(Bits7(0x0c),[Bits3(0x1), Bits3(0x0), Bits3(0x0), Bits3(0x0)],[Bits4(0x0), Bits4(0x0), Bits4(0x0), Bits4(0x0), Bits4(0x1), Bits4(0x0), Bits4(0x0), Bits4(0x0)],[Bits2(0x0), Bits2(0x0), Bits2(0x0), Bits2(0x0), Bits2(0x1), Bits2(0x0), Bits2(0x0), Bits2(0x0)],Bits3(0x0),Bits1(0x0),[Bits2(0x2), Bits2(0x0), Bits2(0x0), Bits2(0x0)],[Bits3(0x0), Bits3(0x0), Bits3(0x0), Bits3(0x0)],[Bits2(0x0), Bits2(0x0), Bits2(0x0), Bits2(0x0)],[Bits3(0x0), Bits3(0x0), Bits3(0x0), Bits3(0x0)]),Bits3(0x1))), IntraCgraPacket_4_4x1_16_8_2_CgraPayload(Bits5(0x00),Bits5(0x03),Bits2(0x0),Bits2(0x0),Bits2(0x0),Bits1(0x0),Bits2(0x0),Bits1(0x0),Bits8(0x00),Bits1(0x0),MultiCgraPayload_Cmd_Data_DataAddr_Ctrl_CtrlAddr(Bits6(0x03),CgraData_32_1_1_1(Bits32(0x00000000),Bits1(0x0),Bits1(0x0),Bits1(0x0)),Bits14(0x0000),CGRAConfig_7_4_2_4_4_3_4(Bits7(0x0c),[Bits3(0x1), Bits3(0x0), Bits3(0x0), Bits3(0x0)],[Bits4(0x0), Bits4(0x0), Bits4(0x0), Bits4(0x0), Bits4(0x1), Bits4(0x0), Bits4(0x0), Bits4(0x0)],[Bits2(0x0), Bits2(0x0), Bits2(0x0), Bits2(0x0), Bits2(0x0), Bits2(0x1), Bits2(0x0), Bits2(0x0)],Bits3(0x0),Bits1(0x0),[Bits2(0x0), Bits2(0x2), Bits2(0x0), Bits2(0x0)],[Bits3(0x0), Bits3(0x0), Bits3(0x0), Bits3(0x0)],[Bits2(0x0), Bits2(0x0), Bits2(0x0), Bits2(0x0)],[Bits3(0x0), Bits3(0x0), Bits3(0x0), Bits3(0x0)]),Bits3(0x2))), IntraCgraPacket_4_4x1_16_8_2_CgraPayload(Bits5(0x00),Bits5(0x03),Bits2(0x0),Bits2(0x0),Bits2(0x0),Bits1(0x0),Bits2(0x0),Bits1(0x0),Bits8(0x00),Bits1(0x0),MultiCgraPayload_Cmd_Data_DataAddr_Ctrl_CtrlAddr(Bits6(0x03),CgraData_32_1_1_1(Bits32(0x00000000),Bits1(0x0),Bits1(0x0),Bits1(0x0)),Bits14(0x0000),CGRAConfig_7_4_2_4_4_3_4(Bits7(0x07),[Bits3(0x1), Bits3(0x2), Bits3(0x0), Bits3(0x0)],[Bits4(0x0), Bits4(0x0), Bits4(0x0), Bits4(0x0), Bits4(0x0), Bits4(0x0), Bits4(0x0), Bits4(0x0)],[Bits2(0x0), Bits2(0x0), Bits2(0x1), Bits2(0x0), Bits2(0x0), Bits2(0x0), Bits2(0x0), Bits2(0x0)],Bits3(0x0),Bits1(0x0),[Bits2(0x0), Bits2(0x0), Bits2(0x0), Bits2(0x0)],[Bits3(0x0), Bits3(0x0), Bits3(0x0), Bits3(0x0)],[Bits2(0x1), Bits2(0x1), Bits2(0x0), Bits2(0x0)],[Bits3(0x0), Bits3(0x0), Bits3(0x0), Bits3(0x0)]),Bits3(0x3))), IntraCgraPacket_4_4x1_16_8_2_CgraPayload(Bits5(0x00),Bits5(0x03),Bits2(0x0),Bits2(0x0),Bits2(0x0),Bits1(0x0),Bits2(0x0),Bits1(0x0),Bits8(0x00),Bits1(0x0),MultiCgraPayload_Cmd_Data_DataAddr_Ctrl_CtrlAddr(Bits6(0x03),CgraData_32_1_1_1(Bits32(0x00000000),Bits1(0x0),Bits1(0x0),Bits1(0x0)),Bits14(0x0000),CGRAConfig_7_4_2_4_4_3_4(Bits7(0x01),[Bits3(0x1), Bits3(0x2), Bits3(0x3), Bits3(0x4)],[Bits4(0x0), Bits4(0x0), Bits4(0x0), Bits4(0x0), Bits4(0x0), Bits4(0x0), Bits4(0x0), Bits4(0x0)],[Bits2(0x0), Bits2(0x0), Bits2(0x0), Bits2(0x0), Bits2(0x0), Bits2(0x0), Bits2(0x0), Bits2(0x0)],Bits3(0x0),Bits1(0x0),[Bits2(0x0), Bits2(0x0), Bits2(0x0), Bits2(0x0)],[Bits3(0x0), Bits3(0x0), Bits3(0x0), Bits3(0x0)],[Bits2(0x0), Bits2(0x0), Bits2(0x0), Bits2(0x0)],[Bits3(0x0), Bits3(0x0), Bits3(0x0), Bits3(0x0)]),Bits3(0x4))), IntraCgraPacket_4_4x1_16_8_2_CgraPayload(Bits5(0x00),Bits5(0x03),Bits2(0x0),Bits2(0x0),Bits2(0x0),Bits1(0x0),Bits2(0x0),Bits1(0x0),Bits8(0x00),Bits1(0x0),MultiCgraPayload_Cmd_Data_DataAddr_Ctrl_CtrlAddr(Bits6(0x04),CgraData_32_1_1_1(Bits32(0x00000001),Bits1(0x1),Bits1(0x0),Bits1(0x0)),Bits14(0x0000),CGRAConfig_7_4_2_4_4_3_4(Bits7(0x00),[Bits3(0x0), Bits3(0x0), Bits3(0x0), Bits3(0x0)],[Bits4(0x0), Bits4(0x0), Bits4(0x0), Bits4(0x0), Bits4(0x0), Bits4(0x0), Bits4(0x0), Bits4(0x0)],[Bits2(0x0), Bits2(0x0), Bits2(0x0), Bits2(0x0), Bits2(0x0), Bits2(0x0), Bits2(0x0), Bits2(0x0)],Bits3(0x0),Bits1(0x0),[Bits2(0x0), Bits2(0x0), Bits2(0x0), Bits2(0x0)],[Bits3(0x0), Bits3(0x0), Bits3(0x0), Bits3(0x0)],[Bits2(0x0), Bits2(0x0), Bits2(0x0), Bits2(0x0)],[Bits3(0x0), Bits3(0x0), Bits3(0x0), Bits3(0x0)]),Bits3(0x1))), IntraCgraPacket_4_4x1_16_8_2_CgraPayload(Bits5(0x00),Bits5(0x03),Bits2(0x0),Bits2(0x0),Bits2(0x0),Bits1(0x0),Bits2(0x0),Bits1(0x0),Bits8(0x00),Bits1(0x0),MultiCgraPayload_Cmd_Data_DataAddr_Ctrl_CtrlAddr(Bits6(0x05),CgraData_32_1_1_1(Bits32(0x00000001),Bits1(0x1),Bits1(0x0),Bits1(0x0)),Bits14(0x0000),CGRAConfig_7_4_2_4_4_3_4(Bits7(0x00),[Bits3(0x0), Bits3(0x0), Bits3(0x0), Bits3(0x0)],[Bits4(0x0), Bits4(0x0), Bits4(0x0), Bits4(0x0), Bits4(0x0), Bits4(0x0), Bits4(0x0), Bits4(0x0)],[Bits2(0x0), Bits2(0x0), Bits2(0x0), Bits2(0x0), Bits2(0x0), Bits2(0x0), Bits2(0x0), Bits2(0x0)],Bits3(0x0),Bits1(0x0),[Bits2(0x0), Bits2(0x0), Bits2(0x0), Bits2(0x0)],[Bits3(0x0), Bits3(0x0), Bits3(0x0), Bits3(0x0)],[Bits2(0x0), Bits2(0x0), Bits2(0x0), Bits2(0x0)],[Bits3(0x0), Bits3(0x0), Bits3(0x0), Bits3(0x0)]),Bits3(0x1))), IntraCgraPacket_4_4x1_16_8_2_CgraPayload(Bits5(0x00),Bits5(0x03),Bits2(0x0),Bits2(0x0),Bits2(0x0),Bits1(0x0),Bits2(0x0),Bits1(0x0),Bits8(0x00),Bits1(0x0),MultiCgraPayload_Cmd_Data_DataAddr_Ctrl_CtrlAddr(Bits6(0x06),CgraData_32_1_1_1(Bits32(0x00000001),Bits1(0x1),Bits1(0x0),Bits1(0x0)),Bits14(0x0000),CGRAConfig_7_4_2_4_4_3_4(Bits7(0x00),[Bits3(0x0), Bits3(0x0), Bits3(0x0), Bits3(0x0)],[Bits4(0x1), Bits4(0x0), Bits4(0x0), Bits4(0x0), Bits4(0x0), Bits4(0x0), Bits4(0x0), Bits4(0x0)],[Bits2(0x0), Bits2(0x0), Bits2(0x0), Bits2(0x0), Bits2(0x0), Bits2(0x0), Bits2(0x0), Bits2(0x0)],Bits3(0x0),Bits1(0x0),[Bits2(0x0), Bits2(0x0), Bits2(0x0), Bits2(0x0)],[Bits3(0x0), Bits3(0x0), Bits3(0x0), Bits3(0x0)],[Bits2(0x0), Bits2(0x0), Bits2(0x0), Bits2(0x0)],[Bits3(0x0), Bits3(0x0), Bits3(0x0), Bits3(0x0)]),Bits3(0x1))), IntraCgraPacket_4_4x1_16_8_2_CgraPayload(Bits5(0x00),Bits5(0x03),Bits2(0x0),Bits2(0x0),Bits2(0x0),Bits1(0x0),Bits2(0x0),Bits1(0x0),Bits8(0x00),Bits1(0x0),MultiCgraPayload_Cmd_Data_DataAddr_Ctrl_CtrlAddr(Bits6(0x04),CgraData_32_1_1_1(Bits32(0x00000001),Bits1(0x1),Bits1(0x0),Bits1(0x0)),Bits14(0x0000),CGRAConfig_7_4_2_4_4_3_4(Bits7(0x00),[Bits3(0x0), Bits3(0x0), Bits3(0x0), Bits3(0x0)],[Bits4(0x0), Bits4(0x0), Bits4(0x0), Bits4(0x0), Bits4(0x0), Bits4(0x0), Bits4(0x0), Bits4(0x0)],[Bits2(0x0), Bits2(0x0), Bits2(0x0), Bits2(0x0), Bits2(0x0), Bits2(0x0), Bits2(0x0), Bits2(0x0)],Bits3(0x0),Bits1(0x0),[Bits2(0x0), Bits2(0x0), Bits2(0x0), Bits2(0x0)],[Bits3(0x0), Bits3(0x0), Bits3(0x0), Bits3(0x0)],[Bits2(0x0), Bits2(0x0), Bits2(0x0), Bits2(0x0)],[Bits3(0x0), Bits3(0x0), Bits3(0x0), Bits3(0x0)]),Bits3(0x2))), IntraCgraPacket_4_4x1_16_8_2_CgraPayload(Bits5(0x00),Bits5(0x03),Bits2(0x0),Bits2(0x0),Bits2(0x0),Bits1(0x0),Bits2(0x0),Bits1(0x0),Bits8(0x00),Bits1(0x0),MultiCgraPayload_Cmd_Data_DataAddr_Ctrl_CtrlAddr(Bits6(0x05),CgraData_32_1_1_1(Bits32(0x00000001),Bits1(0x1),Bits1(0x0),Bits1(0x0)),Bits14(0x0000),CGRAConfig_7_4_2_4_4_3_4(Bits7(0x00),[Bits3(0x0), Bits3(0x0), Bits3(0x0), Bits3(0x0)],[Bits4(0x0), Bits4(0x0), Bits4(0x0), Bits4(0x0), Bits4(0x0), Bits4(0x0), Bits4(0x0), Bits4(0x0)],[Bits2(0x0), Bits2(0x0), Bits2(0x0), Bits2(0x0), Bits2(0x0), Bits2(0x0), Bits2(0x0), Bits2(0x0)],Bits3(0x0),Bits1(0x0),[Bits2(0x0), Bits2(0x0), Bits2(0x0), Bits2(0x0)],[Bits3(0x0), Bits3(0x0), Bits3(0x0), Bits3(0x0)],[Bits2(0x0), Bits2(0x0), Bits2(0x0), Bits2(0x0)],[Bits3(0x0), Bits3(0x0), Bits3(0x0), Bits3(0x0)]),Bits3(0x2))), IntraCgraPacket_4_4x1_16_8_2_CgraPayload(Bits5(0x00),Bits5(0x03),Bits2(0x0),Bits2(0x0),Bits2(0x0),Bits1(0x0),Bits2(0x0),Bits1(0x0),Bits8(0x00),Bits1(0x0),MultiCgraPayload_Cmd_Data_DataAddr_Ctrl_CtrlAddr(Bits6(0x06),CgraData_32_1_1_1(Bits32(0x00000001),Bits1(0x1),Bits1(0x0),Bits1(0x0)),Bits14(0x0000),CGRAConfig_7_4_2_4_4_3_4(Bits7(0x00),[Bits3(0x0), Bits3(0x0), Bits3(0x0), Bits3(0x0)],[Bits4(0x1), Bits4(0x0), Bits4(0x0), Bits4(0x0), Bits4(0x0), Bits4(0x0), Bits4(0x0), Bits4(0x0)],[Bits2(0x0), Bits2(0x0), Bits2(0x0), Bits2(0x0), Bits2(0x0), Bits2(0x0), Bits2(0x0), Bits2(0x0)],Bits3(0x0),Bits1(0x0),[Bits2(0x0), Bits2(0x0), Bits2(0x0), Bits2(0x0)],[Bits3(0x0), Bits3(0x0), Bits3(0x0), Bits3(0x0)],[Bits2(0x0), Bits2(0x0), Bits2(0x0), Bits2(0x0)],[Bits3(0x0), Bits3(0x0), Bits3(0x0), Bits3(0x0)]),Bits3(0x2))), IntraCgraPacket_4_4x1_16_8_2_CgraPayload(Bits5(0x00),Bits5(0x03),Bits2(0x0),Bits2(0x0),Bits2(0x0),Bits1(0x0),Bits2(0x0),Bits1(0x0),Bits8(0x00),Bits1(0x0),MultiCgraPayload_Cmd_Data_DataAddr_Ctrl_CtrlAddr(Bits6(0x04),CgraData_32_1_1_1(Bits32(0x00000001),Bits1(0x1),Bits1(0x0),Bits1(0x0)),Bits14(0x0000),CGRAConfig_7_4_2_4_4_3_4(Bits7(0x00),[Bits3(0x0), Bits3(0x0), Bits3(0x0), Bits3(0x0)],[Bits4(0x0), Bits4(0x0), Bits4(0x0), Bits4(0x0), Bits4(0x0), Bits4(0x0), Bits4(0x0), Bits4(0x0)],[Bits2(0x0), Bits2(0x0), Bits2(0x0), Bits2(0x0), Bits2(0x0), Bits2(0x0), Bits2(0x0), Bits2(0x0)],Bits3(0x0),Bits1(0x0),[Bits2(0x0), Bits2(0x0), Bits2(0x0), Bits2(0x0)],[Bits3(0x0), Bits3(0x0), Bits3(0x0), Bits3(0x0)],[Bits2(0x0), Bits2(0x0), Bits2(0x0), Bits2(0x0)],[Bits3(0x0), Bits3(0x0), Bits3(0x0), Bits3(0x0)]),Bits3(0x3))), IntraCgraPacket_4_4x1_16_8_2_CgraPayload(Bits5(0x00),Bits5(0x03),Bits2(0x0),Bits2(0x0),Bits2(0x0),Bits1(0x0),Bits2(0x0),Bits1(0x0),Bits8(0x00),Bits1(0x0),MultiCgraPayload_Cmd_Data_DataAddr_Ctrl_CtrlAddr(Bits6(0x05),CgraData_32_1_1_1(Bits32(0x00000001),Bits1(0x1),Bits1(0x0),Bits1(0x0)),Bits14(0x0000),CGRAConfig_7_4_2_4_4_3_4(Bits7(0x00),[Bits3(0x0), Bits3(0x0), Bits3(0x0), Bits3(0x0)],[Bits4(0x0), Bits4(0x0), Bits4(0x0), Bits4(0x0), Bits4(0x0), Bits4(0x0), Bits4(0x0), Bits4(0x0)],[Bits2(0x0), Bits2(0x0), Bits2(0x0), Bits2(0x0), Bits2(0x0), Bits2(0x0), Bits2(0x0), Bits2(0x0)],Bits3(0x0),Bits1(0x0),[Bits2(0x0), Bits2(0x0), Bits2(0x0), Bits2(0x0)],[Bits3(0x0), Bits3(0x0), Bits3(0x0), Bits3(0x0)],[Bits2(0x0), Bits2(0x0), Bits2(0x0), Bits2(0x0)],[Bits3(0x0), Bits3(0x0), Bits3(0x0), Bits3(0x0)]),Bits3(0x3))), IntraCgraPacket_4_4x1_16_8_2_CgraPayload(Bits5(0x00),Bits5(0x03),Bits2(0x0),Bits2(0x0),Bits2(0x0),Bits1(0x0),Bits2(0x0),Bits1(0x0),Bits8(0x00),Bits1(0x0),MultiCgraPayload_Cmd_Data_DataAddr_Ctrl_CtrlAddr(Bits6(0x00),CgraData_32_1_1_1(Bits32(0x00000000),Bits1(0x0),Bits1(0x0),Bits1(0x0)),Bits14(0x0000),CGRAConfig_7_4_2_4_4_3_4(Bits7(0x00),[Bits3(0x0), Bits3(0x0), Bits3(0x0), Bits3(0x0)],[Bits4(0x0), Bits4(0x0), Bits4(0x0), Bits4(0x0), Bits4(0x0), Bits4(0x0), Bits4(0x0), Bits4(0x0)],[Bits2(0x0), Bits2(0x0), Bits2(0x0), Bits2(0x0), Bits2(0x0), Bits2(0x0), Bits2(0x0), Bits2(0x0)],Bits3(0x0),Bits1(0x0),[Bits2(0x0), Bits2(0x0), Bits2(0x0), Bits2(0x0)],[Bits3(0x0), Bits3(0x0), Bits3(0x0), Bits3(0x0)],[Bits2(0x0), Bits2(0x0), Bits2(0x0), Bits2(0x0)],[Bits3(0x0), Bits3(0x0), Bits3(0x0), Bits3(0x0)]),Bits3(0x0)))], [IntraCgraPacket_4_4x1_16_8_2_CgraPayload(Bits5(0x00),Bits5(0x05),Bits2(0x0),Bits2(0x0),Bits2(0x0),Bits1(0x0),Bits2(0x0),Bits1(0x0),Bits8(0x00),Bits1(0x0),MultiCgraPayload_Cmd_Data_DataAddr_Ctrl_CtrlAddr(Bits6(0x08),CgraData_32_1_1_1(Bits32(0x00000005),Bits1(0x1),Bits1(0x0),Bits1(0x0)),Bits14(0x0000),CGRAConfig_7_4_2_4_4_3_4(Bits7(0x00),[Bits3(0x0), Bits3(0x0), Bits3(0x0), Bits3(0x0)],[Bits4(0x0), Bits4(0x0), Bits4(0x0), Bits4(0x0), Bits4(0x0), Bits4(0x0), Bits4(0x0), Bits4(0x0)],[Bits2(0x0), Bits2(0x0), Bits2(0x0), Bits2(0x0), Bits2(0x0), Bits2(0x0), Bits2(0x0), Bits2(0x0)],Bits3(0x0),Bits1(0x0),[Bits2(0x0), Bits2(0x0), Bits2(0x0), Bits2(0x0)],[Bits3(0x0), Bits3(0x0), Bits3(0x0), Bits3(0x0)],[Bits2(0x0), Bits2(0x0), Bits2(0x0), Bits2(0x0)],[Bits3(0x0), Bits3(0x0), Bits3(0x0), Bits3(0x0)]),Bits3(0x0))), IntraCgraPacket_4_4x1_16_8_2_CgraPayload(Bits5(0x00),Bits5(0x05),Bits2(0x0),Bits2(0x0),Bits2(0x0),Bits1(0x0),Bits2(0x0),Bits1(0x0),Bits8(0x00),Bits1(0x0),MultiCgraPayload_Cmd_Data_DataAddr_Ctrl_CtrlAddr(Bits6(0x07),CgraData_32_1_1_1(Bits32(0x00000028),Bits1(0x1),Bits1(0x0),Bits1(0x0)),Bits14(0x0000),CGRAConfig_7_4_2_4_4_3_4(Bits7(0x00),[Bits3(0x0), Bits3(0x0), Bits3(0x0), Bits3(0x0)],[Bits4(0x0), Bits4(0x0), Bits4(0x0), Bits4(0x0), Bits4(0x0), Bits4(0x0), Bits4(0x0), Bits4(0x0)],[Bits2(0x0), Bits2(0x0), Bits2(0x0), Bits2(0x0), Bits2(0x0), Bits2(0x0), Bits2(0x0), Bits2(0x0)],Bits3(0x0),Bits1(0x0),[Bits2(0x0), Bits2(0x0), Bits2(0x0), Bits2(0x0)],[Bits3(0x0), Bits3(0x0), Bits3(0x0), Bits3(0x0)],[Bits2(0x0), Bits2(0x0), Bits2(0x0), Bits2(0x0)],[Bits3(0x0), Bits3(0x0), Bits3(0x0), Bits3(0x0)]),Bits3(0x0))), IntraCgraPacket_4_4x1_16_8_2_CgraPayload(Bits5(0x00),Bits5(0x05),Bits2(0x0),Bits2(0x0),Bits2(0x0),Bits1(0x0),Bits2(0x0),Bits1(0x0),Bits8(0x00),Bits1(0x0),MultiCgraPayload_Cmd_Data_DataAddr_Ctrl_CtrlAddr(Bits6(0x03),CgraData_32_1_1_1(Bits32(0x00000000),Bits1(0x0),Bits1(0x0),Bits1(0x0)),Bits14(0x0000),CGRAConfig_7_4_2_4_4_3_4(Bits7(0x01),[Bits3(0x1), Bits3(0x2), Bits3(0x3), Bits3(0x4)],[Bits4(0x0), Bits4(0x0), Bits4(0x0), Bits4(0x0), Bits4(0x0), Bits4(0x0), Bits4(0x0), Bits4(0x0)],[Bits2(0x0), Bits2(0x0), Bits2(0x0), Bits2(0x0), Bits2(0x0), Bits2(0x0), Bits2(0x0), Bits2(0x0)],Bits3(0x0),Bits1(0x0),[Bits2(0x0), Bits2(0x0), Bits2(0x0), Bits2(0x0)],[Bits3(0x0), Bits3(0x0), Bits3(0x0), Bits3(0x0)],[Bits2(0x0), Bits2(0x0), Bits2(0x0), Bits2(0x0)],[Bits3(0x0), Bits3(0x0), Bits3(0x0), Bits3(0x0)]),Bits3(0x0))), IntraCgraPacket_4_4x1_16_8_2_CgraPayload(Bits5(0x00),Bits5(0x05),Bits2(0x0),Bits2(0x0),Bits2(0x0),Bits1(0x0),Bits2(0x0),Bits1(0x0),Bits8(0x00),Bits1(0x0),MultiCgraPayload_Cmd_Data_DataAddr_Ctrl_CtrlAddr(Bits6(0x03),CgraData_32_1_1_1(Bits32(0x00000000),Bits1(0x0),Bits1(0x0),Bits1(0x0)),Bits14(0x0000),CGRAConfig_7_4_2_4_4_3_4(Bits7(0x10),[Bits3(0x2), Bits3(0x1), Bits3(0x0), Bits3(0x0)],[Bits4(0x0), Bits4(0x0), Bits4(0x0), Bits4(0x0), Bits4(0x1), Bits4(0x4), Bits4(0x0), Bits4(0x0)],[Bits2(0x1), Bits2(0x0), Bits2(0x0), Bits2(0x0), Bits2(0x0), Bits2(0x0), Bits2(0x0), Bits2(0x0)],Bits3(0x0),Bits1(0x0),[Bits2(0x1), Bits2(0x0), Bits2(0x0), Bits2(0x0)],[Bits3(0x0), Bits3(0x0), Bits3(0x0), Bits3(0x0)],[Bits2(0x1), Bits2(0x0), Bits2(0x0), Bits2(0x0)],[Bits3(0x0), Bits3(0x0), Bits3(0x0), Bits3(0x0)]),Bits3(0x1))), IntraCgraPacket_4_4x1_16_8_2_CgraPayload(Bits5(0x00),Bits5(0x05),Bits2(0x0),Bits2(0x0),Bits2(0x0),Bits1(0x0),Bits2(0x0),Bits1(0x0),Bits8(0x00),Bits1(0x0),MultiCgraPayload_Cmd_Data_DataAddr_Ctrl_CtrlAddr(Bits6(0x03),CgraData_32_1_1_1(Bits32(0x00000000),Bits1(0x0),Bits1(0x0),Bits1(0x0)),Bits14(0x0000),CGRAConfig_7_4_2_4_4_3_4(Bits7(0x01),[Bits3(0x1), Bits3(0x2), Bits3(0x3), Bits3(0x4)],[Bits4(0x0), Bits4(0x0), Bits4(0x0), Bits4(0x0), Bits4(0x0), Bits4(0x0), Bits4(0x0), Bits4(0x0)],[Bits2(0x0), Bits2(0x0), Bits2(0x0), Bits2(0x0), Bits2(0x0), Bits2(0x0), Bits2(0x0), Bits2(0x0)],Bits3(0x0),Bits1(0x0),[Bits2(0x0), Bits2(0x0), Bits2(0x0), Bits2(0x0)],[Bits3(0x0), Bits3(0x0), Bits3(0x0), Bits3(0x0)],[Bits2(0x0), Bits2(0x0), Bits2(0x0), Bits2(0x0)],[Bits3(0x0), Bits3(0x0), Bits3(0x0), Bits3(0x0)]),Bits3(0x2))), IntraCgraPacket_4_4x1_16_8_2_CgraPayload(Bits5(0x00),Bits5(0x05),Bits2(0x0),Bits2(0x0),Bits2(0x0),Bits1(0x0),Bits2(0x0),Bits1(0x0),Bits8(0x00),Bits1(0x0),MultiCgraPayload_Cmd_Data_DataAddr_Ctrl_CtrlAddr(Bits6(0x03),CgraData_32_1_1_1(Bits32(0x00000000),Bits1(0x0),Bits1(0x0),Bits1(0x0)),Bits14(0x0000),CGRAConfig_7_4_2_4_4_3_4(Bits7(0x01),[Bits3(0x1), Bits3(0x2), Bits3(0x3), Bits3(0x4)],[Bits4(0x0), Bits4(0x0), Bits4(0x0), Bits4(0x0), Bits4(0x0), Bits4(0x0), Bits4(0x0), Bits4(0x0)],[Bits2(0x0), Bits2(0x0), Bits2(0x0), Bits2(0x0), Bits2(0x0), Bits2(0x0), Bits2(0x0), Bits2(0x0)],Bits3(0x0),Bits1(0x0),[Bits2(0x0), Bits2(0x0), Bits2(0x0), Bits2(0x0)],[Bits3(0x0), Bits3(0x0), Bits3(0x0), Bits3(0x0)],[Bits2(0x0), Bits2(0x0), Bits2(0x0), Bits2(0x0)],[Bits3(0x0), Bits3(0x0), Bits3(0x0), Bits3(0x0)]),Bits3(0x3))), IntraCgraPacket_4_4x1_16_8_2_CgraPayload(Bits5(0x00),Bits5(0x05),Bits2(0x0),Bits2(0x0),Bits2(0x0),Bits1(0x0),Bits2(0x0),Bits1(0x0),Bits8(0x00),Bits1(0x0),MultiCgraPayload_Cmd_Data_DataAddr_Ctrl_CtrlAddr(Bits6(0x03),CgraData_32_1_1_1(Bits32(0x00000000),Bits1(0x0),Bits1(0x0),Bits1(0x0)),Bits14(0x0000),CGRAConfig_7_4_2_4_4_3_4(Bits7(0x01),[Bits3(0x1), Bits3(0x2), Bits3(0x3), Bits3(0x4)],[Bits4(0x0), Bits4(0x0), Bits4(0x0), Bits4(0x0), Bits4(0x0), Bits4(0x0), Bits4(0x0), Bits4(0x0)],[Bits2(0x0), Bits2(0x0), Bits2(0x0), Bits2(0x0), Bits2(0x0), Bits2(0x0), Bits2(0x0), Bits2(0x0)],Bits3(0x0),Bits1(0x0),[Bits2(0x0), Bits2(0x0), Bits2(0x0), Bits2(0x0)],[Bits3(0x0), Bits3(0x0), Bits3(0x0), Bits3(0x0)],[Bits2(0x0), Bits2(0x0), Bits2(0x0), Bits2(0x0)],[Bits3(0x0), Bits3(0x0), Bits3(0x0), Bits3(0x0)]),Bits3(0x4))), IntraCgraPacket_4_4x1_16_8_2_CgraPayload(Bits5(0x00),Bits5(0x05),Bits2(0x0),Bits2(0x0),Bits2(0x0),Bits1(0x0),Bits2(0x0),Bits1(0x0),Bits8(0x00),Bits1(0x0),MultiCgraPayload_Cmd_Data_DataAddr_Ctrl_CtrlAddr(Bits6(0x04),CgraData_32_1_1_1(Bits32(0x00000002),Bits1(0x1),Bits1(0x0),Bits1(0x0)),Bits14(0x0000),CGRAConfig_7_4_2_4_4_3_4(Bits7(0x00),[Bits3(0x0), Bits3(0x0), Bits3(0x0), Bits3(0x0)],[Bits4(0x0), Bits4(0x0), Bits4(0x0), Bits4(0x0), Bits4(0x0), Bits4(0x0), Bits4(0x0), Bits4(0x0)],[Bits2(0x0), Bits2(0x0), Bits2(0x0), Bits2(0x0), Bits2(0x0), Bits2(0x0), Bits2(0x0), Bits2(0x0)],Bits3(0x0),Bits1(0x0),[Bits2(0x0), Bits2(0x0), Bits2(0x0), Bits2(0x0)],[Bits3(0x0), Bits3(0x0), Bits3(0x0), Bits3(0x0)],[Bits2(0x0), Bits2(0x0), Bits2(0x0), Bits2(0x0)],[Bits3(0x0), Bits3(0x0), Bits3(0x0), Bits3(0x0)]),Bits3(0x1))), IntraCgraPacket_4_4x1_16_8_2_CgraPayload(Bits5(0x00),Bits5(0x05),Bits2(0x0),Bits2(0x0),Bits2(0x0),Bits1(0x0),Bits2(0x0),Bits1(0x0),Bits8(0x00),Bits1(0x0),MultiCgraPayload_Cmd_Data_DataAddr_Ctrl_CtrlAddr(Bits6(0x05),CgraData_32_1_1_1(Bits32(0x00000002),Bits1(0x1),Bits1(0x0),Bits1(0x0)),Bits14(0x0000),CGRAConfig_7_4_2_4_4_3_4(Bits7(0x00),[Bits3(0x0), Bits3(0x0), Bits3(0x0), Bits3(0x0)],[Bits4(0x0), Bits4(0x0), Bits4(0x0), Bits4(0x0), Bits4(0x0), Bits4(0x0), Bits4(0x0), Bits4(0x0)],[Bits2(0x0), Bits2(0x0), Bits2(0x0), Bits2(0x0), Bits2(0x0), Bits2(0x0), Bits2(0x0), Bits2(0x0)],Bits3(0x0),Bits1(0x0),[Bits2(0x0), Bits2(0x0), Bits2(0x0), Bits2(0x0)],[Bits3(0x0), Bits3(0x0), Bits3(0x0), Bits3(0x0)],[Bits2(0x0), Bits2(0x0), Bits2(0x0), Bits2(0x0)],[Bits3(0x0), Bits3(0x0), Bits3(0x0), Bits3(0x0)]),Bits3(0x1))), IntraCgraPacket_4_4x1_16_8_2_CgraPayload(Bits5(0x00),Bits5(0x05),Bits2(0x0),Bits2(0x0),Bits2(0x0),Bits1(0x0),Bits2(0x0),Bits1(0x0),Bits8(0x00),Bits1(0x0),MultiCgraPayload_Cmd_Data_DataAddr_Ctrl_CtrlAddr(Bits6(0x06),CgraData_32_1_1_1(Bits32(0x00000001),Bits1(0x1),Bits1(0x0),Bits1(0x0)),Bits14(0x0000),CGRAConfig_7_4_2_4_4_3_4(Bits7(0x00),[Bits3(0x0), Bits3(0x0), Bits3(0x0), Bits3(0x0)],[Bits4(0x1), Bits4(0x0), Bits4(0x0), Bits4(0x0), Bits4(0x0), Bits4(0x0), Bits4(0x0), Bits4(0x0)],[Bits2(0x0), Bits2(0x0), Bits2(0x0), Bits2(0x0), Bits2(0x0), Bits2(0x0), Bits2(0x0), Bits2(0x0)],Bits3(0x0),Bits1(0x0),[Bits2(0x0), Bits2(0x0), Bits2(0x0), Bits2(0x0)],[Bits3(0x0), Bits3(0x0), Bits3(0x0), Bits3(0x0)],[Bits2(0x0), Bits2(0x0), Bits2(0x0), Bits2(0x0)],[Bits3(0x0), Bits3(0x0), Bits3(0x0), Bits3(0x0)]),Bits3(0x1))), IntraCgraPacket_4_4x1_16_8_2_CgraPayload(Bits5(0x00),Bits5(0x05),Bits2(0x0),Bits2(0x0),Bits2(0x0),Bits1(0x0),Bits2(0x0),Bits1(0x0),Bits8(0x00),Bits1(0x0),MultiCgraPayload_Cmd_Data_DataAddr_Ctrl_CtrlAddr(Bits6(0x06),CgraData_32_1_1_1(Bits32(0x00000002),Bits1(0x1),Bits1(0x0),Bits1(0x0)),Bits14(0x0000),CGRAConfig_7_4_2_4_4_3_4(Bits7(0x00),[Bits3(0x0), Bits3(0x0), Bits3(0x0), Bits3(0x0)],[Bits4(0x4), Bits4(0x0), Bits4(0x0), Bits4(0x0), Bits4(0x0), Bits4(0x0), Bits4(0x0), Bits4(0x0)],[Bits2(0x0), Bits2(0x0), Bits2(0x0), Bits2(0x0), Bits2(0x0), Bits2(0x0), Bits2(0x0), Bits2(0x0)],Bits3(0x0),Bits1(0x0),[Bits2(0x0), Bits2(0x0), Bits2(0x0), Bits2(0x0)],[Bits3(0x0), Bits3(0x0), Bits3(0x0), Bits3(0x0)],[Bits2(0x0), Bits2(0x0), Bits2(0x0), Bits2(0x0)],[Bits3(0x0), Bits3(0x0), Bits3(0x0), Bits3(0x0)]),Bits3(0x1))), IntraCgraPacket_4_4x1_16_8_2_CgraPayload(Bits5(0x00),Bits5(0x05),Bits2(0x0),Bits2(0x0),Bits2(0x0),Bits1(0x0),Bits2(0x0),Bits1(0x0),Bits8(0x00),Bits1(0x0),MultiCgraPayload_Cmd_Data_DataAddr_Ctrl_CtrlAddr(Bits6(0x00),CgraData_32_1_1_1(Bits32(0x00000000),Bits1(0x0),Bits1(0x0),Bits1(0x0)),Bits14(0x0000),CGRAConfig_7_4_2_4_4_3_4(Bits7(0x00),[Bits3(0x0), Bits3(0x0), Bits3(0x0), Bits3(0x0)],[Bits4(0x0), Bits4(0x0), Bits4(0x0), Bits4(0x0), Bits4(0x0), Bits4(0x0), Bits4(0x0), Bits4(0x0)],[Bits2(0x0), Bits2(0x0), Bits2(0x0), Bits2(0x0), Bits2(0x0), Bits2(0x0), Bits2(0x0), Bits2(0x0)],Bits3(0x0),Bits1(0x0),[Bits2(0x0), Bits2(0x0), Bits2(0x0), Bits2(0x0)],[Bits3(0x0), Bits3(0x0), Bits3(0x0), Bits3(0x0)],[Bits2(0x0), Bits2(0x0), Bits2(0x0), Bits2(0x0)],[Bits3(0x0), Bits3(0x0), Bits3(0x0), Bits3(0x0)]),Bits3(0x0)))], [IntraCgraPacket_4_4x1_16_8_2_CgraPayload(Bits5(0x00),Bits5(0x06),Bits2(0x0),Bits2(0x0),Bits2(0x0),Bits1(0x0),Bits2(0x0),Bits1(0x0),Bits8(0x00),Bits1(0x0),MultiCgraPayload_Cmd_Data_DataAddr_Ctrl_CtrlAddr(Bits6(0x08),CgraData_32_1_1_1(Bits32(0x00000005),Bits1(0x1),Bits1(0x0),Bits1(0x0)),Bits14(0x0000),CGRAConfig_7_4_2_4_4_3_4(Bits7(0x00),[Bits3(0x0), Bits3(0x0), Bits3(0x0), Bits3(0x0)],[Bits4(0x0), Bits4(0x0), Bits4(0x0), Bits4(0x0), Bits4(0x0), Bits4(0x0), Bits4(0x0), Bits4(0x0)],[Bits2(0x0), Bits2(0x0), Bits2(0x0), Bits2(0x0), Bits2(0x0), Bits2(0x0), Bits2(0x0), Bits2(0x0)],Bits3(0x0),Bits1(0x0),[Bits2(0x0), Bits2(0x0), Bits2(0x0), Bits2(0x0)],[Bits3(0x0), Bits3(0x0), Bits3(0x0), Bits3(0x0)],[Bits2(0x0), Bits2(0x0), Bits2(0x0), Bits2(0x0)],[Bits3(0x0), Bits3(0x0), Bits3(0x0), Bits3(0x0)]),Bits3(0x0))), IntraCgraPacket_4_4x1_16_8_2_CgraPayload(Bits5(0x00),Bits5(0x06),Bits2(0x0),Bits2(0x0),Bits2(0x0),Bits1(0x0),Bits2(0x0),Bits1(0x0),Bits8(0x00),Bits1(0x0),MultiCgraPayload_Cmd_Data_DataAddr_Ctrl_CtrlAddr(Bits6(0x07),CgraData_32_1_1_1(Bits32(0x00000028),Bits1(0x1),Bits1(0x0),Bits1(0x0)),Bits14(0x0000),CGRAConfig_7_4_2_4_4_3_4(Bits7(0x00),[Bits3(0x0), Bits3(0x0), Bits3(0x0), Bits3(0x0)],[Bits4(0x0), Bits4(0x0), Bits4(0x0), Bits4(0x0), Bits4(0x0), Bits4(0x0), Bits4(0x0), Bits4(0x0)],[Bits2(0x0), Bits2(0x0), Bits2(0x0), Bits2(0x0), Bits2(0x0), Bits2(0x0), Bits2(0x0), Bits2(0x0)],Bits3(0x0),Bits1(0x0),[Bits2(0x0), Bits2(0x0), Bits2(0x0), Bits2(0x0)],[Bits3(0x0), Bits3(0x0), Bits3(0x0), Bits3(0x0)],[Bits2(0x0), Bits2(0x0), Bits2(0x0), Bits2(0x0)],[Bits3(0x0), Bits3(0x0), Bits3(0x0), Bits3(0x0)]),Bits3(0x0))), IntraCgraPacket_4_4x1_16_8_2_CgraPayload(Bits5(0x00),Bits5(0x06),Bits2(0x0),Bits2(0x0),Bits2(0x0),Bits1(0x0),Bits2(0x0),Bits1(0x0),Bits8(0x00),Bits1(0x0),MultiCgraPayload_Cmd_Data_DataAddr_Ctrl_CtrlAddr(Bits6(0x03),CgraData_32_1_1_1(Bits32(0x00000000),Bits1(0x0),Bits1(0x0),Bits1(0x0)),Bits14(0x0000),CGRAConfig_7_4_2_4_4_3_4(Bits7(0x02),[Bits3(0x2), Bits3(0x1), Bits3(0x0), Bits3(0x0)],[Bits4(0x0), Bits4(0x0), Bits4(0x0), Bits4(0x0), Bits4(0x0), Bits4(0x2), Bits4(0x0), Bits4(0x0)],[Bits2(0x0), Bits2(0x1), Bits2(0x1), Bits2(0x0), Bits2(0x0), Bits2(0x0), Bits2(0x0), Bits2(0x0)],Bits3(0x0),Bits1(0x0),[Bits2(0x0), Bits2(0x0), Bits2(0x0), Bits2(0x0)],[Bits3(0x0), Bits3(0x0), Bits3(0x0), Bits3(0x0)],[Bits2(0x1), Bits2(0x0), Bits2(0x0), Bits2(0x0)],[Bits3(0x0), Bits3(0x0), Bits3(0x0), Bits3(0x0)]),Bits3(0x0))), IntraCgraPacket_4_4x1_16_8_2_CgraPayload(Bits5(0x00),Bits5(0x06),Bits2(0x0),Bits2(0x0),Bits2(0x0),Bits1(0x0),Bits2(0x0),Bits1(0x0),Bits8(0x00),Bits1(0x0),MultiCgraPayload_Cmd_Data_DataAddr_Ctrl_CtrlAddr(Bits6(0x03),CgraData_32_1_1_1(Bits32(0x00000000),Bits1(0x0),Bits1(0x0),Bits1(0x0)),Bits14(0x0000),CGRAConfig_7_4_2_4_4_3_4(Bits7(0x01),[Bits3(0x0), Bits3(0x0), Bits3(0x0), Bits3(0x0)],[Bits4(0x0), Bits4(0x1), Bits4(0x0), Bits4(0x0), Bits4(0x0), Bits4(0x0), Bits4(0x0), Bits4(0x0)],[Bits2(0x0), Bits2(0x0), Bits2(0x0), Bits2(0x0), Bits2(0x0), Bits2(0x0), Bits2(0x0), Bits2(0x0)],Bits3(0x0),Bits1(0x0),[Bits2(0x0), Bits2(0x0), Bits2(0x0), Bits2(0x0)],[Bits3(0x0), Bits3(0x0), Bits3(0x0), Bits3(0x0)],[Bits2(0x0), Bits2(0x0), Bits2(0x0), Bits2(0x0)],[Bits3(0x0), Bits3(0x0), Bits3(0x0), Bits3(0x0)]),Bits3(0x1))), IntraCgraPacket_4_4x1_16_8_2_CgraPayload(Bits5(0x00),Bits5(0x06),Bits2(0x0),Bits2(0x0),Bits2(0x0),Bits1(0x0),Bits2(0x0),Bits1(0x0),Bits8(0x00),Bits1(0x0),MultiCgraPayload_Cmd_Data_DataAddr_Ctrl_CtrlAddr(Bits6(0x03),CgraData_32_1_1_1(Bits32(0x00000000),Bits1(0x0),Bits1(0x0),Bits1(0x0)),Bits14(0x0000),CGRAConfig_7_4_2_4_4_3_4(Bits7(0x01),[Bits3(0x1), Bits3(0x2), Bits3(0x3), Bits3(0x4)],[Bits4(0x0), Bits4(0x0), Bits4(0x0), Bits4(0x0), Bits4(0x0), Bits4(0x0), Bits4(0x0), Bits4(0x0)],[Bits2(0x0), Bits2(0x0), Bits2(0x0), Bits2(0x0), Bits2(0x0), Bits2(0x0), Bits2(0x0), Bits2(0x0)],Bits3(0x0),Bits1(0x0),[Bits2(0x0), Bits2(0x0), Bits2(0x0), Bits2(0x0)],[Bits3(0x0), Bits3(0x0), Bits3(0x0), Bits3(0x0)],[Bits2(0x0), Bits2(0x0), Bits2(0x0), Bits2(0x0)],[Bits3(0x0), Bits3(0x0), Bits3(0x0), Bits3(0x0)]),Bits3(0x2))), IntraCgraPacket_4_4x1_16_8_2_CgraPayload(Bits5(0x00),Bits5(0x06),Bits2(0x0),Bits2(0x0),Bits2(0x0),Bits1(0x0),Bits2(0x0),Bits1(0x0),Bits8(0x00),Bits1(0x0),MultiCgraPayload_Cmd_Data_DataAddr_Ctrl_CtrlAddr(Bits6(0x03),CgraData_32_1_1_1(Bits32(0x00000000),Bits1(0x0),Bits1(0x0),Bits1(0x0)),Bits14(0x0000),CGRAConfig_7_4_2_4_4_3_4(Bits7(0x01),[Bits3(0x1), Bits3(0x2), Bits3(0x3), Bits3(0x4)],[Bits4(0x0), Bits4(0x0), Bits4(0x0), Bits4(0x0), Bits4(0x0), Bits4(0x0), Bits4(0x0), Bits4(0x0)],[Bits2(0x0), Bits2(0x0), Bits2(0x0), Bits2(0x0), Bits2(0x0), Bits2(0x0), Bits2(0x0), Bits2(0x0)],Bits3(0x0),Bits1(0x0),[Bits2(0x0), Bits2(0x0), Bits2(0x0), Bits2(0x0)],[Bits3(0x0), Bits3(0x0), Bits3(0x0), Bits3(0x0)],[Bits2(0x0), Bits2(0x0), Bits2(0x0), Bits2(0x0)],[Bits3(0x0), Bits3(0x0), Bits3(0x0), Bits3(0x0)]),Bits3(0x3))), IntraCgraPacket_4_4x1_16_8_2_CgraPayload(Bits5(0x00),Bits5(0x06),Bits2(0x0),Bits2(0x0),Bits2(0x0),Bits1(0x0),Bits2(0x0),Bits1(0x0),Bits8(0x00),Bits1(0x0),MultiCgraPayload_Cmd_Data_DataAddr_Ctrl_CtrlAddr(Bits6(0x03),CgraData_32_1_1_1(Bits32(0x00000000),Bits1(0x0),Bits1(0x0),Bits1(0x0)),Bits14(0x0000),CGRAConfig_7_4_2_4_4_3_4(Bits7(0x01),[Bits3(0x0), Bits3(0x0), Bits3(0x0), Bits3(0x0)],[Bits4(0x0), Bits4(0x0), Bits4(0x0), Bits4(0x0), Bits4(0x1), Bits4(0x0), Bits4(0x0), Bits4(0x0)],[Bits2(0x0), Bits2(0x0), Bits2(0x0), Bits2(0x0), Bits2(0x0), Bits2(0x0), Bits2(0x0), Bits2(0x0)],Bits3(0x0),Bits1(0x0),[Bits2(0x1), Bits2(0x0), Bits2(0x0), Bits2(0x0)],[Bits3(0x0), Bits3(0x0), Bits3(0x0), Bits3(0x0)],[Bits2(0x0), Bits2(0x0), Bits2(0x0), Bits2(0x0)],[Bits3(0x0), Bits3(0x0), Bits3(0x0), Bits3(0x0)]),Bits3(0x4))), IntraCgraPacket_4_4x1_16_8_2_CgraPayload(Bits5(0x00),Bits5(0x06),Bits2(0x0),Bits2(0x0),Bits2(0x0),Bits1(0x0),Bits2(0x0),Bits1(0x0),Bits8(0x00),Bits1(0x0),MultiCgraPayload_Cmd_Data_DataAddr_Ctrl_CtrlAddr(Bits6(0x04),CgraData_32_1_1_1(Bits32(0x00000002),Bits1(0x1),Bits1(0x0),Bits1(0x0)),Bits14(0x0000),CGRAConfig_7_4_2_4_4_3_4(Bits7(0x00),[Bits3(0x0), Bits3(0x0), Bits3(0x0), Bits3(0x0)],[Bits4(0x0), Bits4(0x0), Bits4(0x0), Bits4(0x0), Bits4(0x0), Bits4(0x0), Bits4(0x0), Bits4(0x0)],[Bits2(0x0), Bits2(0x0), Bits2(0x0), Bits2(0x0), Bits2(0x0), Bits2(0x0), Bits2(0x0), Bits2(0x0)],Bits3(0x0),Bits1(0x0),[Bits2(0x0), Bits2(0x0), Bits2(0x0), Bits2(0x0)],[Bits3(0x0), Bits3(0x0), Bits3(0x0), Bits3(0x0)],[Bits2(0x0), Bits2(0x0), Bits2(0x0), Bits2(0x0)],[Bits3(0x0), Bits3(0x0), Bits3(0x0), Bits3(0x0)]),Bits3(0x0))), IntraCgraPacket_4_4x1_16_8_2_CgraPayload(Bits5(0x00),Bits5(0x06),Bits2(0x0),Bits2(0x0),Bits2(0x0),Bits1(0x0),Bits2(0x0),Bits1(0x0),Bits8(0x00),Bits1(0x0),MultiCgraPayload_Cmd_Data_DataAddr_Ctrl_CtrlAddr(Bits6(0x05),CgraData_32_1_1_1(Bits32(0x00000002),Bits1(0x1),Bits1(0x0),Bits1(0x0)),Bits14(0x0000),CGRAConfig_7_4_2_4_4_3_4(Bits7(0x00),[Bits3(0x0), Bits3(0x0), Bits3(0x0), Bits3(0x0)],[Bits4(0x0), Bits4(0x0), Bits4(0x0), Bits4(0x0), Bits4(0x0), Bits4(0x0), Bits4(0x0), Bits4(0x0)],[Bits2(0x0), Bits2(0x0), Bits2(0x0), Bits2(0x0), Bits2(0x0), Bits2(0x0), Bits2(0x0), Bits2(0x0)],Bits3(0x0),Bits1(0x0),[Bits2(0x0), Bits2(0x0), Bits2(0x0), Bits2(0x0)],[Bits3(0x0), Bits3(0x0), Bits3(0x0), Bits3(0x0)],[Bits2(0x0), Bits2(0x0), Bits2(0x0), Bits2(0x0)],[Bits3(0x0), Bits3(0x0), Bits3(0x0), Bits3(0x0)]),Bits3(0x0))), IntraCgraPacket_4_4x1_16_8_2_CgraPayload(Bits5(0x00),Bits5(0x06),Bits2(0x0),Bits2(0x0),Bits2(0x0),Bits1(0x0),Bits2(0x0),Bits1(0x0),Bits8(0x00),Bits1(0x0),MultiCgraPayload_Cmd_Data_DataAddr_Ctrl_CtrlAddr(Bits6(0x06),CgraData_32_1_1_1(Bits32(0x00000002),Bits1(0x1),Bits1(0x0),Bits1(0x0)),Bits14(0x0000),CGRAConfig_7_4_2_4_4_3_4(Bits7(0x00),[Bits3(0x0), Bits3(0x0), Bits3(0x0), Bits3(0x0)],[Bits4(0x2), Bits4(0x0), Bits4(0x0), Bits4(0x0), Bits4(0x0), Bits4(0x0), Bits4(0x0), Bits4(0x0)],[Bits2(0x0), Bits2(0x0), Bits2(0x0), Bits2(0x0), Bits2(0x0), Bits2(0x0), Bits2(0x0), Bits2(0x0)],Bits3(0x0),Bits1(0x0),[Bits2(0x0), Bits2(0x0), Bits2(0x0), Bits2(0x0)],[Bits3(0x0), Bits3(0x0), Bits3(0x0), Bits3(0x0)],[Bits2(0x0), Bits2(0x0), Bits2(0x0), Bits2(0x0)],[Bits3(0x0), Bits3(0x0), Bits3(0x0), Bits3(0x0)]),Bits3(0x0))), IntraCgraPacket_4_4x1_16_8_2_CgraPayload(Bits5(0x00),Bits5(0x06),Bits2(0x0),Bits2(0x0),Bits2(0x0),Bits1(0x0),Bits2(0x0),Bits1(0x0),Bits8(0x00),Bits1(0x0),MultiCgraPayload_Cmd_Data_DataAddr_Ctrl_CtrlAddr(Bits6(0x04),CgraData_32_1_1_1(Bits32(0x00000001),Bits1(0x1),Bits1(0x0),Bits1(0x0)),Bits14(0x0000),CGRAConfig_7_4_2_4_4_3_4(Bits7(0x00),[Bits3(0x0), Bits3(0x0), Bits3(0x0), Bits3(0x0)],[Bits4(0x0), Bits4(0x0), Bits4(0x0), Bits4(0x0), Bits4(0x0), Bits4(0x0), Bits4(0x0), Bits4(0x0)],[Bits2(0x0), Bits2(0x0), Bits2(0x0), Bits2(0x0), Bits2(0x0), Bits2(0x0), Bits2(0x0), Bits2(0x0)],Bits3(0x0),Bits1(0x0),[Bits2(0x0), Bits2(0x0), Bits2(0x0), Bits2(0x0)],[Bits3(0x0), Bits3(0x0), Bits3(0x0), Bits3(0x0)],[Bits2(0x0), Bits2(0x0), Bits2(0x0), Bits2(0x0)],[Bits3(0x0), Bits3(0x0), Bits3(0x0), Bits3(0x0)]),Bits3(0x1))), IntraCgraPacket_4_4x1_16_8_2_CgraPayload(Bits5(0x00),Bits5(0x06),Bits2(0x0),Bits2(0x0),Bits2(0x0),Bits1(0x0),Bits2(0x0),Bits1(0x0),Bits8(0x00),Bits1(0x0),MultiCgraPayload_Cmd_Data_DataAddr_Ctrl_CtrlAddr(Bits6(0x05),CgraData_32_1_1_1(Bits32(0x00000001),Bits1(0x1),Bits1(0x0),Bits1(0x0)),Bits14(0x0000),CGRAConfig_7_4_2_4_4_3_4(Bits7(0x00),[Bits3(0x0), Bits3(0x0), Bits3(0x0), Bits3(0x0)],[Bits4(0x0), Bits4(0x0), Bits4(0x0), Bits4(0x0), Bits4(0x0), Bits4(0x0), Bits4(0x0), Bits4(0x0)],[Bits2(0x0), Bits2(0x0), Bits2(0x0), Bits2(0x0), Bits2(0x0), Bits2(0x0), Bits2(0x0), Bits2(0x0)],Bits3(0x0),Bits1(0x0),[Bits2(0x0), Bits2(0x0), Bits2(0x0), Bits2(0x0)],[Bits3(0x0), Bits3(0x0), Bits3(0x0), Bits3(0x0)],[Bits2(0x0), Bits2(0x0), Bits2(0x0), Bits2(0x0)],[Bits3(0x0), Bits3(0x0), Bits3(0x0), Bits3(0x0)]),Bits3(0x1))), IntraCgraPacket_4_4x1_16_8_2_CgraPayload(Bits5(0x00),Bits5(0x06),Bits2(0x0),Bits2(0x0),Bits2(0x0),Bits1(0x0),Bits2(0x0),Bits1(0x0),Bits8(0x00),Bits1(0x0),MultiCgraPayload_Cmd_Data_DataAddr_Ctrl_CtrlAddr(Bits6(0x06),CgraData_32_1_1_1(Bits32(0x00000001),Bits1(0x1),Bits1(0x0),Bits1(0x0)),Bits14(0x0000),CGRAConfig_7_4_2_4_4_3_4(Bits7(0x00),[Bits3(0x0), Bits3(0x0), Bits3(0x0), Bits3(0x0)],[Bits4(0x1), Bits4(0x0), Bits4(0x0), Bits4(0x0), Bits4(0x0), Bits4(0x0), Bits4(0x0), Bits4(0x0)],[Bits2(0x0), Bits2(0x0), Bits2(0x0), Bits2(0x0), Bits2(0x0), Bits2(0x0), Bits2(0x0), Bits2(0x0)],Bits3(0x0),Bits1(0x0),[Bits2(0x0), Bits2(0x0), Bits2(0x0), Bits2(0x0)],[Bits3(0x0), Bits3(0x0), Bits3(0x0), Bits3(0x0)],[Bits2(0x0), Bits2(0x0), Bits2(0x0), Bits2(0x0)],[Bits3(0x0), Bits3(0x0), Bits3(0x0), Bits3(0x0)]),Bits3(0x1))), IntraCgraPacket_4_4x1_16_8_2_CgraPayload(Bits5(0x00),Bits5(0x06),Bits2(0x0),Bits2(0x0),Bits2(0x0),Bits1(0x0),Bits2(0x0),Bits1(0x0),Bits8(0x00),Bits1(0x0),MultiCgraPayload_Cmd_Data_DataAddr_Ctrl_CtrlAddr(Bits6(0x04),CgraData_32_1_1_1(Bits32(0x00000001),Bits1(0x1),Bits1(0x0),Bits1(0x0)),Bits14(0x0000),CGRAConfig_7_4_2_4_4_3_4(Bits7(0x00),[Bits3(0x0), Bits3(0x0), Bits3(0x0), Bits3(0x0)],[Bits4(0x0), Bits4(0x0), Bits4(0x0), Bits4(0x0), Bits4(0x0), Bits4(0x0), Bits4(0x0), Bits4(0x0)],[Bits2(0x0), Bits2(0x0), Bits2(0x0), Bits2(0x0), Bits2(0x0), Bits2(0x0), Bits2(0x0), Bits2(0x0)],Bits3(0x0),Bits1(0x0),[Bits2(0x0), Bits2(0x0), Bits2(0x0), Bits2(0x0)],[Bits3(0x0), Bits3(0x0), Bits3(0x0), Bits3(0x0)],[Bits2(0x0), Bits2(0x0), Bits2(0x0), Bits2(0x0)],[Bits3(0x0), Bits3(0x0), Bits3(0x0), Bits3(0x0)]),Bits3(0x4))), IntraCgraPacket_4_4x1_16_8_2_CgraPayload(Bits5(0x00),Bits5(0x06),Bits2(0x0),Bits2(0x0),Bits2(0x0),Bits1(0x0),Bits2(0x0),Bits1(0x0),Bits8(0x00),Bits1(0x0),MultiCgraPayload_Cmd_Data_DataAddr_Ctrl_CtrlAddr(Bits6(0x05),CgraData_32_1_1_1(Bits32(0x00000001),Bits1(0x1),Bits1(0x0),Bits1(0x0)),Bits14(0x0000),CGRAConfig_7_4_2_4_4_3_4(Bits7(0x00),[Bits3(0x0), Bits3(0x0), Bits3(0x0), Bits3(0x0)],[Bits4(0x0), Bits4(0x0), Bits4(0x0), Bits4(0x0), Bits4(0x0), Bits4(0x0), Bits4(0x0), Bits4(0x0)],[Bits2(0x0), Bits2(0x0), Bits2(0x0), Bits2(0x0), Bits2(0x0), Bits2(0x0), Bits2(0x0), Bits2(0x0)],Bits3(0x0),Bits1(0x0),[Bits2(0x0), Bits2(0x0), Bits2(0x0), Bits2(0x0)],[Bits3(0x0), Bits3(0x0), Bits3(0x0), Bits3(0x0)],[Bits2(0x0), Bits2(0x0), Bits2(0x0), Bits2(0x0)],[Bits3(0x0), Bits3(0x0), Bits3(0x0), Bits3(0x0)]),Bits3(0x4))), IntraCgraPacket_4_4x1_16_8_2_CgraPayload(Bits5(0x00),Bits5(0x06),Bits2(0x0),Bits2(0x0),Bits2(0x0),Bits1(0x0),Bits2(0x0),Bits1(0x0),Bits8(0x00),Bits1(0x0),MultiCgraPayload_Cmd_Data_DataAddr_Ctrl_CtrlAddr(Bits6(0x06),CgraData_32_1_1_1(Bits32(0x00000001),Bits1(0x1),Bits1(0x0),Bits1(0x0)),Bits14(0x0000),CGRAConfig_7_4_2_4_4_3_4(Bits7(0x00),[Bits3(0x0), Bits3(0x0), Bits3(0x0), Bits3(0x0)],[Bits4(0x1), Bits4(0x0), Bits4(0x0), Bits4(0x0), Bits4(0x0), Bits4(0x0), Bits4(0x0), Bits4(0x0)],[Bits2(0x0), Bits2(0x0), Bits2(0x0), Bits2(0x0), Bits2(0x0), Bits2(0x0), Bits2(0x0), Bits2(0x0)],Bits3(0x0),Bits1(0x0),[Bits2(0x0), Bits2(0x0), Bits2(0x0), Bits2(0x0)],[Bits3(0x0), Bits3(0x0), Bits3(0x0), Bits3(0x0)],[Bits2(0x0), Bits2(0x0), Bits2(0x0), Bits2(0x0)],[Bits3(0x0), Bits3(0x0), Bits3(0x0), Bits3(0x0)]),Bits3(0x4))), IntraCgraPacket_4_4x1_16_8_2_CgraPayload(Bits5(0x00),Bits5(0x06),Bits2(0x0),Bits2(0x0),Bits2(0x0),Bits1(0x0),Bits2(0x0),Bits1(0x0),Bits8(0x00),Bits1(0x0),MultiCgraPayload_Cmd_Data_DataAddr_Ctrl_CtrlAddr(Bits6(0x00),CgraData_32_1_1_1(Bits32(0x00000000),Bits1(0x0),Bits1(0x0),Bits1(0x0)),Bits14(0x0000),CGRAConfig_7_4_2_4_4_3_4(Bits7(0x00),[Bits3(0x0), Bits3(0x0), Bits3(0x0), Bits3(0x0)],[Bits4(0x0), Bits4(0x0), Bits4(0x0), Bits4(0x0), Bits4(0x0), Bits4(0x0), Bits4(0x0), Bits4(0x0)],[Bits2(0x0), Bits2(0x0), Bits2(0x0), Bits2(0x0), Bits2(0x0), Bits2(0x0), Bits2(0x0), Bits2(0x0)],Bits3(0x0),Bits1(0x0),[Bits2(0x0), Bits2(0x0), Bits2(0x0), Bits2(0x0)],[Bits3(0x0), Bits3(0x0), Bits3(0x0), Bits3(0x0)],[Bits2(0x0), Bits2(0x0), Bits2(0x0), Bits2(0x0)],[Bits3(0x0), Bits3(0x0), Bits3(0x0), Bits3(0x0)]),Bits3(0x0)))], [IntraCgraPacket_4_4x1_16_8_2_CgraPayload(Bits5(0x00),Bits5(0x07),Bits2(0x0),Bits2(0x0),Bits2(0x0),Bits1(0x0),Bits2(0x0),Bits1(0x0),Bits8(0x00),Bits1(0x0),MultiCgraPayload_Cmd_Data_DataAddr_Ctrl_CtrlAddr(Bits6(0x0d),CgraData_32_1_1_1(Bits32(0x00000006),Bits1(0x1),Bits1(0x0),Bits1(0x0)),Bits14(0x0000),CGRAConfig_7_4_2_4_4_3_4(Bits7(0x00),[Bits3(0x0), Bits3(0x0), Bits3(0x0), Bits3(0x0)],[Bits4(0x0), Bits4(0x0), Bits4(0x0), Bits4(0x0), Bits4(0x0), Bits4(0x0), Bits4(0x0), Bits4(0x0)],[Bits2(0x0), Bits2(0x0), Bits2(0x0), Bits2(0x0), Bits2(0x0), Bits2(0x0), Bits2(0x0), Bits2(0x0)],Bits3(0x0),Bits1(0x0),[Bits2(0x0), Bits2(0x0), Bits2(0x0), Bits2(0x0)],[Bits3(0x0), Bits3(0x0), Bits3(0x0), Bits3(0x0)],[Bits2(0x0), Bits2(0x0), Bits2(0x0), Bits2(0x0)],[Bits3(0x0), Bits3(0x0), Bits3(0x0), Bits3(0x0)]),Bits3(0x0))), IntraCgraPacket_4_4x1_16_8_2_CgraPayload(Bits5(0x00),Bits5(0x07),Bits2(0x0),Bits2(0x0),Bits2(0x0),Bits1(0x0),Bits2(0x0),Bits1(0x0),Bits8(0x00),Bits1(0x0),MultiCgraPayload_Cmd_Data_DataAddr_Ctrl_CtrlAddr(Bits6(0x0d),CgraData_32_1_1_1(Bits32(0x00000000),Bits1(0x1),Bits1(0x0),Bits1(0x0)),Bits14(0x0000),CGRAConfig_7_4_2_4_4_3_4(Bits7(0x00),[Bits3(0x0), Bits3(0x0), Bits3(0x0), Bits3(0x0)],[Bits4(0x0), Bits4(0x0), Bits4(0x0), Bits4(0x0), Bits4(0x0), Bits4(0x0), Bits4(0x0), Bits4(0x0)],[Bits2(0x0), Bits2(0x0), Bits2(0x0), Bits2(0x0), Bits2(0x0), Bits2(0x0), Bits2(0x0), Bits2(0x0)],Bits3(0x0),Bits1(0x0),[Bits2(0x0), Bits2(0x0), Bits2(0x0), Bits2(0x0)],[Bits3(0x0), Bits3(0x0), Bits3(0x0), Bits3(0x0)],[Bits2(0x0), Bits2(0x0), Bits2(0x0), Bits2(0x0)],[Bits3(0x0), Bits3(0x0), Bits3(0x0), Bits3(0x0)]),Bits3(0x0))), IntraCgraPacket_4_4x1_16_8_2_CgraPayload(Bits5(0x00),Bits5(0x07),Bits2(0x0),Bits2(0x0),Bits2(0x0),Bits1(0x0),Bits2(0x0),Bits1(0x0),Bits8(0x00),Bits1(0x0),MultiCgraPayload_Cmd_Data_DataAddr_Ctrl_CtrlAddr(Bits6(0x0d),CgraData_32_1_1_1(Bits32(0x00000003),Bits1(0x1),Bits1(0x0),Bits1(0x0)),Bits14(0x0000),CGRAConfig_7_4_2_4_4_3_4(Bits7(0x00),[Bits3(0x0), Bits3(0x0), Bits3(0x0), Bits3(0x0)],[Bits4(0x0), Bits4(0x0), Bits4(0x0), Bits4(0x0), Bits4(0x0), Bits4(0x0), Bits4(0x0), Bits4(0x0)],[Bits2(0x0), Bits2(0x0), Bits2(0x0), Bits2(0x0), Bits2(0x0), Bits2(0x0), Bits2(0x0), Bits2(0x0)],Bits3(0x0),Bits1(0x0),[Bits2(0x0), Bits2(0x0), Bits2(0x0), Bits2(0x0)],[Bits3(0x0), Bits3(0x0), Bits3(0x0), Bits3(0x0)],[Bits2(0x0), Bits2(0x0), Bits2(0x0), Bits2(0x0)],[Bits3(0x0), Bits3(0x0), Bits3(0x0), Bits3(0x0)]),Bits3(0x0))), IntraCgraPacket_4_4x1_16_8_2_CgraPayload(Bits5(0x00),Bits5(0x07),Bits2(0x0),Bits2(0x0),Bits2(0x0),Bits1(0x0),Bits2(0x0),Bits1(0x0),Bits8(0x00),Bits1(0x0),MultiCgraPayload_Cmd_Data_DataAddr_Ctrl_CtrlAddr(Bits6(0x08),CgraData_32_1_1_1(Bits32(0x00000005),Bits1(0x1),Bits1(0x0),Bits1(0x0)),Bits14(0x0000),CGRAConfig_7_4_2_4_4_3_4(Bits7(0x00),[Bits3(0x0), Bits3(0x0), Bits3(0x0), Bits3(0x0)],[Bits4(0x0), Bits4(0x0), Bits4(0x0), Bits4(0x0), Bits4(0x0), Bits4(0x0), Bits4(0x0), Bits4(0x0)],[Bits2(0x0), Bits2(0x0), Bits2(0x0), Bits2(0x0), Bits2(0x0), Bits2(0x0), Bits2(0x0), Bits2(0x0)],Bits3(0x0),Bits1(0x0),[Bits2(0x0), Bits2(0x0), Bits2(0x0), Bits2(0x0)],[Bits3(0x0), Bits3(0x0), Bits3(0x0), Bits3(0x0)],[Bits2(0x0), Bits2(0x0), Bits2(0x0), Bits2(0x0)],[Bits3(0x0), Bits3(0x0), Bits3(0x0), Bits3(0x0)]),Bits3(0x0))), IntraCgraPacket_4_4x1_16_8_2_CgraPayload(Bits5(0x00),Bits5(0x07),Bits2(0x0),Bits2(0x0),Bits2(0x0),Bits1(0x0),Bits2(0x0),Bits1(0x0),Bits8(0x00),Bits1(0x0),MultiCgraPayload_Cmd_Data_DataAddr_Ctrl_CtrlAddr(Bits6(0x07),CgraData_32_1_1_1(Bits32(0x00000028),Bits1(0x1),Bits1(0x0),Bits1(0x0)),Bits14(0x0000),CGRAConfig_7_4_2_4_4_3_4(Bits7(0x00),[Bits3(0x0), Bits3(0x0), Bits3(0x0), Bits3(0x0)],[Bits4(0x0), Bits4(0x0), Bits4(0x0), Bits4(0x0), Bits4(0x0), Bits4(0x0), Bits4(0x0), Bits4(0x0)],[Bits2(0x0), Bits2(0x0), Bits2(0x0), Bits2(0x0), Bits2(0x0), Bits2(0x0), Bits2(0x0), Bits2(0x0)],Bits3(0x0),Bits1(0x0),[Bits2(0x0), Bits2(0x0), Bits2(0x0), Bits2(0x0)],[Bits3(0x0), Bits3(0x0), Bits3(0x0), Bits3(0x0)],[Bits2(0x0), Bits2(0x0), Bits2(0x0), Bits2(0x0)],[Bits3(0x0), Bits3(0x0), Bits3(0x0), Bits3(0x0)]),Bits3(0x0))), IntraCgraPacket_4_4x1_16_8_2_CgraPayload(Bits5(0x00),Bits5(0x07),Bits2(0x0),Bits2(0x0),Bits2(0x0),Bits1(0x0),Bits2(0x0),Bits1(0x0),Bits8(0x00),Bits1(0x0),MultiCgraPayload_Cmd_Data_DataAddr_Ctrl_CtrlAddr(Bits6(0x03),CgraData_32_1_1_1(Bits32(0x00000000),Bits1(0x0),Bits1(0x0),Bits1(0x0)),Bits14(0x0000),CGRAConfig_7_4_2_4_4_3_4(Bits7(0x19),[Bits3(0x1), Bits3(0x2), Bits3(0x0), Bits3(0x0)],[Bits4(0x0), Bits4(0x0), Bits4(0x0), Bits4(0x0), Bits4(0x0), Bits4(0x1), Bits4(0x0), Bits4(0x0)],[Bits2(0x0), Bits2(0x1), Bits2(0x0), Bits2(0x0), Bits2(0x0), Bits2(0x0), Bits2(0x0), Bits2(0x0)],Bits3(0x0),Bits1(0x0),[Bits2(0x0), Bits2(0x1), Bits2(0x0), Bits2(0x0)],[Bits3(0x0), Bits3(0x0), Bits3(0x0), Bits3(0x0)],[Bits2(0x1), Bits2(0x0), Bits2(0x0), Bits2(0x0)],[Bits3(0x0), Bits3(0x0), Bits3(0x0), Bits3(0x0)]),Bits3(0x0))), IntraCgraPacket_4_4x1_16_8_2_CgraPayload(Bits5(0x00),Bits5(0x07),Bits2(0x0),Bits2(0x0),Bits2(0x0),Bits1(0x0),Bits2(0x0),Bits1(0x0),Bits8(0x00),Bits1(0x0),MultiCgraPayload_Cmd_Data_DataAddr_Ctrl_CtrlAddr(Bits6(0x03),CgraData_32_1_1_1(Bits32(0x00000000),Bits1(0x0),Bits1(0x0),Bits1(0x0)),Bits14(0x0000),CGRAConfig_7_4_2_4_4_3_4(Bits7(0x19),[Bits3(0x1), Bits3(0x2), Bits3(0x0), Bits3(0x0)],[Bits4(0x0), Bits4(0x0), Bits4(0x0), Bits4(0x0), Bits4(0x0), Bits4(0x0), Bits4(0x0), Bits4(0x0)],[Bits2(0x0), Bits2(0x1), Bits2(0x0), Bits2(0x0), Bits2(0x0), Bits2(0x0), Bits2(0x0), Bits2(0x0)],Bits3(0x0),Bits1(0x0),[Bits2(0x0), Bits2(0x0), Bits2(0x0), Bits2(0x0)],[Bits3(0x0), Bits3(0x0), Bits3(0x0), Bits3(0x0)],[Bits2(0x1), Bits2(0x1), Bits2(0x0), Bits2(0x0)],[Bits3(0x0), Bits3(0x0), Bits3(0x0), Bits3(0x0)]),Bits3(0x1))), IntraCgraPacket_4_4x1_16_8_2_CgraPayload(Bits5(0x00),Bits5(0x07),Bits2(0x0),Bits2(0x0),Bits2(0x0),Bits1(0x0),Bits2(0x0),Bits1(0x0),Bits8(0x00),Bits1(0x0),MultiCgraPayload_Cmd_Data_DataAddr_Ctrl_CtrlAddr(Bits6(0x03),CgraData_32_1_1_1(Bits32(0x00000000),Bits1(0x0),Bits1(0x0),Bits1(0x0)),Bits14(0x0000),CGRAConfig_7_4_2_4_4_3_4(Bits7(0x01),[Bits3(0x1), Bits3(0x2), Bits3(0x3), Bits3(0x4)],[Bits4(0x0), Bits4(0x0), Bits4(0x0), Bits4(0x0), Bits4(0x0), Bits4(0x0), Bits4(0x0), Bits4(0x0)],[Bits2(0x0), Bits2(0x0), Bits2(0x0), Bits2(0x0), Bits2(0x0), Bits2(0x0), Bits2(0x0), Bits2(0x0)],Bits3(0x0),Bits1(0x0),[Bits2(0x0), Bits2(0x0), Bits2(0x0), Bits2(0x0)],[Bits3(0x0), Bits3(0x0), Bits3(0x0), Bits3(0x0)],[Bits2(0x0), Bits2(0x0), Bits2(0x0), Bits2(0x0)],[Bits3(0x0), Bits3(0x0), Bits3(0x0), Bits3(0x0)]),Bits3(0x2))), IntraCgraPacket_4_4x1_16_8_2_CgraPayload(Bits5(0x00),Bits5(0x07),Bits2(0x0),Bits2(0x0),Bits2(0x0),Bits1(0x0),Bits2(0x0),Bits1(0x0),Bits8(0x00),Bits1(0x0),MultiCgraPayload_Cmd_Data_DataAddr_Ctrl_CtrlAddr(Bits6(0x03),CgraData_32_1_1_1(Bits32(0x00000000),Bits1(0x0),Bits1(0x0),Bits1(0x0)),Bits14(0x0000),CGRAConfig_7_4_2_4_4_3_4(Bits7(0x41),[Bits3(0x1), Bits3(0x0), Bits3(0x0), Bits3(0x0)],[Bits4(0x0), Bits4(0x0), Bits4(0x0), Bits4(0x0), Bits4(0x1), Bits4(0x0), Bits4(0x0), Bits4(0x0)],[Bits2(0x0), Bits2(0x0), Bits2(0x0), Bits2(0x0), Bits2(0x1), Bits2(0x0), Bits2(0x0), Bits2(0x0)],Bits3(0x0),Bits1(0x0),[Bits2(0x2), Bits2(0x0), Bits2(0x0), Bits2(0x0)],[Bits3(0x0), Bits3(0x0), Bits3(0x0), Bits3(0x0)],[Bits2(0x0), Bits2(0x0), Bits2(0x0), Bits2(0x0)],[Bits3(0x0), Bits3(0x0), Bits3(0x0), Bits3(0x0)]),Bits3(0x3))), IntraCgraPacket_4_4x1_16_8_2_CgraPayload(Bits5(0x00),Bits5(0x07),Bits2(0x0),Bits2(0x0),Bits2(0x0),Bits1(0x0),Bits2(0x0),Bits1(0x0),Bits8(0x00),Bits1(0x0),MultiCgraPayload_Cmd_Data_DataAddr_Ctrl_CtrlAddr(Bits6(0x03),CgraData_32_1_1_1(Bits32(0x00000000),Bits1(0x0),Bits1(0x0),Bits1(0x0)),Bits14(0x0000),CGRAConfig_7_4_2_4_4_3_4(Bits7(0x1f),[Bits3(0x1), Bits3(0x0), Bits3(0x0), Bits3(0x0)],[Bits4(0x0), Bits4(0x0), Bits4(0x0), Bits4(0x0), Bits4(0x0), Bits4(0x0), Bits4(0x0), Bits4(0x0)],[Bits2(0x0), Bits2(0x0), Bits2(0x0), Bits2(0x0), Bits2(0x1), Bits2(0x0), Bits2(0x0), Bits2(0x0)],Bits3(0x0),Bits1(0x0),[Bits2(0x2), Bits2(0x0), Bits2(0x0), Bits2(0x0)],[Bits3(0x0), Bits3(0x0), Bits3(0x0), Bits3(0x0)],[Bits2(0x1), Bits2(0x0), Bits2(0x0), Bits2(0x0)],[Bits3(0x0), Bits3(0x0), Bits3(0x0), Bits3(0x0)]),Bits3(0x4))), IntraCgraPacket_4_4x1_16_8_2_CgraPayload(Bits5(0x00),Bits5(0x07),Bits2(0x0),Bits2(0x0),Bits2(0x0),Bits1(0x0),Bits2(0x0),Bits1(0x0),Bits8(0x00),Bits1(0x0),MultiCgraPayload_Cmd_Data_DataAddr_Ctrl_CtrlAddr(Bits6(0x04),CgraData_32_1_1_1(Bits32(0x00000001),Bits1(0x1),Bits1(0x0),Bits1(0x0)),Bits14(0x0000),CGRAConfig_7_4_2_4_4_3_4(Bits7(0x00),[Bits3(0x0), Bits3(0x0), Bits3(0x0), Bits3(0x0)],[Bits4(0x0), Bits4(0x0), Bits4(0x0), Bits4(0x0), Bits4(0x0), Bits4(0x0), Bits4(0x0), Bits4(0x0)],[Bits2(0x0), Bits2(0x0), Bits2(0x0), Bits2(0x0), Bits2(0x0), Bits2(0x0), Bits2(0x0), Bits2(0x0)],Bits3(0x0),Bits1(0x0),[Bits2(0x0), Bits2(0x0), Bits2(0x0), Bits2(0x0)],[Bits3(0x0), Bits3(0x0), Bits3(0x0), Bits3(0x0)],[Bits2(0x0), Bits2(0x0), Bits2(0x0), Bits2(0x0)],[Bits3(0x0), Bits3(0x0), Bits3(0x0), Bits3(0x0)]),Bits3(0x0))), IntraCgraPacket_4_4x1_16_8_2_CgraPayload(Bits5(0x00),Bits5(0x07),Bits2(0x0),Bits2(0x0),Bits2(0x0),Bits1(0x0),Bits2(0x0),Bits1(0x0),Bits8(0x00),Bits1(0x0),MultiCgraPayload_Cmd_Data_DataAddr_Ctrl_CtrlAddr(Bits6(0x05),CgraData_32_1_1_1(Bits32(0x00000001),Bits1(0x1),Bits1(0x0),Bits1(0x0)),Bits14(0x0000),CGRAConfig_7_4_2_4_4_3_4(Bits7(0x00),[Bits3(0x0), Bits3(0x0), Bits3(0x0), Bits3(0x0)],[Bits4(0x0), Bits4(0x0), Bits4(0x0), Bits4(0x0), Bits4(0x0), Bits4(0x0), Bits4(0x0), Bits4(0x0)],[Bits2(0x0), Bits2(0x0), Bits2(0x0), Bits2(0x0), Bits2(0x0), Bits2(0x0), Bits2(0x0), Bits2(0x0)],Bits3(0x0),Bits1(0x0),[Bits2(0x0), Bits2(0x0), Bits2(0x0), Bits2(0x0)],[Bits3(0x0), Bits3(0x0), Bits3(0x0), Bits3(0x0)],[Bits2(0x0), Bits2(0x0), Bits2(0x0), Bits2(0x0)],[Bits3(0x0), Bits3(0x0), Bits3(0x0), Bits3(0x0)]),Bits3(0x0))), IntraCgraPacket_4_4x1_16_8_2_CgraPayload(Bits5(0x00),Bits5(0x07),Bits2(0x0),Bits2(0x0),Bits2(0x0),Bits1(0x0),Bits2(0x0),Bits1(0x0),Bits8(0x00),Bits1(0x0),MultiCgraPayload_Cmd_Data_DataAddr_Ctrl_CtrlAddr(Bits6(0x06),CgraData_32_1_1_1(Bits32(0x00000001),Bits1(0x1),Bits1(0x0),Bits1(0x0)),Bits14(0x0000),CGRAConfig_7_4_2_4_4_3_4(Bits7(0x00),[Bits3(0x0), Bits3(0x0), Bits3(0x0), Bits3(0x0)],[Bits4(0x1), Bits4(0x0), Bits4(0x0), Bits4(0x0), Bits4(0x0), Bits4(0x0), Bits4(0x0), Bits4(0x0)],[Bits2(0x0), Bits2(0x0), Bits2(0x0), Bits2(0x0), Bits2(0x0), Bits2(0x0), Bits2(0x0), Bits2(0x0)],Bits3(0x0),Bits1(0x0),[Bits2(0x0), Bits2(0x0), Bits2(0x0), Bits2(0x0)],[Bits3(0x0), Bits3(0x0), Bits3(0x0), Bits3(0x0)],[Bits2(0x0), Bits2(0x0), Bits2(0x0), Bits2(0x0)],[Bits3(0x0), Bits3(0x0), Bits3(0x0), Bits3(0x0)]),Bits3(0x0))), IntraCgraPacket_4_4x1_16_8_2_CgraPayload(Bits5(0x00),Bits5(0x07),Bits2(0x0),Bits2(0x0),Bits2(0x0),Bits1(0x0),Bits2(0x0),Bits1(0x0),Bits8(0x00),Bits1(0x0),MultiCgraPayload_Cmd_Data_DataAddr_Ctrl_CtrlAddr(Bits6(0x04),CgraData_32_1_1_1(Bits32(0x00000001),Bits1(0x1),Bits1(0x0),Bits1(0x0)),Bits14(0x0000),CGRAConfig_7_4_2_4_4_3_4(Bits7(0x00),[Bits3(0x0), Bits3(0x0), Bits3(0x0), Bits3(0x0)],[Bits4(0x0), Bits4(0x0), Bits4(0x0), Bits4(0x0), Bits4(0x0), Bits4(0x0), Bits4(0x0), Bits4(0x0)],[Bits2(0x0), Bits2(0x0), Bits2(0x0), Bits2(0x0), Bits2(0x0), Bits2(0x0), Bits2(0x0), Bits2(0x0)],Bits3(0x0),Bits1(0x0),[Bits2(0x0), Bits2(0x0), Bits2(0x0), Bits2(0x0)],[Bits3(0x0), Bits3(0x0), Bits3(0x0), Bits3(0x0)],[Bits2(0x0), Bits2(0x0), Bits2(0x0), Bits2(0x0)],[Bits3(0x0), Bits3(0x0), Bits3(0x0), Bits3(0x0)]),Bits3(0x1))), IntraCgraPacket_4_4x1_16_8_2_CgraPayload(Bits5(0x00),Bits5(0x07),Bits2(0x0),Bits2(0x0),Bits2(0x0),Bits1(0x0),Bits2(0x0),Bits1(0x0),Bits8(0x00),Bits1(0x0),MultiCgraPayload_Cmd_Data_DataAddr_Ctrl_CtrlAddr(Bits6(0x05),CgraData_32_1_1_1(Bits32(0x00000001),Bits1(0x1),Bits1(0x0),Bits1(0x0)),Bits14(0x0000),CGRAConfig_7_4_2_4_4_3_4(Bits7(0x00),[Bits3(0x0), Bits3(0x0), Bits3(0x0), Bits3(0x0)],[Bits4(0x0), Bits4(0x0), Bits4(0x0), Bits4(0x0), Bits4(0x0), Bits4(0x0), Bits4(0x0), Bits4(0x0)],[Bits2(0x0), Bits2(0x0), Bits2(0x0), Bits2(0x0), Bits2(0x0), Bits2(0x0), Bits2(0x0), Bits2(0x0)],Bits3(0x0),Bits1(0x0),[Bits2(0x0), Bits2(0x0), Bits2(0x0), Bits2(0x0)],[Bits3(0x0), Bits3(0x0), Bits3(0x0), Bits3(0x0)],[Bits2(0x0), Bits2(0x0), Bits2(0x0), Bits2(0x0)],[Bits3(0x0), Bits3(0x0), Bits3(0x0), Bits3(0x0)]),Bits3(0x1))), IntraCgraPacket_4_4x1_16_8_2_CgraPayload(Bits5(0x00),Bits5(0x07),Bits2(0x0),Bits2(0x0),Bits2(0x0),Bits1(0x0),Bits2(0x0),Bits1(0x0),Bits8(0x00),Bits1(0x0),MultiCgraPayload_Cmd_Data_DataAddr_Ctrl_CtrlAddr(Bits6(0x00),CgraData_32_1_1_1(Bits32(0x00000000),Bits1(0x0),Bits1(0x0),Bits1(0x0)),Bits14(0x0000),CGRAConfig_7_4_2_4_4_3_4(Bits7(0x00),[Bits3(0x0), Bits3(0x0), Bits3(0x0), Bits3(0x0)],[Bits4(0x0), Bits4(0x0), Bits4(0x0), Bits4(0x0), Bits4(0x0), Bits4(0x0), Bits4(0x0), Bits4(0x0)],[Bits2(0x0), Bits2(0x0), Bits2(0x0), Bits2(0x0), Bits2(0x0), Bits2(0x0), Bits2(0x0), Bits2(0x0)],Bits3(0x0),Bits1(0x0),[Bits2(0x0), Bits2(0x0), Bits2(0x0), Bits2(0x0)],[Bits3(0x0), Bits3(0x0), Bits3(0x0), Bits3(0x0)],[Bits2(0x0), Bits2(0x0), Bits2(0x0), Bits2(0x0)],[Bits3(0x0), Bits3(0x0), Bits3(0x0), Bits3(0x0)]),Bits3(0x0)))], [IntraCgraPacket_4_4x1_16_8_2_CgraPayload(Bits5(0x00),Bits5(0x09),Bits2(0x0),Bits2(0x0),Bits2(0x0),Bits1(0x0),Bits2(0x0),Bits1(0x0),Bits8(0x00),Bits1(0x0),MultiCgraPayload_Cmd_Data_DataAddr_Ctrl_CtrlAddr(Bits6(0x08),CgraData_32_1_1_1(Bits32(0x00000005),Bits1(0x1),Bits1(0x0),Bits1(0x0)),Bits14(0x0000),CGRAConfig_7_4_2_4_4_3_4(Bits7(0x00),[Bits3(0x0), Bits3(0x0), Bits3(0x0), Bits3(0x0)],[Bits4(0x0), Bits4(0x0), Bits4(0x0), Bits4(0x0), Bits4(0x0), Bits4(0x0), Bits4(0x0), Bits4(0x0)],[Bits2(0x0), Bits2(0x0), Bits2(0x0), Bits2(0x0), Bits2(0x0), Bits2(0x0), Bits2(0x0), Bits2(0x0)],Bits3(0x0),Bits1(0x0),[Bits2(0x0), Bits2(0x0), Bits2(0x0), Bits2(0x0)],[Bits3(0x0), Bits3(0x0), Bits3(0x0), Bits3(0x0)],[Bits2(0x0), Bits2(0x0), Bits2(0x0), Bits2(0x0)],[Bits3(0x0), Bits3(0x0), Bits3(0x0), Bits3(0x0)]),Bits3(0x0))), IntraCgraPacket_4_4x1_16_8_2_CgraPayload(Bits5(0x00),Bits5(0x09),Bits2(0x0),Bits2(0x0),Bits2(0x0),Bits1(0x0),Bits2(0x0),Bits1(0x0),Bits8(0x00),Bits1(0x0),MultiCgraPayload_Cmd_Data_DataAddr_Ctrl_CtrlAddr(Bits6(0x07),CgraData_32_1_1_1(Bits32(0x00000028),Bits1(0x1),Bits1(0x0),Bits1(0x0)),Bits14(0x0000),CGRAConfig_7_4_2_4_4_3_4(Bits7(0x00),[Bits3(0x0), Bits3(0x0), Bits3(0x0), Bits3(0x0)],[Bits4(0x0), Bits4(0x0), Bits4(0x0), Bits4(0x0), Bits4(0x0), Bits4(0x0), Bits4(0x0), Bits4(0x0)],[Bits2(0x0), Bits2(0x0), Bits2(0x0), Bits2(0x0), Bits2(0x0), Bits2(0x0), Bits2(0x0), Bits2(0x0)],Bits3(0x0),Bits1(0x0),[Bits2(0x0), Bits2(0x0), Bits2(0x0), Bits2(0x0)],[Bits3(0x0), Bits3(0x0), Bits3(0x0), Bits3(0x0)],[Bits2(0x0), Bits2(0x0), Bits2(0x0), Bits2(0x0)],[Bits3(0x0), Bits3(0x0), Bits3(0x0), Bits3(0x0)]),Bits3(0x0))), IntraCgraPacket_4_4x1_16_8_2_CgraPayload(Bits5(0x00),Bits5(0x09),Bits2(0x0),Bits2(0x0),Bits2(0x0),Bits1(0x0),Bits2(0x0),Bits1(0x0),Bits8(0x00),Bits1(0x0),MultiCgraPayload_Cmd_Data_DataAddr_Ctrl_CtrlAddr(Bits6(0x03),CgraData_32_1_1_1(Bits32(0x00000000),Bits1(0x0),Bits1(0x0),Bits1(0x0)),Bits14(0x0000),CGRAConfig_7_4_2_4_4_3_4(Bits7(0x01),[Bits3(0x0), Bits3(0x0), Bits3(0x0), Bits3(0x0)],[Bits4(0x0), Bits4(0x4), Bits4(0x0), Bits4(0x0), Bits4(0x0), Bits4(0x0), Bits4(0x0), Bits4(0x0)],[Bits2(0x0), Bits2(0x0), Bits2(0x0), Bits2(0x0), Bits2(0x0), Bits2(0x0), Bits2(0x0), Bits2(0x0)],Bits3(0x0),Bits1(0x0),[Bits2(0x0), Bits2(0x0), Bits2(0x0), Bits2(0x0)],[Bits3(0x0), Bits3(0x0), Bits3(0x0), Bits3(0x0)],[Bits2(0x0), Bits2(0x0), Bits2(0x0), Bits2(0x0)],[Bits3(0x0), Bits3(0x0), Bits3(0x0), Bits3(0x0)]),Bits3(0x0))), IntraCgraPacket_4_4x1_16_8_2_CgraPayload(Bits5(0x00),Bits5(0x09),Bits2(0x0),Bits2(0x0),Bits2(0x0),Bits1(0x0),Bits2(0x0),Bits1(0x0),Bits8(0x00),Bits1(0x0),MultiCgraPayload_Cmd_Data_DataAddr_Ctrl_CtrlAddr(Bits6(0x03),CgraData_32_1_1_1(Bits32(0x00000000),Bits1(0x0),Bits1(0x0),Bits1(0x0)),Bits14(0x0000),CGRAConfig_7_4_2_4_4_3_4(Bits7(0x01),[Bits3(0x1), Bits3(0x2), Bits3(0x3), Bits3(0x4)],[Bits4(0x0), Bits4(0x0), Bits4(0x0), Bits4(0x0), Bits4(0x0), Bits4(0x0), Bits4(0x0), Bits4(0x0)],[Bits2(0x0), Bits2(0x0), Bits2(0x0), Bits2(0x0), Bits2(0x0), Bits2(0x0), Bits2(0x0), Bits2(0x0)],Bits3(0x0),Bits1(0x0),[Bits2(0x0), Bits2(0x0), Bits2(0x0), Bits2(0x0)],[Bits3(0x0), Bits3(0x0), Bits3(0x0), Bits3(0x0)],[Bits2(0x0), Bits2(0x0), Bits2(0x0), Bits2(0x0)],[Bits3(0x0), Bits3(0x0), Bits3(0x0), Bits3(0x0)]),Bits3(0x1))), IntraCgraPacket_4_4x1_16_8_2_CgraPayload(Bits5(0x00),Bits5(0x09),Bits2(0x0),Bits2(0x0),Bits2(0x0),Bits1(0x0),Bits2(0x0),Bits1(0x0),Bits8(0x00),Bits1(0x0),MultiCgraPayload_Cmd_Data_DataAddr_Ctrl_CtrlAddr(Bits6(0x03),CgraData_32_1_1_1(Bits32(0x00000000),Bits1(0x0),Bits1(0x0),Bits1(0x0)),Bits14(0x0000),CGRAConfig_7_4_2_4_4_3_4(Bits7(0x54),[Bits3(0x1), Bits3(0x2), Bits3(0x0), Bits3(0x0)],[Bits4(0x0), Bits4(0x0), Bits4(0x0), Bits4(0x0), Bits4(0x4), Bits4(0x2), Bits4(0x0), Bits4(0x0)],[Bits2(0x0), Bits2(0x0), Bits2(0x0), Bits2(0x1), Bits2(0x0), Bits2(0x0), Bits2(0x0), Bits2(0x0)],Bits3(0x0),Bits1(0x0),[Bits2(0x1), Bits2(0x0), Bits2(0x0), Bits2(0x0)],[Bits3(0x0), Bits3(0x0), Bits3(0x0), Bits3(0x0)],[Bits2(0x1), Bits2(0x0), Bits2(0x0), Bits2(0x0)],[Bits3(0x0), Bits3(0x0), Bits3(0x0), Bits3(0x0)]),Bits3(0x2))), IntraCgraPacket_4_4x1_16_8_2_CgraPayload(Bits5(0x00),Bits5(0x09),Bits2(0x0),Bits2(0x0),Bits2(0x0),Bits1(0x0),Bits2(0x0),Bits1(0x0),Bits8(0x00),Bits1(0x0),MultiCgraPayload_Cmd_Data_DataAddr_Ctrl_CtrlAddr(Bits6(0x03),CgraData_32_1_1_1(Bits32(0x00000000),Bits1(0x0),Bits1(0x0),Bits1(0x0)),Bits14(0x0000),CGRAConfig_7_4_2_4_4_3_4(Bits7(0x01),[Bits3(0x1), Bits3(0x2), Bits3(0x3), Bits3(0x4)],[Bits4(0x0), Bits4(0x0), Bits4(0x0), Bits4(0x0), Bits4(0x0), Bits4(0x0), Bits4(0x0), Bits4(0x0)],[Bits2(0x0), Bits2(0x0), Bits2(0x0), Bits2(0x0), Bits2(0x0), Bits2(0x0), Bits2(0x0), Bits2(0x0)],Bits3(0x0),Bits1(0x0),[Bits2(0x0), Bits2(0x0), Bits2(0x0), Bits2(0x0)],[Bits3(0x0), Bits3(0x0), Bits3(0x0), Bits3(0x0)],[Bits2(0x0), Bits2(0x0), Bits2(0x0), Bits2(0x0)],[Bits3(0x0), Bits3(0x0), Bits3(0x0), Bits3(0x0)]),Bits3(0x3))), IntraCgraPacket_4_4x1_16_8_2_CgraPayload(Bits5(0x00),Bits5(0x09),Bits2(0x0),Bits2(0x0),Bits2(0x0),Bits1(0x0),Bits2(0x0),Bits1(0x0),Bits8(0x00),Bits1(0x0),MultiCgraPayload_Cmd_Data_DataAddr_Ctrl_CtrlAddr(Bits6(0x03),CgraData_32_1_1_1(Bits32(0x00000000),Bits1(0x0),Bits1(0x0),Bits1(0x0)),Bits14(0x0000),CGRAConfig_7_4_2_4_4_3_4(Bits7(0x01),[Bits3(0x0), Bits3(0x0), Bits3(0x0), Bits3(0x0)],[Bits4(0x0), Bits4(0x0), Bits4(0x0), Bits4(0x4), Bits4(0x0), Bits4(0x0), Bits4(0x0), Bits4(0x0)],[Bits2(0x0), Bits2(0x0), Bits2(0x0), Bits2(0x0), Bits2(0x0), Bits2(0x0), Bits2(0x0), Bits2(0x0)],Bits3(0x0),Bits1(0x0),[Bits2(0x0), Bits2(0x0), Bits2(0x0), Bits2(0x0)],[Bits3(0x0), Bits3(0x0), Bits3(0x0), Bits3(0x0)],[Bits2(0x0), Bits2(0x0), Bits2(0x0), Bits2(0x0)],[Bits3(0x0), Bits3(0x0), Bits3(0x0), Bits3(0x0)]),Bits3(0x4))), IntraCgraPacket_4_4x1_16_8_2_CgraPayload(Bits5(0x00),Bits5(0x09),Bits2(0x0),Bits2(0x0),Bits2(0x0),Bits1(0x0),Bits2(0x0),Bits1(0x0),Bits8(0x00),Bits1(0x0),MultiCgraPayload_Cmd_Data_DataAddr_Ctrl_CtrlAddr(Bits6(0x04),CgraData_32_1_1_1(Bits32(0x00000001),Bits1(0x1),Bits1(0x0),Bits1(0x0)),Bits14(0x0000),CGRAConfig_7_4_2_4_4_3_4(Bits7(0x00),[Bits3(0x0), Bits3(0x0), Bits3(0x0), Bits3(0x0)],[Bits4(0x0), Bits4(0x0), Bits4(0x0), Bits4(0x0), Bits4(0x0), Bits4(0x0), Bits4(0x0), Bits4(0x0)],[Bits2(0x0), Bits2(0x0), Bits2(0x0), Bits2(0x0), Bits2(0x0), Bits2(0x0), Bits2(0x0), Bits2(0x0)],Bits3(0x0),Bits1(0x0),[Bits2(0x0), Bits2(0x0), Bits2(0x0), Bits2(0x0)],[Bits3(0x0), Bits3(0x0), Bits3(0x0), Bits3(0x0)],[Bits2(0x0), Bits2(0x0), Bits2(0x0), Bits2(0x0)],[Bits3(0x0), Bits3(0x0), Bits3(0x0), Bits3(0x0)]),Bits3(0x0))), IntraCgraPacket_4_4x1_16_8_2_CgraPayload(Bits5(0x00),Bits5(0x09),Bits2(0x0),Bits2(0x0),Bits2(0x0),Bits1(0x0),Bits2(0x0),Bits1(0x0),Bits8(0x00),Bits1(0x0),MultiCgraPayload_Cmd_Data_DataAddr_Ctrl_CtrlAddr(Bits6(0x05),CgraData_32_1_1_1(Bits32(0x00000001),Bits1(0x1),Bits1(0x0),Bits1(0x0)),Bits14(0x0000),CGRAConfig_7_4_2_4_4_3_4(Bits7(0x00),[Bits3(0x0), Bits3(0x0), Bits3(0x0), Bits3(0x0)],[Bits4(0x0), Bits4(0x0), Bits4(0x0), Bits4(0x0), Bits4(0x0), Bits4(0x0), Bits4(0x0), Bits4(0x0)],[Bits2(0x0), Bits2(0x0), Bits2(0x0), Bits2(0x0), Bits2(0x0), Bits2(0x0), Bits2(0x0), Bits2(0x0)],Bits3(0x0),Bits1(0x0),[Bits2(0x0), Bits2(0x0), Bits2(0x0), Bits2(0x0)],[Bits3(0x0), Bits3(0x0), Bits3(0x0), Bits3(0x0)],[Bits2(0x0), Bits2(0x0), Bits2(0x0), Bits2(0x0)],[Bits3(0x0), Bits3(0x0), Bits3(0x0), Bits3(0x0)]),Bits3(0x0))), IntraCgraPacket_4_4x1_16_8_2_CgraPayload(Bits5(0x00),Bits5(0x09),Bits2(0x0),Bits2(0x0),Bits2(0x0),Bits1(0x0),Bits2(0x0),Bits1(0x0),Bits8(0x00),Bits1(0x0),MultiCgraPayload_Cmd_Data_DataAddr_Ctrl_CtrlAddr(Bits6(0x06),CgraData_32_1_1_1(Bits32(0x00000001),Bits1(0x1),Bits1(0x0),Bits1(0x0)),Bits14(0x0000),CGRAConfig_7_4_2_4_4_3_4(Bits7(0x00),[Bits3(0x0), Bits3(0x0), Bits3(0x0), Bits3(0x0)],[Bits4(0x4), Bits4(0x0), Bits4(0x0), Bits4(0x0), Bits4(0x0), Bits4(0x0), Bits4(0x0), Bits4(0x0)],[Bits2(0x0), Bits2(0x0), Bits2(0x0), Bits2(0x0), Bits2(0x0), Bits2(0x0), Bits2(0x0), Bits2(0x0)],Bits3(0x0),Bits1(0x0),[Bits2(0x0), Bits2(0x0), Bits2(0x0), Bits2(0x0)],[Bits3(0x0), Bits3(0x0), Bits3(0x0), Bits3(0x0)],[Bits2(0x0), Bits2(0x0), Bits2(0x0), Bits2(0x0)],[Bits3(0x0), Bits3(0x0), Bits3(0x0), Bits3(0x0)]),Bits3(0x0))), IntraCgraPacket_4_4x1_16_8_2_CgraPayload(Bits5(0x00),Bits5(0x09),Bits2(0x0),Bits2(0x0),Bits2(0x0),Bits1(0x0),Bits2(0x0),Bits1(0x0),Bits8(0x00),Bits1(0x0),MultiCgraPayload_Cmd_Data_DataAddr_Ctrl_CtrlAddr(Bits6(0x04),CgraData_32_1_1_1(Bits32(0x00000001),Bits1(0x1),Bits1(0x0),Bits1(0x0)),Bits14(0x0000),CGRAConfig_7_4_2_4_4_3_4(Bits7(0x00),[Bits3(0x0), Bits3(0x0), Bits3(0x0), Bits3(0x0)],[Bits4(0x0), Bits4(0x0), Bits4(0x0), Bits4(0x0), Bits4(0x0), Bits4(0x0), Bits4(0x0), Bits4(0x0)],[Bits2(0x0), Bits2(0x0), Bits2(0x0), Bits2(0x0), Bits2(0x0), Bits2(0x0), Bits2(0x0), Bits2(0x0)],Bits3(0x0),Bits1(0x0),[Bits2(0x0), Bits2(0x0), Bits2(0x0), Bits2(0x0)],[Bits3(0x0), Bits3(0x0), Bits3(0x0), Bits3(0x0)],[Bits2(0x0), Bits2(0x0), Bits2(0x0), Bits2(0x0)],[Bits3(0x0), Bits3(0x0), Bits3(0x0), Bits3(0x0)]),Bits3(0x2))), IntraCgraPacket_4_4x1_16_8_2_CgraPayload(Bits5(0x00),Bits5(0x09),Bits2(0x0),Bits2(0x0),Bits2(0x0),Bits1(0x0),Bits2(0x0),Bits1(0x0),Bits8(0x00),Bits1(0x0),MultiCgraPayload_Cmd_Data_DataAddr_Ctrl_CtrlAddr(Bits6(0x05),CgraData_32_1_1_1(Bits32(0x00000001),Bits1(0x1),Bits1(0x0),Bits1(0x0)),Bits14(0x0000),CGRAConfig_7_4_2_4_4_3_4(Bits7(0x00),[Bits3(0x0), Bits3(0x0), Bits3(0x0), Bits3(0x0)],[Bits4(0x0), Bits4(0x0), Bits4(0x0), Bits4(0x0), Bits4(0x0), Bits4(0x0), Bits4(0x0), Bits4(0x0)],[Bits2(0x0), Bits2(0x0), Bits2(0x0), Bits2(0x0), Bits2(0x0), Bits2(0x0), Bits2(0x0), Bits2(0x0)],Bits3(0x0),Bits1(0x0),[Bits2(0x0), Bits2(0x0), Bits2(0x0), Bits2(0x0)],[Bits3(0x0), Bits3(0x0), Bits3(0x0), Bits3(0x0)],[Bits2(0x0), Bits2(0x0), Bits2(0x0), Bits2(0x0)],[Bits3(0x0), Bits3(0x0), Bits3(0x0), Bits3(0x0)]),Bits3(0x2))), IntraCgraPacket_4_4x1_16_8_2_CgraPayload(Bits5(0x00),Bits5(0x09),Bits2(0x0),Bits2(0x0),Bits2(0x0),Bits1(0x0),Bits2(0x0),Bits1(0x0),Bits8(0x00),Bits1(0x0),MultiCgraPayload_Cmd_Data_DataAddr_Ctrl_CtrlAddr(Bits6(0x06),CgraData_32_1_1_1(Bits32(0x00000001),Bits1(0x1),Bits1(0x0),Bits1(0x0)),Bits14(0x0000),CGRAConfig_7_4_2_4_4_3_4(Bits7(0x00),[Bits3(0x0), Bits3(0x0), Bits3(0x0), Bits3(0x0)],[Bits4(0x2), Bits4(0x0), Bits4(0x0), Bits4(0x0), Bits4(0x0), Bits4(0x0), Bits4(0x0), Bits4(0x0)],[Bits2(0x0), Bits2(0x0), Bits2(0x0), Bits2(0x0), Bits2(0x0), Bits2(0x0), Bits2(0x0), Bits2(0x0)],Bits3(0x0),Bits1(0x0),[Bits2(0x0), Bits2(0x0), Bits2(0x0), Bits2(0x0)],[Bits3(0x0), Bits3(0x0), Bits3(0x0), Bits3(0x0)],[Bits2(0x0), Bits2(0x0), Bits2(0x0), Bits2(0x0)],[Bits3(0x0), Bits3(0x0), Bits3(0x0), Bits3(0x0)]),Bits3(0x2))), IntraCgraPacket_4_4x1_16_8_2_CgraPayload(Bits5(0x00),Bits5(0x09),Bits2(0x0),Bits2(0x0),Bits2(0x0),Bits1(0x0),Bits2(0x0),Bits1(0x0),Bits8(0x00),Bits1(0x0),MultiCgraPayload_Cmd_Data_DataAddr_Ctrl_CtrlAddr(Bits6(0x06),CgraData_32_1_1_1(Bits32(0x00000002),Bits1(0x1),Bits1(0x0),Bits1(0x0)),Bits14(0x0000),CGRAConfig_7_4_2_4_4_3_4(Bits7(0x00),[Bits3(0x0), Bits3(0x0), Bits3(0x0), Bits3(0x0)],[Bits4(0x2), Bits4(0x0), Bits4(0x0), Bits4(0x0), Bits4(0x0), Bits4(0x0), Bits4(0x0), Bits4(0x0)],[Bits2(0x0), Bits2(0x0), Bits2(0x0), Bits2(0x0), Bits2(0x0), Bits2(0x0), Bits2(0x0), Bits2(0x0)],Bits3(0x0),Bits1(0x0),[Bits2(0x0), Bits2(0x0), Bits2(0x0), Bits2(0x0)],[Bits3(0x0), Bits3(0x0), Bits3(0x0), Bits3(0x0)],[Bits2(0x0), Bits2(0x0), Bits2(0x0), Bits2(0x0)],[Bits3(0x0), Bits3(0x0), Bits3(0x0), Bits3(0x0)]),Bits3(0x2))), IntraCgraPacket_4_4x1_16_8_2_CgraPayload(Bits5(0x00),Bits5(0x09),Bits2(0x0),Bits2(0x0),Bits2(0x0),Bits1(0x0),Bits2(0x0),Bits1(0x0),Bits8(0x00),Bits1(0x0),MultiCgraPayload_Cmd_Data_DataAddr_Ctrl_CtrlAddr(Bits6(0x00),CgraData_32_1_1_1(Bits32(0x00000000),Bits1(0x0),Bits1(0x0),Bits1(0x0)),Bits14(0x0000),CGRAConfig_7_4_2_4_4_3_4(Bits7(0x00),[Bits3(0x0), Bits3(0x0), Bits3(0x0), Bits3(0x0)],[Bits4(0x0), Bits4(0x0), Bits4(0x0), Bits4(0x0), Bits4(0x0), Bits4(0x0), Bits4(0x0), Bits4(0x0)],[Bits2(0x0), Bits2(0x0), Bits2(0x0), Bits2(0x0), Bits2(0x0), Bits2(0x0), Bits2(0x0), Bits2(0x0)],Bits3(0x0),Bits1(0x0),[Bits2(0x0), Bits2(0x0), Bits2(0x0), Bits2(0x0)],[Bits3(0x0), Bits3(0x0), Bits3(0x0), Bits3(0x0)],[Bits2(0x0), Bits2(0x0), Bits2(0x0), Bits2(0x0)],[Bits3(0x0), Bits3(0x0), Bits3(0x0), Bits3(0x0)]),Bits3(0x0)))], [IntraCgraPacket_4_4x1_16_8_2_CgraPayload(Bits5(0x00),Bits5(0x0a),Bits2(0x0),Bits2(0x0),Bits2(0x0),Bits1(0x0),Bits2(0x0),Bits1(0x0),Bits8(0x00),Bits1(0x0),MultiCgraPayload_Cmd_Data_DataAddr_Ctrl_CtrlAddr(Bits6(0x0d),CgraData_32_1_1_1(Bits32(0x00000001),Bits1(0x1),Bits1(0x0),Bits1(0x0)),Bits14(0x0000),CGRAConfig_7_4_2_4_4_3_4(Bits7(0x00),[Bits3(0x0), Bits3(0x0), Bits3(0x0), Bits3(0x0)],[Bits4(0x0), Bits4(0x0), Bits4(0x0), Bits4(0x0), Bits4(0x0), Bits4(0x0), Bits4(0x0), Bits4(0x0)],[Bits2(0x0), Bits2(0x0), Bits2(0x0), Bits2(0x0), Bits2(0x0), Bits2(0x0), Bits2(0x0), Bits2(0x0)],Bits3(0x0),Bits1(0x0),[Bits2(0x0), Bits2(0x0), Bits2(0x0), Bits2(0x0)],[Bits3(0x0), Bits3(0x0), Bits3(0x0), Bits3(0x0)],[Bits2(0x0), Bits2(0x0), Bits2(0x0), Bits2(0x0)],[Bits3(0x0), Bits3(0x0), Bits3(0x0), Bits3(0x0)]),Bits3(0x0))), IntraCgraPacket_4_4x1_16_8_2_CgraPayload(Bits5(0x00),Bits5(0x0a),Bits2(0x0),Bits2(0x0),Bits2(0x0),Bits1(0x0),Bits2(0x0),Bits1(0x0),Bits8(0x00),Bits1(0x0),MultiCgraPayload_Cmd_Data_DataAddr_Ctrl_CtrlAddr(Bits6(0x0d),CgraData_32_1_1_1(Bits32(0x00000006),Bits1(0x1),Bits1(0x0),Bits1(0x0)),Bits14(0x0000),CGRAConfig_7_4_2_4_4_3_4(Bits7(0x00),[Bits3(0x0), Bits3(0x0), Bits3(0x0), Bits3(0x0)],[Bits4(0x0), Bits4(0x0), Bits4(0x0), Bits4(0x0), Bits4(0x0), Bits4(0x0), Bits4(0x0), Bits4(0x0)],[Bits2(0x0), Bits2(0x0), Bits2(0x0), Bits2(0x0), Bits2(0x0), Bits2(0x0), Bits2(0x0), Bits2(0x0)],Bits3(0x0),Bits1(0x0),[Bits2(0x0), Bits2(0x0), Bits2(0x0), Bits2(0x0)],[Bits3(0x0), Bits3(0x0), Bits3(0x0), Bits3(0x0)],[Bits2(0x0), Bits2(0x0), Bits2(0x0), Bits2(0x0)],[Bits3(0x0), Bits3(0x0), Bits3(0x0), Bits3(0x0)]),Bits3(0x0))), IntraCgraPacket_4_4x1_16_8_2_CgraPayload(Bits5(0x00),Bits5(0x0a),Bits2(0x0),Bits2(0x0),Bits2(0x0),Bits1(0x0),Bits2(0x0),Bits1(0x0),Bits8(0x00),Bits1(0x0),MultiCgraPayload_Cmd_Data_DataAddr_Ctrl_CtrlAddr(Bits6(0x08),CgraData_32_1_1_1(Bits32(0x00000005),Bits1(0x1),Bits1(0x0),Bits1(0x0)),Bits14(0x0000),CGRAConfig_7_4_2_4_4_3_4(Bits7(0x00),[Bits3(0x0), Bits3(0x0), Bits3(0x0), Bits3(0x0)],[Bits4(0x0), Bits4(0x0), Bits4(0x0), Bits4(0x0), Bits4(0x0), Bits4(0x0), Bits4(0x0), Bits4(0x0)],[Bits2(0x0), Bits2(0x0), Bits2(0x0), Bits2(0x0), Bits2(0x0), Bits2(0x0), Bits2(0x0), Bits2(0x0)],Bits3(0x0),Bits1(0x0),[Bits2(0x0), Bits2(0x0), Bits2(0x0), Bits2(0x0)],[Bits3(0x0), Bits3(0x0), Bits3(0x0), Bits3(0x0)],[Bits2(0x0), Bits2(0x0), Bits2(0x0), Bits2(0x0)],[Bits3(0x0), Bits3(0x0), Bits3(0x0), Bits3(0x0)]),Bits3(0x0))), IntraCgraPacket_4_4x1_16_8_2_CgraPayload(Bits5(0x00),Bits5(0x0a),Bits2(0x0),Bits2(0x0),Bits2(0x0),Bits1(0x0),Bits2(0x0),Bits1(0x0),Bits8(0x00),Bits1(0x0),MultiCgraPayload_Cmd_Data_DataAddr_Ctrl_CtrlAddr(Bits6(0x07),CgraData_32_1_1_1(Bits32(0x00000028),Bits1(0x1),Bits1(0x0),Bits1(0x0)),Bits14(0x0000),CGRAConfig_7_4_2_4_4_3_4(Bits7(0x00),[Bits3(0x0), Bits3(0x0), Bits3(0x0), Bits3(0x0)],[Bits4(0x0), Bits4(0x0), Bits4(0x0), Bits4(0x0), Bits4(0x0), Bits4(0x0), Bits4(0x0), Bits4(0x0)],[Bits2(0x0), Bits2(0x0), Bits2(0x0), Bits2(0x0), Bits2(0x0), Bits2(0x0), Bits2(0x0), Bits2(0x0)],Bits3(0x0),Bits1(0x0),[Bits2(0x0), Bits2(0x0), Bits2(0x0), Bits2(0x0)],[Bits3(0x0), Bits3(0x0), Bits3(0x0), Bits3(0x0)],[Bits2(0x0), Bits2(0x0), Bits2(0x0), Bits2(0x0)],[Bits3(0x0), Bits3(0x0), Bits3(0x0), Bits3(0x0)]),Bits3(0x0))), IntraCgraPacket_4_4x1_16_8_2_CgraPayload(Bits5(0x00),Bits5(0x0a),Bits2(0x0),Bits2(0x0),Bits2(0x0),Bits1(0x0),Bits2(0x0),Bits1(0x0),Bits8(0x00),Bits1(0x0),MultiCgraPayload_Cmd_Data_DataAddr_Ctrl_CtrlAddr(Bits6(0x03),CgraData_32_1_1_1(Bits32(0x00000000),Bits1(0x0),Bits1(0x0),Bits1(0x0)),Bits14(0x0000),CGRAConfig_7_4_2_4_4_3_4(Bits7(0x10),[Bits3(0x2), Bits3(0x1), Bits3(0x0), Bits3(0x0)],[Bits4(0x0), Bits4(0x3), Bits4(0x0), Bits4(0x0), Bits4(0x0), Bits4(0x0), Bits4(0x0), Bits4(0x0)],[Bits2(0x0), Bits2(0x0), Bits2(0x0), Bits2(0x0), Bits2(0x1), Bits2(0x0), Bits2(0x0), Bits2(0x0)],Bits3(0x0),Bits1(0x0),[Bits2(0x2), Bits2(0x0), Bits2(0x0), Bits2(0x0)],[Bits3(0x0), Bits3(0x0), Bits3(0x0), Bits3(0x0)],[Bits2(0x1), Bits2(0x1), Bits2(0x0), Bits2(0x0)],[Bits3(0x0), Bits3(0x0), Bits3(0x0), Bits3(0x0)]),Bits3(0x0))), IntraCgraPacket_4_4x1_16_8_2_CgraPayload(Bits5(0x00),Bits5(0x0a),Bits2(0x0),Bits2(0x0),Bits2(0x0),Bits1(0x0),Bits2(0x0),Bits1(0x0),Bits8(0x00),Bits1(0x0),MultiCgraPayload_Cmd_Data_DataAddr_Ctrl_CtrlAddr(Bits6(0x03),CgraData_32_1_1_1(Bits32(0x00000000),Bits1(0x0),Bits1(0x0),Bits1(0x0)),Bits14(0x0000),CGRAConfig_7_4_2_4_4_3_4(Bits7(0x54),[Bits3(0x2), Bits3(0x1), Bits3(0x0), Bits3(0x0)],[Bits4(0x0), Bits4(0x0), Bits4(0x4), Bits4(0x0), Bits4(0x0), Bits4(0x4), Bits4(0x0), Bits4(0x0)],[Bits2(0x0), Bits2(0x0), Bits2(0x0), Bits2(0x1), Bits2(0x1), Bits2(0x0), Bits2(0x0), Bits2(0x0)],Bits3(0x0),Bits1(0x0),[Bits2(0x2), Bits2(0x0), Bits2(0x0), Bits2(0x0)],[Bits3(0x0), Bits3(0x0), Bits3(0x0), Bits3(0x0)],[Bits2(0x1), Bits2(0x0), Bits2(0x0), Bits2(0x0)],[Bits3(0x0), Bits3(0x0), Bits3(0x0), Bits3(0x0)]),Bits3(0x1))), IntraCgraPacket_4_4x1_16_8_2_CgraPayload(Bits5(0x00),Bits5(0x0a),Bits2(0x0),Bits2(0x0),Bits2(0x0),Bits1(0x0),Bits2(0x0),Bits1(0x0),Bits8(0x00),Bits1(0x0),MultiCgraPayload_Cmd_Data_DataAddr_Ctrl_CtrlAddr(Bits6(0x03),CgraData_32_1_1_1(Bits32(0x00000000),Bits1(0x0),Bits1(0x0),Bits1(0x0)),Bits14(0x0000),CGRAConfig_7_4_2_4_4_3_4(Bits7(0x19),[Bits3(0x1), Bits3(0x0), Bits3(0x0), Bits3(0x0)],[Bits4(0x0), Bits4(0x0), Bits4(0x0), Bits4(0x0), Bits4(0x0), Bits4(0x0), Bits4(0x0), Bits4(0x0)],[Bits2(0x0), Bits2(0x0), Bits2(0x0), Bits2(0x0), Bits2(0x1), Bits2(0x1), Bits2(0x0), Bits2(0x0)],Bits3(0x0),Bits1(0x0),[Bits2(0x2), Bits2(0x2), Bits2(0x0), Bits2(0x0)],[Bits3(0x0), Bits3(0x0), Bits3(0x0), Bits3(0x0)],[Bits2(0x1), Bits2(0x0), Bits2(0x0), Bits2(0x0)],[Bits3(0x0), Bits3(0x0), Bits3(0x0), Bits3(0x0)]),Bits3(0x2))), IntraCgraPacket_4_4x1_16_8_2_CgraPayload(Bits5(0x00),Bits5(0x0a),Bits2(0x0),Bits2(0x0),Bits2(0x0),Bits1(0x0),Bits2(0x0),Bits1(0x0),Bits8(0x00),Bits1(0x0),MultiCgraPayload_Cmd_Data_DataAddr_Ctrl_CtrlAddr(Bits6(0x03),CgraData_32_1_1_1(Bits32(0x00000000),Bits1(0x0),Bits1(0x0),Bits1(0x0)),Bits14(0x0000),CGRAConfig_7_4_2_4_4_3_4(Bits7(0x21),[Bits3(0x1), Bits3(0x0), Bits3(0x0), Bits3(0x0)],[Bits4(0x0), Bits4(0x3), Bits4(0x0), Bits4(0x0), Bits4(0x0), Bits4(0x0), Bits4(0x0), Bits4(0x0)],[Bits2(0x0), Bits2(0x0), Bits2(0x1), Bits2(0x0), Bits2(0x1), Bits2(0x0), Bits2(0x0), Bits2(0x0)],Bits3(0x0),Bits1(0x0),[Bits2(0x2), Bits2(0x0), Bits2(0x0), Bits2(0x0)],[Bits3(0x0), Bits3(0x0), Bits3(0x0), Bits3(0x0)],[Bits2(0x1), Bits2(0x0), Bits2(0x0), Bits2(0x0)],[Bits3(0x0), Bits3(0x0), Bits3(0x0), Bits3(0x0)]),Bits3(0x3))), IntraCgraPacket_4_4x1_16_8_2_CgraPayload(Bits5(0x00),Bits5(0x0a),Bits2(0x0),Bits2(0x0),Bits2(0x0),Bits1(0x0),Bits2(0x0),Bits1(0x0),Bits8(0x00),Bits1(0x0),MultiCgraPayload_Cmd_Data_DataAddr_Ctrl_CtrlAddr(Bits6(0x03),CgraData_32_1_1_1(Bits32(0x00000000),Bits1(0x0),Bits1(0x0),Bits1(0x0)),Bits14(0x0000),CGRAConfig_7_4_2_4_4_3_4(Bits7(0x0b),[Bits3(0x1), Bits3(0x0), Bits3(0x0), Bits3(0x0)],[Bits4(0x0), Bits4(0x0), Bits4(0x0), Bits4(0x0), Bits4(0x0), Bits4(0x0), Bits4(0x0), Bits4(0x0)],[Bits2(0x0), Bits2(0x0), Bits2(0x1), Bits2(0x0), Bits2(0x1), Bits2(0x0), Bits2(0x0), Bits2(0x0)],Bits3(0x0),Bits1(0x0),[Bits2(0x2), Bits2(0x0), Bits2(0x0), Bits2(0x0)],[Bits3(0x0), Bits3(0x0), Bits3(0x0), Bits3(0x0)],[Bits2(0x1), Bits2(0x0), Bits2(0x0), Bits2(0x0)],[Bits3(0x0), Bits3(0x0), Bits3(0x0), Bits3(0x0)]),Bits3(0x4))), IntraCgraPacket_4_4x1_16_8_2_CgraPayload(Bits5(0x00),Bits5(0x0a),Bits2(0x0),Bits2(0x0),Bits2(0x0),Bits1(0x0),Bits2(0x0),Bits1(0x0),Bits8(0x00),Bits1(0x0),MultiCgraPayload_Cmd_Data_DataAddr_Ctrl_CtrlAddr(Bits6(0x04),CgraData_32_1_1_1(Bits32(0x00000001),Bits1(0x1),Bits1(0x0),Bits1(0x0)),Bits14(0x0000),CGRAConfig_7_4_2_4_4_3_4(Bits7(0x00),[Bits3(0x0), Bits3(0x0), Bits3(0x0), Bits3(0x0)],[Bits4(0x0), Bits4(0x0), Bits4(0x0), Bits4(0x0), Bits4(0x0), Bits4(0x0), Bits4(0x0), Bits4(0x0)],[Bits2(0x0), Bits2(0x0), Bits2(0x0), Bits2(0x0), Bits2(0x0), Bits2(0x0), Bits2(0x0), Bits2(0x0)],Bits3(0x0),Bits1(0x0),[Bits2(0x0), Bits2(0x0), Bits2(0x0), Bits2(0x0)],[Bits3(0x0), Bits3(0x0), Bits3(0x0), Bits3(0x0)],[Bits2(0x0), Bits2(0x0), Bits2(0x0), Bits2(0x0)],[Bits3(0x0), Bits3(0x0), Bits3(0x0), Bits3(0x0)]),Bits3(0x0))), IntraCgraPacket_4_4x1_16_8_2_CgraPayload(Bits5(0x00),Bits5(0x0a),Bits2(0x0),Bits2(0x0),Bits2(0x0),Bits1(0x0),Bits2(0x0),Bits1(0x0),Bits8(0x00),Bits1(0x0),MultiCgraPayload_Cmd_Data_DataAddr_Ctrl_CtrlAddr(Bits6(0x05),CgraData_32_1_1_1(Bits32(0x00000001),Bits1(0x1),Bits1(0x0),Bits1(0x0)),Bits14(0x0000),CGRAConfig_7_4_2_4_4_3_4(Bits7(0x00),[Bits3(0x0), Bits3(0x0), Bits3(0x0), Bits3(0x0)],[Bits4(0x0), Bits4(0x0), Bits4(0x0), Bits4(0x0), Bits4(0x0), Bits4(0x0), Bits4(0x0), Bits4(0x0)],[Bits2(0x0), Bits2(0x0), Bits2(0x0), Bits2(0x0), Bits2(0x0), Bits2(0x0), Bits2(0x0), Bits2(0x0)],Bits3(0x0),Bits1(0x0),[Bits2(0x0), Bits2(0x0), Bits2(0x0), Bits2(0x0)],[Bits3(0x0), Bits3(0x0), Bits3(0x0), Bits3(0x0)],[Bits2(0x0), Bits2(0x0), Bits2(0x0), Bits2(0x0)],[Bits3(0x0), Bits3(0x0), Bits3(0x0), Bits3(0x0)]),Bits3(0x0))), IntraCgraPacket_4_4x1_16_8_2_CgraPayload(Bits5(0x00),Bits5(0x0a),Bits2(0x0),Bits2(0x0),Bits2(0x0),Bits1(0x0),Bits2(0x0),Bits1(0x0),Bits8(0x00),Bits1(0x0),MultiCgraPayload_Cmd_Data_DataAddr_Ctrl_CtrlAddr(Bits6(0x06),CgraData_32_1_1_1(Bits32(0x00000001),Bits1(0x1),Bits1(0x0),Bits1(0x0)),Bits14(0x0000),CGRAConfig_7_4_2_4_4_3_4(Bits7(0x00),[Bits3(0x0), Bits3(0x0), Bits3(0x0), Bits3(0x0)],[Bits4(0x3), Bits4(0x0), Bits4(0x0), Bits4(0x0), Bits4(0x0), Bits4(0x0), Bits4(0x0), Bits4(0x0)],[Bits2(0x0), Bits2(0x0), Bits2(0x0), Bits2(0x0), Bits2(0x0), Bits2(0x0), Bits2(0x0), Bits2(0x0)],Bits3(0x0),Bits1(0x0),[Bits2(0x0), Bits2(0x0), Bits2(0x0), Bits2(0x0)],[Bits3(0x0), Bits3(0x0), Bits3(0x0), Bits3(0x0)],[Bits2(0x0), Bits2(0x0), Bits2(0x0), Bits2(0x0)],[Bits3(0x0), Bits3(0x0), Bits3(0x0), Bits3(0x0)]),Bits3(0x0))), IntraCgraPacket_4_4x1_16_8_2_CgraPayload(Bits5(0x00),Bits5(0x0a),Bits2(0x0),Bits2(0x0),Bits2(0x0),Bits1(0x0),Bits2(0x0),Bits1(0x0),Bits8(0x00),Bits1(0x0),MultiCgraPayload_Cmd_Data_DataAddr_Ctrl_CtrlAddr(Bits6(0x06),CgraData_32_1_1_1(Bits32(0x00000001),Bits1(0x1),Bits1(0x0),Bits1(0x0)),Bits14(0x0000),CGRAConfig_7_4_2_4_4_3_4(Bits7(0x00),[Bits3(0x0), Bits3(0x0), Bits3(0x0), Bits3(0x0)],[Bits4(0x3), Bits4(0x0), Bits4(0x0), Bits4(0x0), Bits4(0x0), Bits4(0x0), Bits4(0x0), Bits4(0x0)],[Bits2(0x0), Bits2(0x0), Bits2(0x0), Bits2(0x0), Bits2(0x0), Bits2(0x0), Bits2(0x0), Bits2(0x0)],Bits3(0x0),Bits1(0x0),[Bits2(0x0), Bits2(0x0), Bits2(0x0), Bits2(0x0)],[Bits3(0x0), Bits3(0x0), Bits3(0x0), Bits3(0x0)],[Bits2(0x0), Bits2(0x0), Bits2(0x0), Bits2(0x0)],[Bits3(0x0), Bits3(0x0), Bits3(0x0), Bits3(0x0)]),Bits3(0x3))), IntraCgraPacket_4_4x1_16_8_2_CgraPayload(Bits5(0x00),Bits5(0x0a),Bits2(0x0),Bits2(0x0),Bits2(0x0),Bits1(0x0),Bits2(0x0),Bits1(0x0),Bits8(0x00),Bits1(0x0),MultiCgraPayload_Cmd_Data_DataAddr_Ctrl_CtrlAddr(Bits6(0x00),CgraData_32_1_1_1(Bits32(0x00000000),Bits1(0x0),Bits1(0x0),Bits1(0x0)),Bits14(0x0000),CGRAConfig_7_4_2_4_4_3_4(Bits7(0x00),[Bits3(0x0), Bits3(0x0), Bits3(0x0), Bits3(0x0)],[Bits4(0x0), Bits4(0x0), Bits4(0x0), Bits4(0x0), Bits4(0x0), Bits4(0x0), Bits4(0x0), Bits4(0x0)],[Bits2(0x0), Bits2(0x0), Bits2(0x0), Bits2(0x0), Bits2(0x0), Bits2(0x0), Bits2(0x0), Bits2(0x0)],Bits3(0x0),Bits1(0x0),[Bits2(0x0), Bits2(0x0), Bits2(0x0), Bits2(0x0)],[Bits3(0x0), Bits3(0x0), Bits3(0x0), Bits3(0x0)],[Bits2(0x0), Bits2(0x0), Bits2(0x0), Bits2(0x0)],[Bits3(0x0), Bits3(0x0), Bits3(0x0), Bits3(0x0)]),Bits3(0x0)))], [IntraCgraPacket_4_4x1_16_8_2_CgraPayload(Bits5(0x00),Bits5(0x0b),Bits2(0x0),Bits2(0x0),Bits2(0x0),Bits1(0x0),Bits2(0x0),Bits1(0x0),Bits8(0x00),Bits1(0x0),MultiCgraPayload_Cmd_Data_DataAddr_Ctrl_CtrlAddr(Bits6(0x0d),CgraData_32_1_1_1(Bits32(0x00000000),Bits1(0x1),Bits1(0x0),Bits1(0x0)),Bits14(0x0000),CGRAConfig_7_4_2_4_4_3_4(Bits7(0x00),[Bits3(0x0), Bits3(0x0), Bits3(0x0), Bits3(0x0)],[Bits4(0x0), Bits4(0x0), Bits4(0x0), Bits4(0x0), Bits4(0x0), Bits4(0x0), Bits4(0x0), Bits4(0x0)],[Bits2(0x0), Bits2(0x0), Bits2(0x0), Bits2(0x0), Bits2(0x0), Bits2(0x0), Bits2(0x0), Bits2(0x0)],Bits3(0x0),Bits1(0x0),[Bits2(0x0), Bits2(0x0), Bits2(0x0), Bits2(0x0)],[Bits3(0x0), Bits3(0x0), Bits3(0x0), Bits3(0x0)],[Bits2(0x0), Bits2(0x0), Bits2(0x0), Bits2(0x0)],[Bits3(0x0), Bits3(0x0), Bits3(0x0), Bits3(0x0)]),Bits3(0x0))), IntraCgraPacket_4_4x1_16_8_2_CgraPayload(Bits5(0x00),Bits5(0x0b),Bits2(0x0),Bits2(0x0),Bits2(0x0),Bits1(0x0),Bits2(0x0),Bits1(0x0),Bits8(0x00),Bits1(0x0),MultiCgraPayload_Cmd_Data_DataAddr_Ctrl_CtrlAddr(Bits6(0x0d),CgraData_32_1_1_1(Bits32(0x00000003),Bits1(0x1),Bits1(0x0),Bits1(0x0)),Bits14(0x0000),CGRAConfig_7_4_2_4_4_3_4(Bits7(0x00),[Bits3(0x0), Bits3(0x0), Bits3(0x0), Bits3(0x0)],[Bits4(0x0), Bits4(0x0), Bits4(0x0), Bits4(0x0), Bits4(0x0), Bits4(0x0), Bits4(0x0), Bits4(0x0)],[Bits2(0x0), Bits2(0x0), Bits2(0x0), Bits2(0x0), Bits2(0x0), Bits2(0x0), Bits2(0x0), Bits2(0x0)],Bits3(0x0),Bits1(0x0),[Bits2(0x0), Bits2(0x0), Bits2(0x0), Bits2(0x0)],[Bits3(0x0), Bits3(0x0), Bits3(0x0), Bits3(0x0)],[Bits2(0x0), Bits2(0x0), Bits2(0x0), Bits2(0x0)],[Bits3(0x0), Bits3(0x0), Bits3(0x0), Bits3(0x0)]),Bits3(0x0))), IntraCgraPacket_4_4x1_16_8_2_CgraPayload(Bits5(0x00),Bits5(0x0b),Bits2(0x0),Bits2(0x0),Bits2(0x0),Bits1(0x0),Bits2(0x0),Bits1(0x0),Bits8(0x00),Bits1(0x0),MultiCgraPayload_Cmd_Data_DataAddr_Ctrl_CtrlAddr(Bits6(0x08),CgraData_32_1_1_1(Bits32(0x00000005),Bits1(0x1),Bits1(0x0),Bits1(0x0)),Bits14(0x0000),CGRAConfig_7_4_2_4_4_3_4(Bits7(0x00),[Bits3(0x0), Bits3(0x0), Bits3(0x0), Bits3(0x0)],[Bits4(0x0), Bits4(0x0), Bits4(0x0), Bits4(0x0), Bits4(0x0), Bits4(0x0), Bits4(0x0), Bits4(0x0)],[Bits2(0x0), Bits2(0x0), Bits2(0x0), Bits2(0x0), Bits2(0x0), Bits2(0x0), Bits2(0x0), Bits2(0x0)],Bits3(0x0),Bits1(0x0),[Bits2(0x0), Bits2(0x0), Bits2(0x0), Bits2(0x0)],[Bits3(0x0), Bits3(0x0), Bits3(0x0), Bits3(0x0)],[Bits2(0x0), Bits2(0x0), Bits2(0x0), Bits2(0x0)],[Bits3(0x0), Bits3(0x0), Bits3(0x0), Bits3(0x0)]),Bits3(0x0))), IntraCgraPacket_4_4x1_16_8_2_CgraPayload(Bits5(0x00),Bits5(0x0b),Bits2(0x0),Bits2(0x0),Bits2(0x0),Bits1(0x0),Bits2(0x0),Bits1(0x0),Bits8(0x00),Bits1(0x0),MultiCgraPayload_Cmd_Data_DataAddr_Ctrl_CtrlAddr(Bits6(0x07),CgraData_32_1_1_1(Bits32(0x00000028),Bits1(0x1),Bits1(0x0),Bits1(0x0)),Bits14(0x0000),CGRAConfig_7_4_2_4_4_3_4(Bits7(0x00),[Bits3(0x0), Bits3(0x0), Bits3(0x0), Bits3(0x0)],[Bits4(0x0), Bits4(0x0), Bits4(0x0), Bits4(0x0), Bits4(0x0), Bits4(0x0), Bits4(0x0), Bits4(0x0)],[Bits2(0x0), Bits2(0x0), Bits2(0x0), Bits2(0x0), Bits2(0x0), Bits2(0x0), Bits2(0x0), Bits2(0x0)],Bits3(0x0),Bits1(0x0),[Bits2(0x0), Bits2(0x0), Bits2(0x0), Bits2(0x0)],[Bits3(0x0), Bits3(0x0), Bits3(0x0), Bits3(0x0)],[Bits2(0x0), Bits2(0x0), Bits2(0x0), Bits2(0x0)],[Bits3(0x0), Bits3(0x0), Bits3(0x0), Bits3(0x0)]),Bits3(0x0))), IntraCgraPacket_4_4x1_16_8_2_CgraPayload(Bits5(0x00),Bits5(0x0b),Bits2(0x0),Bits2(0x0),Bits2(0x0),Bits1(0x0),Bits2(0x0),Bits1(0x0),Bits8(0x00),Bits1(0x0),MultiCgraPayload_Cmd_Data_DataAddr_Ctrl_CtrlAddr(Bits6(0x03),CgraData_32_1_1_1(Bits32(0x00000000),Bits1(0x0),Bits1(0x0),Bits1(0x0)),Bits14(0x0000),CGRAConfig_7_4_2_4_4_3_4(Bits7(0x58),[Bits3(0x0), Bits3(0x0), Bits3(0x0), Bits3(0x0)],[Bits4(0x0), Bits4(0x0), Bits4(0x0), Bits4(0x0), Bits4(0x0), Bits4(0x0), Bits4(0x0), Bits4(0x0)],[Bits2(0x0), Bits2(0x0), Bits2(0x1), Bits2(0x0), Bits2(0x0), Bits2(0x0), Bits2(0x0), Bits2(0x0)],Bits3(0x0),Bits1(0x0),[Bits2(0x0), Bits2(0x0), Bits2(0x0), Bits2(0x0)],[Bits3(0x0), Bits3(0x0), Bits3(0x0), Bits3(0x0)],[Bits2(0x0), Bits2(0x0), Bits2(0x0), Bits2(0x0)],[Bits3(0x0), Bits3(0x0), Bits3(0x0), Bits3(0x0)]),Bits3(0x0))), IntraCgraPacket_4_4x1_16_8_2_CgraPayload(Bits5(0x00),Bits5(0x0b),Bits2(0x0),Bits2(0x0),Bits2(0x0),Bits1(0x0),Bits2(0x0),Bits1(0x0),Bits8(0x00),Bits1(0x0),MultiCgraPayload_Cmd_Data_DataAddr_Ctrl_CtrlAddr(Bits6(0x03),CgraData_32_1_1_1(Bits32(0x00000000),Bits1(0x0),Bits1(0x0),Bits1(0x0)),Bits14(0x0000),CGRAConfig_7_4_2_4_4_3_4(Bits7(0x01),[Bits3(0x1), Bits3(0x2), Bits3(0x3), Bits3(0x4)],[Bits4(0x0), Bits4(0x0), Bits4(0x0), Bits4(0x0), Bits4(0x0), Bits4(0x0), Bits4(0x0), Bits4(0x0)],[Bits2(0x0), Bits2(0x0), Bits2(0x0), Bits2(0x0), Bits2(0x0), Bits2(0x0), Bits2(0x0), Bits2(0x0)],Bits3(0x0),Bits1(0x0),[Bits2(0x0), Bits2(0x0), Bits2(0x0), Bits2(0x0)],[Bits3(0x0), Bits3(0x0), Bits3(0x0), Bits3(0x0)],[Bits2(0x0), Bits2(0x0), Bits2(0x0), Bits2(0x0)],[Bits3(0x0), Bits3(0x0), Bits3(0x0), Bits3(0x0)]),Bits3(0x1))), IntraCgraPacket_4_4x1_16_8_2_CgraPayload(Bits5(0x00),Bits5(0x0b),Bits2(0x0),Bits2(0x0),Bits2(0x0),Bits1(0x0),Bits2(0x0),Bits1(0x0),Bits8(0x00),Bits1(0x0),MultiCgraPayload_Cmd_Data_DataAddr_Ctrl_CtrlAddr(Bits6(0x03),CgraData_32_1_1_1(Bits32(0x00000000),Bits1(0x0),Bits1(0x0),Bits1(0x0)),Bits14(0x0000),CGRAConfig_7_4_2_4_4_3_4(Bits7(0x1f),[Bits3(0x1), Bits3(0x0), Bits3(0x0), Bits3(0x0)],[Bits4(0x0), Bits4(0x0), Bits4(0x0), Bits4(0x0), Bits4(0x3), Bits4(0x0), Bits4(0x0), Bits4(0x0)],[Bits2(0x0), Bits2(0x1), Bits2(0x0), Bits2(0x0), Bits2(0x1), Bits2(0x0), Bits2(0x0), Bits2(0x0)],Bits3(0x0),Bits1(0x0),[Bits2(0x2), Bits2(0x0), Bits2(0x0), Bits2(0x0)],[Bits3(0x0), Bits3(0x0), Bits3(0x0), Bits3(0x0)],[Bits2(0x0), Bits2(0x0), Bits2(0x0), Bits2(0x0)],[Bits3(0x0), Bits3(0x0), Bits3(0x0), Bits3(0x0)]),Bits3(0x2))), IntraCgraPacket_4_4x1_16_8_2_CgraPayload(Bits5(0x00),Bits5(0x0b),Bits2(0x0),Bits2(0x0),Bits2(0x0),Bits1(0x0),Bits2(0x0),Bits1(0x0),Bits8(0x00),Bits1(0x0),MultiCgraPayload_Cmd_Data_DataAddr_Ctrl_CtrlAddr(Bits6(0x03),CgraData_32_1_1_1(Bits32(0x00000000),Bits1(0x0),Bits1(0x0),Bits1(0x0)),Bits14(0x0000),CGRAConfig_7_4_2_4_4_3_4(Bits7(0x2c),[Bits3(0x1), Bits3(0x0), Bits3(0x0), Bits3(0x0)],[Bits4(0x0), Bits4(0x0), Bits4(0x0), Bits4(0x0), Bits4(0x0), Bits4(0x0), Bits4(0x0), Bits4(0x0)],[Bits2(0x0), Bits2(0x0), Bits2(0x0), Bits2(0x0), Bits2(0x1), Bits2(0x0), Bits2(0x0), Bits2(0x0)],Bits3(0x0),Bits1(0x0),[Bits2(0x2), Bits2(0x0), Bits2(0x0), Bits2(0x0)],[Bits3(0x0), Bits3(0x0), Bits3(0x0), Bits3(0x0)],[Bits2(0x1), Bits2(0x0), Bits2(0x0), Bits2(0x0)],[Bits3(0x0), Bits3(0x0), Bits3(0x0), Bits3(0x0)]),Bits3(0x3))), IntraCgraPacket_4_4x1_16_8_2_CgraPayload(Bits5(0x00),Bits5(0x0b),Bits2(0x0),Bits2(0x0),Bits2(0x0),Bits1(0x0),Bits2(0x0),Bits1(0x0),Bits8(0x00),Bits1(0x0),MultiCgraPayload_Cmd_Data_DataAddr_Ctrl_CtrlAddr(Bits6(0x03),CgraData_32_1_1_1(Bits32(0x00000000),Bits1(0x0),Bits1(0x0),Bits1(0x0)),Bits14(0x0000),CGRAConfig_7_4_2_4_4_3_4(Bits7(0x1f),[Bits3(0x1), Bits3(0x0), Bits3(0x0), Bits3(0x0)],[Bits4(0x0), Bits4(0x0), Bits4(0x0), Bits4(0x0), Bits4(0x0), Bits4(0x0), Bits4(0x0), Bits4(0x0)],[Bits2(0x0), Bits2(0x1), Bits2(0x0), Bits2(0x0), Bits2(0x0), Bits2(0x0), Bits2(0x0), Bits2(0x0)],Bits3(0x0),Bits1(0x0),[Bits2(0x0), Bits2(0x0), Bits2(0x0), Bits2(0x0)],[Bits3(0x0), Bits3(0x0), Bits3(0x0), Bits3(0x0)],[Bits2(0x1), Bits2(0x0), Bits2(0x0), Bits2(0x0)],[Bits3(0x0), Bits3(0x0), Bits3(0x0), Bits3(0x0)]),Bits3(0x4))), IntraCgraPacket_4_4x1_16_8_2_CgraPayload(Bits5(0x00),Bits5(0x0b),Bits2(0x0),Bits2(0x0),Bits2(0x0),Bits1(0x0),Bits2(0x0),Bits1(0x0),Bits8(0x00),Bits1(0x0),MultiCgraPayload_Cmd_Data_DataAddr_Ctrl_CtrlAddr(Bits6(0x00),CgraData_32_1_1_1(Bits32(0x00000000),Bits1(0x0),Bits1(0x0),Bits1(0x0)),Bits14(0x0000),CGRAConfig_7_4_2_4_4_3_4(Bits7(0x00),[Bits3(0x0), Bits3(0x0), Bits3(0x0), Bits3(0x0)],[Bits4(0x0), Bits4(0x0), Bits4(0x0), Bits4(0x0), Bits4(0x0), Bits4(0x0), Bits4(0x0), Bits4(0x0)],[Bits2(0x0), Bits2(0x0), Bits2(0x0), Bits2(0x0), Bits2(0x0), Bits2(0x0), Bits2(0x0), Bits2(0x0)],Bits3(0x0),Bits1(0x0),[Bits2(0x0), Bits2(0x0), Bits2(0x0), Bits2(0x0)],[Bits3(0x0), Bits3(0x0), Bits3(0x0), Bits3(0x0)],[Bits2(0x0), Bits2(0x0), Bits2(0x0), Bits2(0x0)],[Bits3(0x0), Bits3(0x0), Bits3(0x0), Bits3(0x0)]),Bits3(0x0)))]]
[cyc=   0] t2*a0:0x00t0e0r0f0q0c000p0 | t3*a0:0x00t0e0r0f0q0c000p0 | t5*a0:0x00t0e0r0f0q0c000p0 | t6*a0:0x00t0e0r0f0q0c000p0 | t7*a0:0x00t0e0r0f0q0c000p0 | t9*a0:0x00t0e0r0f0q0c000p0 | t10*a0:0x00t0e0r0f0q0c000p0 | t11*a0:0x00t0e0r0f0q0c000p0
[cyc=   1] t2 a0:0x00t0e0r0f0q0c000p0 | t3 a0:0x00t0e0r0f0q0c000p0 | t5 a0:0x00t0e0r0f0q0c000p0 | t6 a0:0x00t0e0r0f0q0c000p0 | t7 a0:0x00t0e0r0f0q0c000p0 | t9 a0:0x00t0e0r0f0q0c000p0 | t10 a0:0x00t0e0r0f0q0c000p0 | t11 a0:0x00t0e0r0f0q0c000p0
[cyc=   2] t2 a0:0x00t0e0r0f0q0c000p0 | t3 a0:0x00t0e0r0f0q0c000p0 | t5 a0:0x00t0e0r0f0q0c000p0 | t6 a0:0x00t0e0r0f0q0c000p0 | t7 a0:0x00t0e0r0f0q0c000p0 | t9 a0:0x00t0e0r0f0q0c000p0 | t10 a0:0x00t0e0r0f0q0c000p0 | t11 a0:0x00t0e0r0f0q0c000p0
[cyc=   3] t2 a0:0x00t0e0r0f0q0c000p0 | t3 a0:0x00t0e0r0f0q0c000p0 | t5 a0:0x00t0e0r0f0q0c000p0 | t6 a0:0x00t0e0r0f0q0c000p0 | t7 a0:0x00t0e0r0f0q0c000p0 | t9 a0:0x00t0e0r0f0q0c000p0 | t10 a0:0x00t0e0r0f0q0c000p0 | t11 a0:0x00t0e0r0f0q0c000p0
[cyc=   4] t2 a0:0x00t0e0r0f0q0c000p0 | t3 a0:0x00t0e0r0f0q0c000p0 | t5 a0:0x00t0e0r0f0q0c000p0 | t6 a0:0x00t0e0r0f0q0c000p0 | t7 a0:0x00t0e0r0f0q0c000p0 | t9 a0:0x00t0e0r0f0q0c000p0 | t10 a0:0x00t0e0r0f0q0c000p0 | t11 a0:0x00t0e0r0f0q0c000p0
[cyc=  37] t2*a1:0x10t1e0r0f0q0c000p2 | t3 a0:0x00t0e0r0f0q0c000p0 | t5 a0:0x00t0e0r0f0q0c000p0 | t6 a0:0x00t0e0r0f0q0c000p0 | t7 a0:0x00t0e0r0f0q0c000p0 | t9 a0:0x00t0e0r0f0q0c000p0 | t10 a0:0x00t0e0r0f0q0c000p0 | t11 a0:0x00t0e0r0f0q0c000p0
[cyc=  38] t2*a2:0x23t2e0r0f0q0c000p2 | t3 a0:0x00t0e0r0f0q0c000p0 | t5 a0:0x00t0e0r0f0q0c000p0 | t6 a0:0x00t0e0r0f0q0c000p0 | t7 a0:0x00t0e0r0f0q0c000p0 | t9 a0:0x00t0e0r0f0q0c000p0 | t10 a0:0x00t0e0r0f0q0c000p0 | t11 a0:0x00t0e0r0f0q0c000p0
[cyc=  39] t2*a3:0x01t3e0r0f0q0c000p0 | t3 a0:0x00t0e0r0f0q0c000p0 | t5 a0:0x00t0e0r0f0q0c000p0 | t6 a0:0x00t0e0r0f0q0c000p0 | t7 a0:0x00t0e0r0f0q0c000p0 | t9 a0:0x00t0e0r0f0q0c000p0 | t10 a0:0x00t0e0r0f0q0c000p0 | t11 a0:0x00t0e0r0f0q0c000p0
[cyc=  40] t2*a4:0x01t4e0r0f0q0c000p1 | t3 a0:0x00t0e0r0f0q0c000p0 | t5 a0:0x00t0e0r0f0q0c000p0 | t6 a0:0x00t0e0r0f0q0c000p0 | t7 a0:0x00t0e0r0f0q0c000p0 | t9 a0:0x00t0e0r0f0q0c000p0 | t10 a0:0x00t0e0r0f0q0c000p0 | t11 a0:0x00t0e0r0f0q0c000p0
[cyc=  41] t2*a0:0x01t5e0r0f0q0c000p0 | t3 a0:0x00t0e0r0f0q0c000p0 | t5 a0:0x00t0e0r0f0q0c000p0 | t6 a0:0x00t0e0r0f0q0c000p0 | t7 a0:0x00t0e0r0f0q0c000p0 | t9 a0:0x00t0e0r0f0q0c000p0 | t10 a0:0x00t0e0r0f0q0c000p0 | t11 a0:0x00t0e0r0f0q0c000p0
[cyc=  42] t2*a1:0x10t6e0r0f0q0c000p1 | t3 a0:0x00t0e0r0f0q0c000p0 | t5 a0:0x00t0e0r0f0q0c000p0 | t6 a0:0x00t0e0r0f0q0c000p0 | t7 a0:0x00t0e0r0f0q0c000p0 | t9 a0:0x00t0e0r0f0q0c000p0 | t10 a0:0x00t0e0r0f0q0c000p0 | t11 a0:0x00t0e0r0f0q0c000p0
[cyc=  43] t2*a2:0x23t7e0r0f0q0c000p1 | t3 a0:0x00t0e0r0f0q0c000p0 | t5 a0:0x00t0e0r0f0q0c000p0 | t6 a0:0x00t0e0r0f0q0c000p0 | t7 a0:0x00t0e0r0f0q0c000p0 | t9 a0:0x00t0e0r0f0q0c000p0 | t10 a0:0x00t0e0r0f0q0c000p0 | t11 a0:0x00t0e0r0f0q0c000p0
[cyc=  54] t2 a2:0x23t7e1r0f1q0c000p1 | t3*a1:0x0ct1e0r0f0q0c000p1 | t5 a0:0x00t0e0r0f0q0c000p0 | t6 a0:0x00t0e0r0f0q0c000p0 | t7 a0:0x00t0e0r0f0q0c000p0 | t9 a0:0x00t0e0r0f0q0c000p0 | t10 a0:0x00t0e0r0f0q0c000p0 | t11 a0:0x00t0e0r0f0q0c000p0
[cyc=  55] t2 a2:0x23t7e1r0f1q0c000p1 | t3*a2:0x0ct2e0r0f0q0c000p1 | t5 a0:0x00t0e0r0f0q0c000p0 | t6 a0:0x00t0e0r0f0q0c000p0 | t7 a0:0x00t0e0r0f0q0c000p0 | t9 a0:0x00t0e0r0f0q0c000p0 | t10 a0:0x00t0e0r0f0q0c000p0 | t11 a0:0x00t0e0r0f0q0c000p0
[cyc=  56] t2 a2:0x23t7e1r0f1q0c000p1 | t3*a3:0x07t3e0r0f0q0c000p1 | t5 a0:0x00t0e0r0f0q0c000p0 | t6 a0:0x00t0e0r0f0q0c000p0 | t7 a0:0x00t0e0r0f0q0c000p0 | t9 a0:0x00t0e0r0f0q0c000p0 | t10 a0:0x00t0e0r0f0q0c000p0 | t11 a0:0x00t0e0r0f0q0c000p0
[cyc=  57] t2 a2:0x23t7e1r0f1q0c000p1 | t3*a4:0x01t4e0r0f0q0c000p0 | t5 a0:0x00t0e0r0f0q0c000p0 | t6 a0:0x00t0e0r0f0q0c000p0 | t7 a0:0x00t0e0r0f0q0c000p0 | t9 a0:0x00t0e0r0f0q0c000p0 | t10 a0:0x00t0e0r0f0q0c000p0 | t11 a0:0x00t0e0r0f0q0c000p0
[cyc=  58] t2 a2:0x23t7e1r0f1q0c000p1 | t3*a0:0x01t5e0r0f0q0c000p0 | t5 a0:0x00t0e0r0f0q0c000p0 | t6 a0:0x00t0e0r0f0q0c000p0 | t7 a0:0x00t0e0r0f0q0c000p0 | t9 a0:0x00t0e0r0f0q0c000p0 | t10 a0:0x00t0e0r0f0q0c000p0 | t11 a0:0x00t0e0r0f0q0c000p0
[cyc=  59] t2 a2:0x23t7e1r0f1q0c000p1 | t3*a1:0x0ct6e0r0f0q0c000p0 | t5 a0:0x00t0e0r0f0q0c000p0 | t6 a0:0x00t0e0r0f0q0c000p0 | t7 a0:0x00t0e0r0f0q0c000p0 | t9 a0:0x00t0e0r0f0q0c000p0 | t10 a0:0x00t0e0r0f0q0c000p0 | t11 a0:0x00t0e0r0f0q0c000p0
[cyc=  68] t2 a2:0x23t7e1r0f1q0c000p1 | t3 a1:0x0ct6e0r0f0q0c000p0 | t5*a1:0x10t1e0r0f0q0c000p2 | t6 a0:0x00t0e0r0f0q0c000p0 | t7 a0:0x00t0e0r0f0q0c000p0 | t9 a0:0x00t0e0r0f0q0c000p0 | t10 a0:0x00t0e0r0f0q0c000p0 | t11 a0:0x00t0e0r0f0q0c000p0
[cyc=  69] t2 a2:0x23t7e1r0f1q0c000p1 | t3 a1:0x0ct6e0r0f0q0c000p0 | t5*a2:0x01t2e0r0f0q0c000p0 | t6 a0:0x00t0e0r0f0q0c000p0 | t7 a0:0x00t0e0r0f0q0c000p0 | t9 a0:0x00t0e0r0f0q0c000p0 | t10 a0:0x00t0e0r0f0q0c000p0 | t11 a0:0x00t0e0r0f0q0c000p0
[cyc=  70] t2 a2:0x23t7e1r0f1q0c000p1 | t3 a1:0x0ct6e0r0f0q0c000p0 | t5*a3:0x01t3e0r0f0q0c000p0 | t6 a0:0x00t0e0r0f0q0c000p0 | t7 a0:0x00t0e0r0f0q0c000p0 | t9 a0:0x00t0e0r0f0q0c000p0 | t10 a0:0x00t0e0r0f0q0c000p0 | t11 a0:0x00t0e0r0f0q0c000p0
[cyc=  71] t2 a2:0x23t7e1r0f1q0c000p1 | t3 a1:0x0ct6e0r0f0q0c000p0 | t5*a4:0x01t4e0r0f0q0c000p0 | t6 a0:0x00t0e0r0f0q0c000p0 | t7 a0:0x00t0e0r0f0q0c000p0 | t9 a0:0x00t0e0r0f0q0c000p0 | t10 a0:0x00t0e0r0f0q0c000p0 | t11 a0:0x00t0e0r0f0q0c000p0
[cyc=  72] t2 a2:0x23t7e1r0f1q0c000p1 | t3 a1:0x0ct6e0r0f0q0c000p0 | t5*a0:0x01t5e0r0f0q0c000p0 | t6 a0:0x00t0e0r0f0q0c000p0 | t7 a0:0x00t0e0r0f0q0c000p0 | t9 a0:0x00t0e0r0f0q0c000p0 | t10 a0:0x00t0e0r0f0q0c000p0 | t11 a0:0x00t0e0r0f0q0c000p0
[cyc=  73] t2 a2:0x23t7e1r0f1q0c000p1 | t3 a1:0x0ct6e0r0f0q0c000p0 | t5*a1:0x10t6e0r0f0q0c000p1 | t6 a0:0x00t0e0r0f0q0c000p0 | t7 a0:0x00t0e0r0f0q0c000p0 | t9 a0:0x00t0e0r0f0q0c000p0 | t10 a0:0x00t0e0r0f0q0c000p0 | t11 a0:0x00t0e0r0f0q0c000p0
[cyc=  86] t2 a2:0x23t7e1r0f1q0c000p1 | t3 a1:0x0ct6e0r0f0q0c000p0 | t5 a1:0x10t6e1r0f1q0c000p1 | t6*a1:0x01t1e0r0f0q0c000p1 | t7 a0:0x00t0e0r0f0q0c100p0 | t9 a0:0x00t0e0r0f0q0c000p0 | t10 a0:0x00t0e0r0f0q0c000p0 | t11 a0:0x00t0e0r0f0q0c000p0
[cyc=  87] t2 a2:0x23t7e1r0f1q0c000p1 | t3 a1:0x0ct6e0r0f0q0c000p0 | t5 a1:0x10t6e1r0f1q0c000p1 | t6*a2:0x01t2e0r0f0q0c000p0 | t7 a0:0x00t0e0r0f0q0c100p0 | t9 a0:0x00t0e0r0f0q0c000p0 | t10 a0:0x00t0e0r0f0q0c000p0 | t11 a0:0x00t0e0r0f0q0c000p0
[cyc=  88] t2 a2:0x23t7e1r0f1q0c000p1 | t3 a1:0x0ct6e0r0f0q0c000p0 | t5 a1:0x10t6e1r0f1q0c000p1 | t6*a3:0x01t3e0r0f0q0c000p0 | t7 a0:0x00t0e0r0f0q0c100p0 | t9 a0:0x00t0e0r0f0q0c000p0 | t10 a0:0x00t0e0r0f0q0c000p0 | t11 a0:0x00t0e0r0f0q0c000p0
[cyc=  89] t2 a2:0x23t7e1r0f1q0c000p1 | t3 a1:0x0ct6e0r0f0q0c000p0 | t5 a1:0x10t6e1r0f1q0c000p1 | t6*a4:0x01t4e0r0f0q0c000p1 | t7 a0:0x00t0e0r0f0q0c100p0 | t9 a0:0x00t0e0r0f0q0c000p0 | t10 a0:0x00t0e0r0f0q0c000p0 | t11 a0:0x00t0e0r0f0q0c000p0
[cyc=  90] t2 a2:0x23t7e1r0f1q0c000p1 | t3 a1:0x0ct6e0r0f0q0c000p0 | t5 a1:0x10t6e1r0f1q0c000p1 | t6*a0:0x02t5e0r0f0q0c000p1 | t7 a0:0x00t0e0r0f0q0c100p0 | t9 a0:0x00t0e0r0f0q0c000p0 | t10 a0:0x00t0e0r0f0q0c000p0 | t11 a0:0x00t0e0r0f0q0c000p0
[cyc=  91] t2 a2:0x23t7e1r0f1q0c000p1 | t3 a1:0x0ct6e0r0f0q0c000p0 | t5 a1:0x10t6e1r0f1q0c000p1 | t6*a1:0x01t6e0r0f0q0c000p0 | t7 a0:0x00t0e0r0f0q0c100p0 | t9 a0:0x00t0e0r0f0q0c000p0 | t10 a0:0x00t0e0r0f0q0c000p0 | t11 a0:0x00t0e0r0f0q0c000p0
[cyc= 103] t2 a2:0x23t7e1r0f1q0c000p1 | t3 a1:0x0ct6e0r0f0q0c000p0 | t5 a1:0x10t6e1r0f1q0c000p1 | t6 a1:0x01t6e1r0f1q0c000p0 | t7*a1:0x19t1e0r0f0q0c100p1 | t9 a0:0x00t0e0r0f0q0c000p0 | t10 a0:0x00t0e0r0f0q0c000p0 | t11 a0:0x00t0e0r0f0q0c000p0
[cyc= 104] t2 a2:0x23t7e1r0f1q0c000p1 | t3 a1:0x0ct6e0r0f0q0c000p0 | t5 a1:0x10t6e1r0f1q0c000p1 | t6 a1:0x01t6e1r0f1q0c000p0 | t7*a2:0x01t2e0r0f0q0c100p0 | t9 a0:0x00t0e0r0f0q0c000p0 | t10 a0:0x00t0e0r0f0q0c000p0 | t11 a0:0x00t0e0r0f0q0c000p0
[cyc= 105] t2 a2:0x23t7e1r0f1q0c000p1 | t3 a1:0x0ct6e0r0f0q0c000p0 | t5 a1:0x10t6e1r0f1q0c000p1 | t6 a1:0x01t6e1r0f1q0c000p0 | t7*a3:0x41t3e0r0f0q0c100p0 | t9 a0:0x00t0e0r0f0q0c000p0 | t10 a0:0x00t0e0r0f0q0c000p0 | t11 a0:0x00t0e0r0f0q0c000p0
[cyc= 117] t2 a2:0x23t7e1r0f1q0c000p1 | t3 a1:0x0ct6e0r0f0q0c000p0 | t5 a1:0x10t6e1r0f1q0c000p1 | t6 a1:0x01t6e1r0f1q0c000p0 | t7 a3:0x41t3e0r0f0q0c100p0 | t9*a1:0x01t1e0r0f0q0c000p0 | t10 a0:0x00t0e0r0f0q0c100p0 | t11 a0:0x00t0e0r0f0q0c000p0
[cyc= 118] t2 a2:0x23t7e1r0f1q0c000p1 | t3 a1:0x0ct6e0r0f0q0c000p0 | t5 a1:0x10t6e1r0f1q0c000p1 | t6 a1:0x01t6e1r0f1q0c000p0 | t7 a3:0x41t3e0r0f0q0c100p0 | t9*a2:0x54t2e0r0f0q0c000p1 | t10 a0:0x00t0e0r0f0q0c100p0 | t11 a0:0x00t0e0r0f0q0c000p0
[cyc= 130] t2 a2:0x23t7e1r0f1q0c000p1 | t3 a1:0x0ct6e0r0f0q0c000p0 | t5 a1:0x10t6e1r0f1q0c000p1 | t6 a1:0x01t6e1r0f1q0c000p0 | t7 a3:0x41t3e0r0f0q0c100p0 | t9 a2:0x54t2e1r0f1q0c000p1 | t10*a1:0x54t1e0r0f0q0c100p0 | t11 a0:0x00t0e0r0f0q0c100p0
[cyc= 139] t2 a2:0x23t7e1r0f1q0c000p1 | t3 a1:0x0ct6e0r0f0q0c000p0 | t5 a1:0x10t6e1r0f1q0c000p1 | t6 a1:0x01t6e1r0f1q0c000p0 | t7 a3:0x41t3e0r0f0q0c100p0 | t9 a2:0x54t2e1r0f1q0c000p1 | t10 a1:0x54t1e0r0f0q0c100p0 | t11*a1:0x01t1e0r0f0q1c100p0
[cyc= 140] t2 a2:0x23t7e1r0f1q0c000p1 | t3 a1:0x0ct6e0r0f0q0c000p0 | t5 a1:0x10t6e1r0f1q0c000p1 | t6 a1:0x01t6e1r0f1q0c000p0 | t7 a3:0x41t3e0r0f0q0c100p0 | t9 a2:0x54t2e1r0f1q0c000p1 | t10*a2:0x19t2e0r0f0q0c110p0 | t11*a2:0x1ft2e0r0f0q1c100p0
[cyc= 141] t2 a2:0x23t7e1r0f1q0c000p1 | t3 a1:0x0ct6e0r0f0q0c000p0 | t5 a1:0x10t6e1r0f1q0c000p1 | t6 a1:0x01t6e1r0f1q0c000p0 | t7 a3:0x41t3e0r0f0q0c110p0 | t9*a3:0x01t3e0r0f0q0c000p0 | t10*a3:0x21t3e0r0f0q1c110p0 | t11*a3:0x2ct3e0r0f0q1c100p0
F

=================================== FAILURES ===================================
______________ test_homogeneous_4x4_conv_combinational_mem_access ______________

cmdline_opts = {'dump_textwave': False, 'dump_vcd': 'VectorCGRA.cgra.test.CgraRTL_conv4x4_test_from_yaml__test_homogeneous_4x4_conv_combinational_mem_access', 'dump_vtb': '', 'max_cycles': None, ...}

    def test_homogeneous_4x4_conv_combinational_mem_access(cmdline_opts):
>     sim_conv(cmdline_opts, mem_access_is_combinational = True)

cgra/test/CgraRTL_conv4x4_test_from_yaml.py:525: 
_ _ _ _ _ _ _ _ _ _ _ _ _ _ _ _ _ _ _ _ _ _ _ _ _ _ _ _ _ _ _ _ _ _ _ _ _ _ _ _ 

cmdline_opts = {'dump_textwave': False, 'dump_vcd': 'VectorCGRA.cgra.test.CgraRTL_conv4x4_test_from_yaml__test_homogeneous_4x4_conv_combinational_mem_access', 'dump_vtb': '', 'max_cycles': None, ...}
mem_access_is_combinational = True

    def sim_conv(cmdline_opts, mem_access_is_combinational):
      src_ctrl_pkt = []
      complete_signal_sink_out = []
      src_query_pkt = []
    
      # kernel specific parameters (matching conv_small.yaml constants).
      kLoopLowerBound = 0         # GRANT_ONCE #0
      kLoopIncrement = 1          # ADD #1
      kLoopUpperBound = total     # ICMP_EQ #6
      kCtrlCountPerIter = 5       # compiled_ii: 5
      kTotalCtrlSteps = kCtrlCountPerIter * \
                        (kLoopUpperBound - kLoopLowerBound) + \
                        10
    
      from ...validation.script_generator import ScriptFactory
      script_factory = ScriptFactory(path = "validation/test/conv/conv.yaml",
                                        CtrlType = CtrlType,
                                        IntraCgraPktType = IntraCgraPktType,
                                        CgraPayloadType = CgraPayloadType,
                                        TileInType = TileInType,
                                        FuOutType = FuOutType,
                                        CMD_CONFIG_input = CMD_CONFIG,
                                        FuInType=FuInType,
                                        ii = kCtrlCountPerIter,
                                        loop_times = kTotalCtrlSteps,
                                        CMD_CONST_input = CMD_CONST,
                                        CMD_CONFIG_COUNT_PER_ITER_input = CMD_CONFIG_COUNT_PER_ITER,
                                        CMD_CONFIG_TOTAL_CTRL_COUNT_input = CMD_CONFIG_TOTAL_CTRL_COUNT,
                                        CMD_CONFIG_PROLOGUE_FU_input = CMD_CONFIG_PROLOGUE_FU,
                                        CMD_CONFIG_PROLOGUE_ROUTING_CROSSBAR_input = CMD_CONFIG_PROLOGUE_ROUTING_CROSSBAR,
                                        CMD_CONFIG_PROLOGUE_FU_CROSSBAR_input = CMD_CONFIG_PROLOGUE_FU_CROSSBAR,
                                        CMD_LAUNCH_input = CMD_LAUNCH,
                                        DataType = DataType,
                                        B1Type = b1,
                                        B2Type = b2,
                                        RegIdxType = RegIdxType,
                                        CtrlAddrType = CtrlAddrType,
                                        DataAddrType = DataAddrType,
                                        num_registers_per_reg_bank = num_registers_per_reg_bank)
    
      src_opt_pkt0_ = script_factory.makeVectorCGRAPkts()
    
      # order the packets according to the x (first) and y (second) coordinates
      src_opt_pkt0 = []
      for x, y in src_opt_pkt0_:
        src_opt_pkt0.append(src_opt_pkt0_[(x, y)])
    
      src_query_pkt = \
          [
          ]
    
      # RETURN_VALUE is at core 2 (col 2, row 0), so src = 2.
      # RETURN_VALUE sends CMD_COMPLETE with data = expected_result (21).
      expected_complete_sink_out_pkg = \
          [
              IntraCgraPktType(src = 2, dst = 16,
                               payload = CgraPayloadType(CMD_COMPLETE,
                                                          DataType(expected_result, 0, 0, 0)))
              for _ in range(1)
          ]
      expected_mem_sink_out_pkt = \
          [
          ]
    
      print("src_opt_pkt0: ", src_opt_pkt0)
    
      for activation in preload_data:
          src_ctrl_pkt.extend(activation)
    
      for tile_pkts in src_opt_pkt0:
          src_ctrl_pkt.extend(tile_pkts)
    
      complete_signal_sink_out.extend(expected_complete_sink_out_pkg)
      complete_signal_sink_out.extend(expected_mem_sink_out_pkt)
    
      th = TestHarness(DUT, FunctionUnit, FuList,
                       IntraCgraPktType,
                       cgra_id, x_tiles, y_tiles,
                       ctrl_mem_size, data_mem_size_global,
                       data_mem_size_per_bank, num_banks_per_cgra,
                       num_registers_per_reg_bank,
                       src_ctrl_pkt, kCtrlCountPerIter, kTotalCtrlSteps,
                       mem_access_is_combinational,
                       controller2addr_map, idTo2d_map, complete_signal_sink_out,
                       num_cgra_rows, num_cgra_columns,
                       src_query_pkt)
    
      # Use pure-Python simulation (no Verilog translation) so we can
      # inspect internal signals for debugging.
      from pymtl3 import DefaultPassGroup
      th.elaborate()
      dump_vcd = (cmdline_opts or {}).get("dump_vcd", False)
      if dump_vcd:
        th.apply(DefaultPassGroup(vcdwave=dump_vcd, linetrace=False))
      else:
        th.apply(DefaultPassGroup(linetrace=False))
      th.sim_reset()
    
      trace_dir = os.path.join(os.path.dirname(__file__), '..', '..', 'trace_output')
      trace_file = os.path.join(trace_dir, 'trace_conv4x4_4x4_Mesh.jsonl')
      init_trace_logger(trace_file, x_tiles, y_tiles, "Mesh", cgra_id)
      logger = get_trace_logger()
      MAX_CYCLES = 800
      active_tiles = {
        2: th.dut.tile[2], 3: th.dut.tile[3],
        5: th.dut.tile[5], 6: th.dut.tile[6],
        7: th.dut.tile[7], 9: th.dut.tile[9],
        10: th.dut.tile[10], 11: th.dut.tile[11],
      }
    
      prev_state = {}
      for tid in active_tiles:
        prev_state[tid] = (-1, -1)  # (raddr, rdcur)
      stall_count = 0
    
      for cycle in range(MAX_CYCLES):
>       th.sim_tick()

cgra/test/CgraRTL_conv4x4_test_from_yaml.py:411: 
_ _ _ _ _ _ _ _ _ _ _ _ _ _ _ _ _ _ _ _ _ _ _ _ _ _ _ _ _ _ _ _ _ _ _ _ _ _ _ _ 

    def iterative():
      for blk in schedule:
>       blk()

../venv/lib/python3.8/site-packages/pymtl3/passes/sim/SimpleTickPass.py:28: 
_ _ _ _ _ _ _ _ _ _ _ _ _ _ _ _ _ _ _ _ _ _ _ _ _ _ _ _ _ _ _ _ _ _ _ _ _ _ _ _ 

    def wrapped_SCC_32():
      N = 0
      while True:
        N += 1
        if N > 100:
          raise UpblkCyclicError("Combinational loop detected at runtime in {s_dut_tile_7__element_recv_in_0__rdy__1_0, comb_logic, s_dut_tile_7__register_cluster_send_data_to_routing_crossbar_1__val__2_0, update_reached_vector_factor, s_dut_tile_7__routing_crossbar_send_data_6__msg__2_0, read_reg, s_dut_tile_7__fu_crossbar_send_data_4__val__2_0, s_dut_tile_7__element_fu_6__in1_0_2___1_1, s_dut_tile_7__routing_crossbar_send_data_4__val__2_0, comb_logic, comb_logic, s_dut_tile_7__register_cluster_send_data_to_fu_1__msg__1_0, update_reached_vector_factor, s_dut_tile_7__element_fu_6__in0_0_2___1_1, s_dut_tile_7__routing_crossbar_send_data_0__msg__1_0, s_dut_tile_7__fu_crossbar_send_data_6__msg__2_0, s_dut_tile_7__routing_crossbar_send_data_0__val__1_0, s_dut_tile_7__tile_out_or_link_0__recv_xbar_rdy__1_0, s_dut_tile_7__routing_crossbar_send_data_5__msg__2_0, s_dut_tile_7__element_fu_9__in1_0_2___1_1, s_dut_tile_7__fu_crossbar_send_data_5__msg__2_0, s_dut_tile_7__element_fu_9__in0_0_2___1_1, update_reached_vector_factor, s_dut_tile_7__routing_crossbar_send_data_1__msg__1_0, s_dut_tile_7__register_cluster_recv_data_from_routing_crossbar_0__rdy__1_0, comb_logic, s_dut_tile_7__element_fu_5__in1_0_2___1_1, s_dut_tile_7__element_fu_11__in0_0_2___1_1, s_dut_tile_7__routing_crossbar_send_data_1__val__1_0, update_signal, s_dut_tile_7__routing_crossbar_send_data_7__val__2_0, s_dut_tile_7__element_fu_5__in0_0_2___1_1, s_dut_tile_7__tile_out_or_link_1__recv_xbar_rdy__1_0, s_dut_tile_7__element_send_out_0__msg__2_0, s_dut_tile_7__register_cluster_send_data_to_fu_1__val__1_0, comb_logic, update_reached_vector_factor, s_dut_tile_7__routing_crossbar_send_data_2__msg__1_0, s_dut_tile_7__element_send_out_0__val__2_0, update_valid_vector, update_reached_vector_factor, update_rdy_vector, s_dut_tile_7__element_recv_in_1__rdy__1_0, s_dut_tile_7__routing_crossbar_send_data_2__val__1_0, comb_logic, update_prologue_or_valid_vector, s_dut_tile_7__register_cluster_recv_data_from_routing_crossbar_1__rdy__1_0, s_dut_tile_7__register_cluster_send_data_to_fu_2__msg__1_0, s_dut_tile_7__fu_crossbar_recv_data_0__rdy__1_0, s_dut_tile_7__tile_out_or_link_2__recv_xbar_rdy__1_0, comb_logic, s_dut_tile_7__element_fu_3__in1_0_2___1_1, s_dut_tile_7__element_fu_0__in1_0_2___1_1, s_dut_tile_7__register_cluster_send_data_to_fu_2__val__1_0, s_dut_tile_7__element_fu_3__in0_0_2___1_1, s_dut_tile_7__element_fu_0__in0_0_2___1_1, update_reached_vector_factor, update_signal, s_dut_tile_7__routing_crossbar_send_data_6__val__2_0, s_dut_tile_7__element_send_out_1__msg__2_0, comb_logic, s_dut_tile_7__element_fu_3__in2_0_2___1_1, s_dut_tile_7__routing_crossbar_send_data_3__msg__1_0, s_dut_tile_7__register_cluster_recv_data_from_fu_crossbar_3__rdy__1_0, s_dut_tile_7__element_recv_in_2__rdy__1_0, s_dut_tile_7__routing_crossbar_send_data_3__val__1_0, s_dut_tile_7__tile_out_or_link_3__recv_xbar_rdy__1_0, s_dut_tile_7__routing_crossbar_send_data_5__val__2_0, s_dut_tile_7__fu_crossbar_send_data_6__val__2_0, s_dut_tile_7__register_cluster_recv_data_from_routing_crossbar_2__rdy__1_0, s_dut_tile_7__register_cluster_send_data_to_fu_3__msg__1_0, update_reached_vector_factor, update_reached_vector_factor, s_dut_tile_7__element_send_out_1__val__2_0, s_dut_tile_7__register_cluster_send_data_to_fu_3__val__1_0, s_dut_tile_7__fu_crossbar_send_data_5__val__2_0, comb_logic, s_dut_tile_7__fu_crossbar_recv_data_1__rdy__1_0, comb_logic, comb_logic, s_dut_tile_7__element_recv_in_3__rdy__1_0, s_dut_tile_7__element_fu_4__in1_0_2___1_1, s_dut_tile_7__register_cluster_recv_data_from_routing_crossbar_3__rdy__1_0, s_dut_tile_7__element_fu_4__in0_0_2___1_1, connect_to_controller, update_reached_vector_factor, update_prologue_or_valid_vector, update_rdy_vector, update_valid_vector, s_dut_tile_7__element_fu_8__in1_0_2___1_1, s_dut_tile_7__register_cluster_send_data_to_routing_crossbar_2__val__2_0, s_dut_tile_7__element_fu_8__in0_0_2___1_1, s_dut_tile_7__routing_crossbar_send_data_7__msg__2_0, up_rf_read, s_dut_tile_7__fu_crossbar_send_data_3__msg__1_0, s_dut_tile_7__register_cluster_send_data_to_fu_0__val__1_0, s_dut_tile_7__fu_crossbar_send_data_7__msg__2_0, s_dut_tile_7__register_cluster_send_data_to_routing_crossbar_3__msg__2_0, access_registers, s_dut_tile_7__element_fu_7__in1_0_2___1_1, s_dut_tile_7__fu_crossbar_send_data_3__val__1_0, s_dut_tile_7__element_fu_7__in0_0_2___1_1, s_dut_tile_7__element_fu_2__in0_0_2___1_1, s_dut_tile_7__register_cluster_send_data_to_routing_crossbar_0__msg__2_0, up_rf_read, update_opt, s_dut_tile_7__register_cluster_send_data_to_routing_crossbar_3__val__2_0, s_dut_tile_7__fu_crossbar_send_data_7__val__2_0, s_dut_tile_7__tile_out_or_link_3__recv_fu_rdy__1_0, access_registers, s_dut_tile_7__fu_crossbar_send_data_0__msg__1_0, notify_crossbars_compute_status, up_rf_read, s_dut_tile_7__fu_crossbar_send_data_4__msg__2_0, s_dut_tile_7__element_fu_1__in1_0_2___1_1, s_dut_tile_7__fu_crossbar_send_data_0__val__1_0, s_dut_tile_7__tile_out_or_link_0__recv_fu_rdy__1_0, s_dut_tile_7__element_fu_1__in0_0_2___1_1, s_dut_tile_7__element_fu_2__in1_0_2___1_1, s_dut_tile_7__routing_crossbar_send_data_4__msg__2_0, access_registers, s_dut_tile_7__register_cluster_send_data_to_routing_crossbar_0__val__2_0, s_dut_tile_7__fu_crossbar_send_data_1__msg__1_0, update_reached_vector_factor, s_dut_tile_7__fu_crossbar_send_data_1__val__1_0, up_rf_read, s_dut_tile_7__register_cluster_recv_data_from_fu_crossbar_0__rdy__1_0, comb_logic, access_registers, s_dut_tile_7__tile_out_or_link_1__recv_fu_rdy__1_0, s_dut_tile_7__element_fu_10__in0_0_2___1_1, update_reached_vector_factor, update_msgs_signals, s_dut_tile_7__register_cluster_recv_data_from_fu_crossbar_1__rdy__1_0, s_dut_tile_7__element_fu_10__in1_0_2___1_1, s_dut_tile_7__fu_crossbar_send_data_2__msg__1_0, s_dut_tile_7__fu_crossbar_send_data_2__val__1_0, s_dut_tile_7__register_cluster_send_data_to_routing_crossbar_2__msg__2_0, comb_logic, process, s_dut_tile_7__tile_out_or_link_2__recv_fu_rdy__1_0, s_dut_tile_7__register_cluster_send_data_to_fu_0__msg__1_0, s_dut_tile_7__register_cluster_send_data_to_routing_crossbar_1__msg__2_0, s_dut_tile_7__element_fu_10__in2_0_2___1_1, s_dut_tile_7__register_cluster_recv_data_from_fu_crossbar_2__rdy__1_0, update_reached_vector_factor, process, process, process} after 100 iters!")
        host=s.dut.tile[7].element.fu[1]; t1=host.recv_opt.rdy.clone(); t2=host.send_out[0].msg.clone(); t3=host.send_out[0].val.clone(); t4=host.send_out[0].rdy.clone(); t5=host.send_out[1].msg.clone(); t6=host.send_out[1].val.clone(); t7=host.send_to_ctrl_mem.msg.clone(); t8=host.send_to_ctrl_mem.val.clone(); t9=host.recv_from_ctrl_mem.rdy.clone(); t10=host.recv_in[0].val.clone(); t11=host.recv_in[0].rdy.clone(); t12=host.recv_in[1].val.clone(); t13=host.recv_in[1].rdy.clone(); t14=host.recv_in[2].val.clone(); t15=host.recv_in[3].msg.predicate.clone(); t16=host.recv_in[2].rdy.clone(); t17=host.recv_const.msg.payload.clone(); t18=host.recv_opt.msg.fu_in[0].clone(); t19=host.recv_in[1].msg.predicate.clone(); t20=host.recv_in[3].val.clone(); t21=host.recv_in[2].msg.predicate.clone(); t22=host.recv_in[3].rdy.clone(); t23=host.recv_in[3].msg.payload.clone(); t24=host.recv_opt.msg.fu_in[1].clone(); t25=host.recv_in[0].msg.predicate.clone(); t26=host.recv_const.val.clone(); t27=host.recv_const.rdy.clone(); t28=host.recv_opt.msg.vector_factor_power.clone(); t29=host.recv_opt.val.clone(); t30=host.recv_opt.msg.operation.clone(); t31=host.reached_vector_factor.clone(); t32=host.in0.clone(); t33=host.in1.clone(); t34=host.in0_idx.clone(); t35=host.in1_idx.clone(); t36=host.recv_in[2].msg.payload.clone(); t37=host.recv_in[0].msg.payload.clone(); t38=host.recv_in[1].msg.payload.clone(); host=s.dut.tile[7].element.fu[6]; t39=host.recv_opt.msg.vector_factor_power.clone(); t40=host.recv_const.msg.predicate.clone(); t41=host.recv_const.msg.payload.clone(); t42=host.recv_in[3].msg.payload.clone(); t43=host.recv_in[2].msg.payload.clone(); t44=host.recv_in[1].msg.payload.clone(); t45=host.recv_in[0].msg.payload.clone(); t46=host.recv_in[3].msg.predicate.clone(); t47=host.recv_opt.msg.fu_in[0].clone(); t48=host.recv_opt.msg.fu_in[1].clone(); t49=host.recv_from_ctrl_mem.rdy.clone(); t50=host.ctrl_addr_inport.clone(); t51=host.recv_in[0].val.clone(); t52=host.recv_in[0].rdy.clone(); t53=host.recv_in[1].val.clone(); t54=host.recv_in[1].rdy.clone(); t55=host.recv_in[2].val.clone(); t56=host.reached_vector_factor.clone(); t57=host.recv_in[2].rdy.clone(); t58=host.recv_opt.msg.operation.clone(); t59=host.recv_in[3].val.clone(); t60=host.recv_in[3].rdy.clone(); t61=host.recv_in[0].msg.predicate.clone(); t62=host.recv_const.val.clone(); t63=host.recv_in[1].msg.predicate.clone(); t64=host.recv_const.rdy.clone(); t65=host.recv_in[2].msg.predicate.clone(); t66=host.recv_opt.val.clone(); t67=host.recv_opt.rdy.clone(); t68=host.in0.clone(); t69=host.send_out[0].msg.clone(); t70=host.in1.clone(); t71=host.send_out[0].val.clone(); t72=host.send_out[0].rdy.clone(); t73=host.in0_idx.clone(); t74=host.send_out[1].msg.clone(); t75=host.in1_idx.clone(); t76=host.send_out[1].val.clone(); t77=host.send_to_ctrl_mem.msg.clone(); t78=host.send_to_ctrl_mem.val.clone(); host=s.dut.tile[7].element.fu[7]; t79=host.recv_opt.val.clone(); t80=host.recv_opt.rdy.clone(); t81=host.send_out[0].msg.clone(); t82=host.send_out[0].val.clone(); t83=host.send_out[0].rdy.clone(); t84=host.send_out[1].msg.clone(); t85=host.send_out[1].val.clone(); t86=host.send_to_ctrl_mem.msg.clone(); t87=host.send_to_ctrl_mem.val.clone(); t88=host.recv_from_ctrl_mem.rdy.clone(); t89=host.recv_opt.msg.vector_factor_power.clone(); t90=host.recv_opt.msg.operation.clone(); t91=host.recv_in[0].val.clone(); t92=host.recv_in[0].rdy.clone(); t93=host.recv_in[1].val.clone(); t94=host.recv_in[1].rdy.clone(); t95=host.recv_in[2].val.clone(); t96=host.recv_in[2].rdy.clone(); t97=host.recv_in[3].val.clone(); t98=host.recv_in[3].rdy.clone(); t99=host.recv_const.val.clone(); t100=host.recv_const.rdy.clone(); t101=host.reached_vector_factor.clone(); t102=host.in0.clone(); t103=host.in1.clone(); t104=host.in0_idx.clone(); t105=host.in1_idx.clone(); t106=host.recv_in[0].msg.predicate.clone(); t107=host.recv_in[1].msg.predicate.clone(); t108=host.recv_in[2].msg.predicate.clone(); t109=host.recv_in[3].msg.predicate.clone(); t110=host.recv_const.msg.payload.clone(); t111=host.recv_opt.msg.fu_in[0].clone(); t112=host.recv_opt.msg.fu_in[1].clone(); t113=host.recv_in[0].msg.payload.clone(); t114=host.recv_in[1].msg.payload.clone(); t115=host.recv_in[2].msg.payload.clone(); t116=host.recv_in[3].msg.payload.clone(); host=s.dut.tile[7].element.fu[10]; t117=host.send_out[0].msg.clone(); t118=host.send_out[0].val.clone(); t119=host.send_out[0].rdy.clone(); t120=host.send_out[1].msg.clone(); t121=host.send_out[1].val.clone(); t122=host.send_to_ctrl_mem.msg.clone(); t123=host.send_to_ctrl_mem.val.clone(); t124=host.recv_from_ctrl_mem.rdy.clone(); t125=host.recv_in[0].msg.clone(); t126=host.recv_in[0].val.clone(); t127=host.recv_in[0].rdy.clone(); t128=host.recv_in[1].msg.clone(); t129=host.recv_in[1].val.clone(); t130=host.recv_in[1].rdy.clone(); t131=host.recv_in[2].msg.clone(); t132=host.recv_in[2].val.clone(); t133=host.recv_in[2].rdy.clone(); t134=host.recv_in[3].msg.clone(); t135=host.recv_in[3].val.clone(); t136=host.recv_in[3].rdy.clone(); t137=host.recv_const.rdy.clone(); t138=host.recv_opt.val.clone(); t139=host.recv_opt.rdy.clone(); t140=host.in0.clone(); t141=host.in1.clone(); t142=host.in2.clone(); t143=host.in0_idx.clone(); t144=host.in1_idx.clone(); t145=host.in2_idx.clone(); t146=host.recv_opt.msg.fu_in[0].clone(); t147=host.reached_vector_factor.clone(); t148=host.recv_opt.msg.fu_in[1].clone(); t149=host.recv_opt.msg.operation.clone(); t150=host.recv_opt.msg.fu_in[2].clone(); t151=host.recv_opt.msg.vector_factor_power.clone(); host=s.dut.tile[7].tile_out_or_link[0]; t152=host.recv_fu.msg.predicate.clone(); t153=host.recv_xbar.msg.predicate.clone(); t154=host.recv_xbar.msg.payload.clone(); t155=host.recv_fu.msg.payload.clone(); t156=host.recv_fu.val.clone(); t157=host.recv_fu.rdy.clone(); t158=host.recv_xbar.val.clone(); t159=host.recv_xbar.rdy.clone(); host=s.dut.tile[7].element.fu[4]; t160=host.recv_in[0].val.clone(); t161=host.recv_in[0].rdy.clone(); t162=host.recv_in[1].val.clone(); t163=host.recv_in[1].rdy.clone(); t164=host.recv_in[2].val.clone(); t165=host.reached_vector_factor.clone(); t166=host.recv_in[2].rdy.clone(); t167=host.recv_in[3].val.clone(); t168=host.recv_in[3].rdy.clone(); t169=host.in0.clone(); t170=host.in0_idx.clone(); t171=host.in1_idx.clone(); t172=host.recv_const.val.clone(); t173=host.recv_const.rdy.clone(); t174=host.recv_opt.val.clone(); t175=host.recv_opt.rdy.clone(); t176=host.in1.clone(); t177=host.recv_opt.msg.vector_factor_power.clone(); t178=host.send_out[0].msg.clone(); t179=host.send_out[0].val.clone(); t180=host.send_out[0].rdy.clone(); t181=host.send_out[1].msg.clone(); t182=host.send_out[1].val.clone(); t183=host.recv_opt.msg.operation.clone(); t184=host.send_to_ctrl_mem.msg.clone(); t185=host.send_to_ctrl_mem.val.clone(); t186=host.recv_from_ctrl_mem.rdy.clone(); t187=host.recv_opt.msg.fu_in[0].clone(); t188=host.recv_opt.msg.fu_in[1].clone(); t189=host.recv_in[0].msg.payload.clone(); t190=host.recv_in[1].msg.payload.clone(); t191=host.recv_in[2].msg.payload.clone(); t192=host.recv_in[3].msg.payload.clone(); t193=host.recv_in[0].msg.predicate.clone(); t194=host.recv_in[1].msg.predicate.clone(); t195=host.recv_in[2].msg.predicate.clone(); t196=host.recv_in[3].msg.predicate.clone(); t197=host.recv_const.msg.payload.clone(); host=s.dut.tile[7].element.fu[9]; t198=host.recv_const.msg.predicate.clone(); t199=host.recv_const.msg.payload.clone(); t200=host.recv_opt.msg.fu_in[0].clone(); t201=host.recv_opt.msg.fu_in[1].clone(); t202=host.send_to_ctrl_mem.msg.clone(); t203=host.send_to_ctrl_mem.val.clone(); t204=host.recv_from_ctrl_mem.rdy.clone(); t205=host.recv_in[1].msg.clone(); t206=host.recv_in[1].val.clone(); t207=host.recv_in[1].rdy.clone(); t208=host.recv_in[2].msg.clone(); t209=host.recv_in[2].val.clone(); t210=host.recv_in[2].rdy.clone(); t211=host.recv_in[3].msg.clone(); t212=host.recv_in[3].val.clone(); t213=host.recv_in[3].rdy.clone(); t214=host.recv_const.val.clone(); t215=host.recv_const.rdy.clone(); t216=host.recv_opt.msg.operation.clone(); t217=host.recv_opt.val.clone(); t218=host.recv_opt.rdy.clone(); t219=host.send_out[0].msg.clone(); t220=host.send_out[0].val.clone(); t221=host.send_out[0].rdy.clone(); t222=host.send_out[1].msg.clone(); t223=host.send_out[1].val.clone(); t224=host.in0.clone(); t225=host.in1.clone(); t226=host.in0_idx.clone(); t227=host.in1_idx.clone(); t228=host.reached_vector_factor.clone(); t229=host.recv_in[0].msg.clone(); t230=host.recv_opt.msg.vector_factor_power.clone(); t231=host.recv_in[0].val.clone(); t232=host.recv_in[0].rdy.clone(); host=s.dut.tile[7].element.fu[2]; t233=host.recv_in[0].val.clone(); t234=host.recv_in[0].rdy.clone(); t235=host.recv_in[1].val.clone(); t236=host.recv_in[1].rdy.clone(); t237=host.recv_in[2].val.clone(); t238=host.recv_in[2].rdy.clone(); t239=host.recv_in[3].val.clone(); t240=host.recv_in[3].rdy.clone(); t241=host.reached_vector_factor.clone(); t242=host.in0.clone(); t243=host.in1.clone(); t244=host.in0_idx.clone(); t245=host.recv_const.msg.payload.clone(); t246=host.recv_in[3].msg.predicate.clone(); t247=host.recv_in[1].msg.predicate.clone(); t248=host.recv_in[2].msg.predicate.clone(); t249=host.recv_in[3].msg.payload.clone(); t250=host.recv_in[0].msg.predicate.clone(); t251=host.recv_in[2].msg.payload.clone(); t252=host.recv_in[1].msg.payload.clone(); t253=host.recv_in[0].msg.payload.clone(); t254=host.recv_opt.msg.fu_in[1].clone(); t255=host.recv_opt.msg.fu_in[0].clone(); t256=host.in1_idx.clone(); t257=host.recv_const.val.clone(); t258=host.recv_const.rdy.clone(); t259=host.recv_opt.val.clone(); t260=host.recv_opt.rdy.clone(); t261=host.recv_opt.msg.operation.clone(); t262=host.send_out[0].msg.clone(); t263=host.send_out[0].val.clone(); t264=host.send_out[0].rdy.clone(); t265=host.send_out[1].msg.clone(); t266=host.send_out[1].val.clone(); t267=host.send_to_ctrl_mem.msg.clone(); t268=host.send_to_ctrl_mem.val.clone(); t269=host.recv_from_ctrl_mem.rdy.clone(); t270=host.recv_opt.msg.vector_factor_power.clone(); host=s.dut.tile[7].element.fu[5]; t271=host.recv_opt.msg.fu_in[1].clone(); t272=host.recv_opt.msg.fu_in[0].clone(); t273=host.recv_in[0].msg.payload.clone(); t274=host.recv_const.rdy.clone(); t275=host.recv_opt.val.clone(); t276=host.recv_opt.rdy.clone(); t277=host.send_out[0].msg.clone(); t278=host.send_out[0].val.clone(); t279=host.send_out[0].rdy.clone(); t280=host.send_out[1].msg.clone(); t281=host.send_out[1].val.clone(); t282=host.send_to_ctrl_mem.msg.clone(); t283=host.send_to_ctrl_mem.val.clone(); t284=host.recv_from_ctrl_mem.rdy.clone(); t285=host.recv_in[1].msg.payload.clone(); t286=host.recv_const.msg.predicate.clone(); t287=host.recv_in[3].msg.predicate.clone(); t288=host.recv_in[1].msg.predicate.clone(); t289=host.recv_in[2].msg.predicate.clone(); t290=host.recv_const.msg.payload.clone(); t291=host.recv_in[0].msg.predicate.clone(); t292=host.recv_opt.msg.operation.clone(); t293=host.recv_in[2].msg.payload.clone(); t294=host.recv_in[3].msg.payload.clone(); t295=host.recv_opt.msg.vector_factor_power.clone(); t296=host.reached_vector_factor.clone(); t297=host.in0.clone(); t298=host.in1.clone(); t299=host.in0_idx.clone(); t300=host.in1_idx.clone(); t301=host.recv_in[0].val.clone(); t302=host.recv_in[0].rdy.clone(); t303=host.recv_in[1].val.clone(); t304=host.recv_in[1].rdy.clone(); t305=host.recv_in[2].val.clone(); t306=host.recv_in[2].rdy.clone(); t307=host.recv_in[3].val.clone(); t308=host.recv_in[3].rdy.clone(); t309=host.recv_const.val.clone(); host=s.dut.tile[7].element.fu[3]; t310=host.recv_opt.msg.fu_in[0].clone(); t311=host.recv_opt.msg.fu_in[1].clone(); t312=host.recv_opt.msg.fu_in[2].clone(); t313=host.recv_opt.msg.vector_factor_power.clone(); t314=host.recv_in[2].val.clone(); t315=host.recv_in[2].rdy.clone(); t316=host.recv_in[3].val.clone(); t317=host.in0.clone(); t318=host.recv_in[3].rdy.clone(); t319=host.in1.clone(); t320=host.in2.clone(); t321=host.in0_idx.clone(); t322=host.recv_const.val.clone(); t323=host.in1_idx.clone(); t324=host.recv_const.rdy.clone(); t325=host.in2_idx.clone(); t326=host.recv_opt.val.clone(); t327=host.recv_opt.rdy.clone(); t328=host.send_out[0].msg.clone(); t329=host.send_out[0].val.clone(); t330=host.send_out[0].rdy.clone(); t331=host.send_out[1].msg.clone(); t332=host.send_out[1].val.clone(); t333=host.send_to_ctrl_mem.msg.clone(); t334=host.send_to_ctrl_mem.val.clone(); t335=host.recv_opt.msg.operation.clone(); t336=host.recv_in[0].val.clone(); t337=host.recv_in[0].rdy.clone(); t338=host.recv_in[1].val.clone(); t339=host.recv_in[1].rdy.clone(); t340=host.recv_from_ctrl_mem.val.clone(); t341=host.recv_from_ctrl_mem.rdy.clone(); t342=host.reached_vector_factor.clone(); t343=host.recv_in[1].msg.predicate.clone(); t344=host.recv_in[2].msg.predicate.clone(); t345=host.recv_in[3].msg.payload.clone(); t346=host.recv_in[0].msg.predicate.clone(); t347=host.recv_in[1].msg.payload.clone(); t348=host.recv_in[2].msg.payload.clone(); t349=host.recv_in[0].msg.payload.clone(); t350=host.recv_in[3].msg.predicate.clone(); t351=host.recv_const.msg.payload.clone(); host=s.dut.tile[7].element.fu[0]; t352=host.recv_in[1].val.clone(); t353=host.recv_opt.msg.fu_in[0].clone(); t354=host.recv_opt.msg.fu_in[1].clone(); t355=host.send_out[1].msg.clone(); t356=host.send_out[1].val.clone(); t357=host.send_to_ctrl_mem.msg.clone(); t358=host.send_to_ctrl_mem.val.clone(); t359=host.recv_from_ctrl_mem.rdy.clone(); t360=host.recv_const.msg.payload.clone(); t361=host.recv_in[2].msg.predicate.clone(); t362=host.recv_in[3].msg.predicate.clone(); t363=host.recv_in[1].msg.predicate.clone(); t364=host.recv_in[0].msg.predicate.clone(); t365=host.recv_in[3].msg.payload.clone(); t366=host.recv_in[1].msg.payload.clone(); t367=host.recv_in[2].msg.payload.clone(); t368=host.recv_in[0].msg.payload.clone(); t369=host.recv_opt.msg.operation.clone(); t370=host.recv_in[0].val.clone(); t371=host.recv_in[0].rdy.clone(); t372=host.recv_in[1].rdy.clone(); t373=host.recv_in[2].val.clone(); t374=host.recv_in[2].rdy.clone(); t375=host.recv_in[3].val.clone(); t376=host.recv_in[3].rdy.clone(); t377=host.recv_const.val.clone(); t378=host.recv_const.rdy.clone(); t379=host.recv_opt.val.clone(); t380=host.recv_opt.rdy.clone(); t381=host.send_out[0].msg.clone(); t382=host.send_out[0].val.clone(); t383=host.send_out[0].rdy.clone(); t384=host.recv_const.msg.predicate.clone(); t385=host.reached_vector_factor.clone(); t386=host.recv_opt.msg.vector_factor_power.clone(); t387=host.in0.clone(); t388=host.in1.clone(); t389=host.in0_idx.clone(); t390=host.in1_idx.clone(); host=s.dut.tile[7].register_cluster.reg_bank[2]; t391=host.send_data.msg.clone(); t392=host.inport_wdata[0].clone(); t393=host.inport_wdata[1].clone(); t394=host.inport_valid[0].clone(); t395=host.inport_valid[1].clone(); host=s.dut.tile[7].register_cluster; t396=host.recv_data_from_routing_crossbar[0].val.clone(); t397=host.recv_data_from_routing_crossbar[0].rdy.clone(); t398=host.recv_data_from_routing_crossbar[1].msg.clone(); t399=host.recv_data_from_routing_crossbar[1].val.clone(); t400=host.send_data_to_fu[0].msg.clone(); t401=host.send_data_to_fu[0].val.clone(); t402=host.recv_data_from_routing_crossbar[1].rdy.clone(); t403=host.send_data_to_fu[0].rdy.clone(); t404=host.recv_data_from_routing_crossbar[2].msg.clone(); t405=host.send_data_to_fu[1].msg.clone(); t406=host.recv_data_from_routing_crossbar[2].val.clone(); t407=host.send_data_to_fu[1].val.clone(); t408=host.recv_data_from_routing_crossbar[2].rdy.clone(); t409=host.send_data_to_fu[1].rdy.clone(); t410=host.recv_data_from_routing_crossbar[3].msg.clone(); t411=host.send_data_to_fu[2].msg.clone(); t412=host.recv_data_from_routing_crossbar[3].val.clone(); t413=host.send_data_to_fu[2].val.clone(); t414=host.recv_data_from_routing_crossbar[3].rdy.clone(); t415=host.send_data_to_fu[2].rdy.clone(); t416=host.send_data_to_fu[3].msg.clone(); t417=host.send_data_to_fu[3].val.clone(); t418=host.send_data_to_fu[3].rdy.clone(); t419=host.recv_data_from_fu_crossbar[0].rdy.clone(); t420=host.send_data_to_routing_crossbar[0].msg.clone(); t421=host.send_data_to_routing_crossbar[0].val.clone(); t422=host.recv_data_from_fu_crossbar[1].rdy.clone(); t423=host.send_data_to_routing_crossbar[1].msg.clone(); t424=host.recv_data_from_routing_crossbar[0].msg.clone(); t425=host.send_data_to_routing_crossbar[1].val.clone(); t426=host.recv_data_from_fu_crossbar[2].rdy.clone(); t427=host.recv_data_from_fu_crossbar[3].rdy.clone(); t428=host.send_data_to_routing_crossbar[2].msg.clone(); t429=host.send_data_to_routing_crossbar[2].val.clone(); t430=host.send_data_to_routing_crossbar[3].msg.clone(); t431=host.send_data_to_routing_crossbar[3].val.clone(); host=s.dut.tile[7].tile_out_or_link[1]; t432=host.recv_fu.val.clone(); t433=host.recv_fu.rdy.clone(); t434=host.recv_xbar.val.clone(); t435=host.recv_xbar.rdy.clone(); t436=host.recv_xbar.msg.predicate.clone(); t437=host.recv_fu.msg.predicate.clone(); t438=host.recv_fu.msg.payload.clone(); t439=host.recv_xbar.msg.payload.clone(); host=s.dut.tile[7].element.fu[8]; t440=host.recv_const.val.clone(); t441=host.recv_in[0].msg.clone(); t442=host.recv_in[0].val.clone(); t443=host.recv_in[0].rdy.clone(); t444=host.recv_in[1].msg.clone(); t445=host.recv_in[1].val.clone(); t446=host.recv_in[1].rdy.clone(); t447=host.recv_in[2].msg.clone(); t448=host.recv_in[2].val.clone(); t449=host.recv_in[2].rdy.clone(); t450=host.recv_in[3].msg.clone(); t451=host.recv_from_ctrl_mem.rdy.clone(); t452=host.recv_opt.msg.operation.clone(); t453=host.reached_vector_factor.clone(); t454=host.recv_opt.msg.fu_in[0].clone(); t455=host.recv_opt.msg.fu_in[1].clone(); t456=host.recv_in[3].val.clone(); t457=host.in0.clone(); t458=host.recv_in[3].rdy.clone(); t459=host.in1.clone(); t460=host.in0_idx.clone(); t461=host.recv_opt.msg.vector_factor_power.clone(); t462=host.in1_idx.clone(); t463=host.recv_const.msg.clone(); t464=host.recv_const.rdy.clone(); t465=host.recv_opt.val.clone(); t466=host.recv_opt.rdy.clone(); t467=host.send_out[0].msg.clone(); t468=host.send_out[0].val.clone(); t469=host.send_out[0].rdy.clone(); t470=host.send_out[1].msg.clone(); t471=host.send_out[1].val.clone(); t472=host.send_to_ctrl_mem.msg.clone(); t473=host.send_to_ctrl_mem.val.clone(); host=s.dut.tile[7].register_cluster.reg_bank[3]; t474=host.send_data.msg.clone(); t475=host.inport_wdata[0].clone(); t476=host.inport_wdata[1].clone(); t477=host.inport_valid[0].clone(); t478=host.inport_valid[1].clone(); host=s.dut.tile[7].fu_crossbar; t479=host.send_data[0].msg.clone(); t480=host.send_data[0].val.clone(); t481=host.send_data[0].rdy.clone(); t482=host.send_data[1].msg.clone(); t483=host.send_data[1].val.clone(); t484=host.send_data[1].rdy.clone(); t485=host.send_data[2].msg.clone(); t486=host.send_data[2].val.clone(); t487=host.send_data[2].rdy.clone(); t488=host.send_rdy_vector.clone(); t489=host.recv_valid_vector.clone(); t490=host.compute_done.clone(); t491=host.recv_opt.msg.operation.clone(); t492=host.recv_data_msg[0].predicate.clone(); t493=host.recv_data_msg[0].payload.clone(); t494=host.recv_data_msg[1].payload.clone(); t495=host.recv_data_msg[1].predicate.clone(); t496=host.send_data[3].msg.clone(); t497=host.send_data[3].val.clone(); t498=host.recv_opt.val.clone(); t499=host.send_data[3].rdy.clone(); t500=host.recv_opt.rdy.clone(); t501=host.send_data[4].msg.clone(); t502=host.send_data[4].val.clone(); t503=host.send_data[4].rdy.clone(); t504=host.send_data[5].msg.clone(); t505=host.send_data[5].val.clone(); t506=host.recv_data[0].rdy.clone(); t507=host.send_data[5].rdy.clone(); t508=host.send_data[6].msg.clone(); t509=host.send_data[6].val.clone(); t510=host.recv_data[1].rdy.clone(); t511=host.send_data[6].rdy.clone(); t512=host.send_data[7].msg.clone(); t513=host.send_data[7].val.clone(); t514=host.send_data[7].rdy.clone(); t515=host.recv_data_val[0].clone(); t516=host.recv_data_val[1].clone(); t517=host.recv_valid_or_prologue_allowing_vector.clone(); host=s.dut.tile[7].element.fu[11]; t518=host.reached_vector_factor.clone(); t519=host.in0.clone(); t520=host.in0_idx.clone(); t521=host.recv_const.rdy.clone(); t522=host.recv_opt.msg.clone(); t523=host.recv_opt.val.clone(); t524=host.recv_opt.rdy.clone(); t525=host.send_out[0].msg.clone(); t526=host.send_out[0].val.clone(); t527=host.send_out[1].msg.clone(); t528=host.send_out[1].val.clone(); t529=host.send_to_ctrl_mem.msg.clone(); t530=host.send_to_ctrl_mem.val.clone(); t531=host.send_to_ctrl_mem.rdy.clone(); t532=host.recv_from_ctrl_mem.rdy.clone(); t533=host.ctrl_addr_inport.clone(); t534=host.recv_in[0].msg.clone(); t535=host.recv_in[0].val.clone(); t536=host.recv_in[0].rdy.clone(); t537=host.recv_in[1].msg.clone(); t538=host.recv_in[1].val.clone(); t539=host.recv_in[1].rdy.clone(); t540=host.recv_in[2].msg.clone(); t541=host.recv_in[2].val.clone(); t542=host.recv_in[2].rdy.clone(); t543=host.recv_in[3].msg.clone(); t544=host.recv_in[3].val.clone(); t545=host.recv_in[3].rdy.clone(); host=s.dut.tile[7].tile_out_or_link[2]; t546=host.recv_fu.val.clone(); t547=host.recv_fu.rdy.clone(); t548=host.recv_xbar.val.clone(); t549=host.recv_xbar.rdy.clone(); t550=host.recv_fu.msg.predicate.clone(); t551=host.recv_xbar.msg.predicate.clone(); t552=host.recv_xbar.msg.payload.clone(); t553=host.recv_fu.msg.payload.clone(); host=s.dut.tile[7].routing_crossbar; t554=host.send_data[0].msg.clone(); t555=host.send_data[0].val.clone(); t556=host.send_data[0].rdy.clone(); t557=host.send_data[1].msg.clone(); t558=host.send_data[1].val.clone(); t559=host.send_data[1].rdy.clone(); t560=host.send_data[2].msg.clone(); t561=host.send_data[2].val.clone(); t562=host.send_data[2].rdy.clone(); t563=host.recv_data_msg[7].predicate.clone(); t564=host.send_data[3].msg.clone(); t565=host.send_data[3].val.clone(); t566=host.send_data[3].rdy.clone(); t567=host.recv_data_msg[6].predicate.clone(); t568=host.send_data[4].msg.clone(); t569=host.send_data[4].val.clone(); t570=host.send_data[4].rdy.clone(); t571=host.send_data[5].msg.clone(); t572=host.recv_opt.val.clone(); t573=host.send_data[5].val.clone(); t574=host.recv_opt.rdy.clone(); t575=host.send_data[5].rdy.clone(); t576=host.send_data[6].msg.clone(); t577=host.send_data[6].val.clone(); t578=host.send_data[6].rdy.clone(); t579=host.send_data[7].msg.clone(); t580=host.send_data[7].val.clone(); t581=host.send_data[7].rdy.clone(); t582=host.send_rdy_vector.clone(); t583=host.recv_valid_vector.clone(); t584=host.recv_opt.msg.operation.clone(); t585=host.recv_data_val[4].clone(); t586=host.recv_data_val[5].clone(); t587=host.recv_data_val[6].clone(); t588=host.recv_data_val[7].clone(); t589=host.compute_done.clone(); t590=host.recv_data_msg[4].predicate.clone(); t591=host.recv_data_msg[5].predicate.clone(); t592=host.recv_data_msg[7].payload.clone(); t593=host.recv_data_msg[6].payload.clone(); t594=host.recv_valid_or_prologue_allowing_vector.clone(); t595=host.recv_data_msg[4].payload.clone(); t596=host.recv_data_msg[5].payload.clone(); host=s.dut.tile[7].element; t597=host.send_out[0].msg.clone(); t598=host.send_out[0].val.clone(); t599=host.send_out[0].rdy.clone(); t600=host.send_out[1].msg.clone(); t601=host.send_out[1].val.clone(); t602=host.send_out[1].rdy.clone(); t603=host.recv_in[0].msg.clone(); t604=host.recv_in[0].rdy.clone(); t605=host.recv_in[1].msg.clone(); t606=host.recv_in[1].val.clone(); t607=host.recv_in[1].rdy.clone(); t608=host.recv_in[2].msg.clone(); t609=host.recv_in[2].val.clone(); t610=host.recv_in[2].rdy.clone(); t611=host.recv_in[3].msg.clone(); t612=host.recv_in[3].val.clone(); t613=host.recv_in[3].rdy.clone(); t614=host.recv_opt.msg.clone(); t615=host.recv_opt.val.clone(); t616=host.recv_opt.rdy.clone(); t617=host.recv_in[0].val.clone(); host=s.dut.tile[7].register_cluster.reg_bank[1]; t618=host.send_data.msg.clone(); t619=host.inport_wdata[0].clone(); t620=host.inport_wdata[1].clone(); t621=host.inport_valid[0].clone(); t622=host.inport_valid[1].clone(); host=s.dut.tile[7].register_cluster.reg_bank[1].reg_file; t623=host.raddr[0].clone(); t624=host.rdata[0].clone(); host=s.dut.tile[7].element.fu[12]; t625=host.recv_opt.msg.operation.clone(); t626=host.send_out[0].msg.clone(); t627=host.send_out[0].val.clone(); t628=host.send_out[1].msg.clone(); t629=host.send_out[1].val.clone(); t630=host.send_to_ctrl_mem.msg.clone(); t631=host.send_to_ctrl_mem.val.clone(); t632=host.recv_from_ctrl_mem.rdy.clone(); t633=host.recv_in[0].rdy.clone(); t634=host.recv_in[1].rdy.clone(); t635=host.recv_in[2].rdy.clone(); t636=host.recv_in[3].rdy.clone(); t637=host.recv_const.rdy.clone(); t638=host.recv_opt.val.clone(); t639=host.recv_opt.rdy.clone(); host=s.dut.tile[7].register_cluster.reg_bank[2].reg_file; t640=host.raddr[0].clone(); t641=host.rdata[0].clone(); host=s.dut.tile[7].register_cluster.reg_bank[0]; t642=host.inport_valid[1].clone(); t643=host.send_data.msg.clone(); t644=host.inport_wdata[0].clone(); t645=host.inport_wdata[1].clone(); t646=host.inport_valid[0].clone(); host=s.dut.tile[7].register_cluster.reg_bank[0].reg_file; t647=host.raddr[0].clone(); t648=host.rdata[0].clone(); host=s.dut.tile[7].tile_out_or_link[3]; t649=host.recv_fu.val.clone(); t650=host.recv_fu.rdy.clone(); t651=host.recv_xbar.val.clone(); t652=host.recv_xbar.rdy.clone(); t653=host.recv_fu.msg.payload.clone(); t654=host.recv_xbar.msg.payload.clone(); t655=host.recv_xbar.msg.predicate.clone(); t656=host.recv_fu.msg.predicate.clone(); host=s.dut.tile[7].register_cluster.reg_bank[3].reg_file; t657=host.raddr[0].clone(); t658=host.rdata[0].clone()
>       scc_tick_func()

<130-codegen /home/x/shiran/venv/lib/python3.8/site-packages/pymtl3/passes/sim/DynamicSchedulePass.py:180>:9: 
_ _ _ _ _ _ _ _ _ _ _ _ _ _ _ _ _ _ _ _ _ _ _ _ _ _ _ _ _ _ _ _ _ _ _ _ _ _ _ _ 

    def iterative():
      for blk in schedule:
>       blk()

../venv/lib/python3.8/site-packages/pymtl3/passes/sim/SimpleTickPass.py:28: 
_ _ _ _ _ _ _ _ _ _ _ _ _ _ _ _ _ _ _ _ _ _ _ _ _ _ _ _ _ _ _ _ _ _ _ _ _ _ _ _ 

    @update
    def comb_logic():
    
      s.recv_all_val @= 0
      # For pick input register
      s.in0 @= 0
      s.in1 @= 0
      for i in range(num_inports):
        s.recv_in[i].rdy @= b1(0)
      for i in range(num_outports):
        s.send_out[i].val @= 0
        s.send_out[i].msg @= s.DataType()
    
      s.recv_const.rdy @= 0
      s.recv_opt.rdy @= 0
    
      s.send_to_ctrl_mem.val @= 0
      s.send_to_ctrl_mem.msg @= s.CgraPayloadType(0, 0, 0, 0, 0)
      s.recv_from_ctrl_mem.rdy @= 0
    
      if s.recv_opt.val:
        if s.recv_opt.msg.fu_in[0] != 0:
          s.in0 @= zext(s.recv_opt.msg.fu_in[0] - 1, FuInType)
        if s.recv_opt.msg.fu_in[1] != 0:
          s.in1 @= zext(s.recv_opt.msg.fu_in[1] - 1, FuInType)
    
      if s.recv_opt.val:
        if s.recv_opt.msg.operation == OPT_DIV:
          s.send_out[0].msg.payload @= s.recv_in[s.in0_idx].msg.payload // s.recv_in[s.in1_idx].msg.payload
          s.send_out[0].msg.predicate @= s.recv_in[s.in0_idx].msg.predicate & \
                                         s.recv_in[s.in1_idx].msg.predicate & \
                                         s.reached_vector_factor
          s.recv_all_val @= s.recv_in[s.in0_idx].val & s.recv_in[s.in1_idx].val
          s.send_out[0].val @= s.recv_all_val
          s.recv_in[s.in0_idx].rdy @= s.recv_all_val & s.send_out[0].rdy
          s.recv_in[s.in1_idx].rdy @= s.recv_all_val & s.send_out[0].rdy
          s.recv_opt.rdy @= s.recv_all_val & s.send_out[0].rdy
    
        elif s.recv_opt.msg.operation == OPT_DIV_CONST:
>         s.send_out[0].msg.payload @= s.recv_in[s.in0_idx].msg.payload // s.recv_const.msg.payload

fu/single/DivRTL.py:76: 
_ _ _ _ _ _ _ _ _ _ _ _ _ _ _ _ _ _ _ _ _ _ _ _ _ _ _ _ _ _ _ _ _ _ _ _ _ _ _ _ 

self = Bits32(0x00000000), other = Bits32(0x00000000)

    def __floordiv__( self, other ):
      nbits = self._nbits
      try:
        if other.nbits != nbits:
          raise ValueError( f"Operands of '//' (div) operation must have matching bitwidth, "\
                            f"but here Bits{nbits} != Bits{other.nbits}.\n" )
>       return _new_valid_bits( nbits, (self._uint // other._uint) & _upper[nbits] )
E       ZeroDivisionError: integer division or modulo by zero

../venv/lib/python3.8/site-packages/pymtl3/datatypes/PythonBits.py:323: ZeroDivisionError
!!!!!!!!!!!!!!!!!!!!!!!!!! stopping after 1 failures !!!!!!!!!!!!!!!!!!!!!!!!!!!
========================= 1 failed in 83.90s (0:01:23) =========================
============================= test session starts ==============================
platform linux -- Python 3.8.10, pytest-7.1.3, pluggy-1.5.0
rootdir: /home/x/shiran/VectorCGRA, configfile: pytest.ini
plugins: hypothesis-6.113.0, pymtl3-3.1.13
collected 1 item

cgra/test/CgraRTL_conv4x4_test_from_yaml.py ================================================
Instruction:  {'index_per_ii': 1, 'operations': [{'opcode': 'GRANT_PREDICATE', 'id': 48, 'time_step': 11, 'invalid_iterations': 2, 'src_operands': [{'operand': 'NORTH', 'color': 'RED'}, {'operand': '$0', 'color': 'RED'}], 'dst_operands': [{'operand': '$0', 'color': 'RED'}]}]}
Take_up_fu_operation:  {'opcode': 'GRANT_PREDICATE', 'id': 48, 'time_step': 11, 'invalid_iterations': 2, 'src_operands': [{'operand': 'NORTH', 'color': 'RED'}, {'operand': '$0', 'color': 'RED'}], 'dst_operands': [{'operand': '$0', 'color': 'RED'}]}

 Operation:  {'opcode': 'GRANT_PREDICATE', 'id': 48, 'time_step': 11, 'invalid_iterations': 2, 'src_operands': [{'operand': 'NORTH', 'color': 'RED'}, {'operand': '$0', 'color': 'RED'}], 'dst_operands': [{'operand': '$0', 'color': 'RED'}]}
>>> index 1 is REG
Lane 1 available for port source {'operand': 'NORTH', 'color': 'RED'}
================================================
Instruction:  {'index_per_ii': 2, 'operations': [{'opcode': 'DATA_MOV', 'id': 20, 'time_step': 7, 'invalid_iterations': 1, 'src_operands': [{'operand': 'NORTH', 'color': 'RED'}], 'dst_operands': [{'operand': '$0', 'color': 'RED'}]}, {'opcode': 'RETURN_VALUE', 'id': 52, 'time_step': 12, 'invalid_iterations': 2, 'src_operands': [{'operand': '$0', 'color': 'RED'}]}]}
Take_up_fu_operation:  {'opcode': 'RETURN_VALUE', 'id': 52, 'time_step': 12, 'invalid_iterations': 2, 'src_operands': [{'operand': '$0', 'color': 'RED'}]}

 Operation:  {'opcode': 'DATA_MOV', 'id': 20, 'time_step': 7, 'invalid_iterations': 1, 'src_operands': [{'operand': 'NORTH', 'color': 'RED'}], 'dst_operands': [{'operand': '$0', 'color': 'RED'}]}

 Operation:  {'opcode': 'RETURN_VALUE', 'id': 52, 'time_step': 12, 'invalid_iterations': 2, 'src_operands': [{'operand': '$0', 'color': 'RED'}]}
>>> index 0 is REG
================================================
Instruction:  {'index_per_ii': 4, 'operations': [{'opcode': 'DATA_MOV', 'id': 440000, 'time_step': 9, 'invalid_iterations': 1, 'src_operands': [{'operand': 'EAST', 'color': 'RED'}], 'dst_operands': [{'operand': 'NORTH', 'color': 'RED'}]}]}
No take up fu operation found, just take the first.

 Operation:  {'opcode': 'DATA_MOV', 'id': 440000, 'time_step': 9, 'invalid_iterations': 1, 'src_operands': [{'operand': 'EAST', 'color': 'RED'}], 'dst_operands': [{'operand': 'NORTH', 'color': 'RED'}]}
================================================
Instruction:  {'index_per_ii': 1, 'operations': [{'opcode': 'LOAD', 'id': 39, 'time_step': 6, 'invalid_iterations': 1, 'src_operands': [{'operand': 'NORTH', 'color': 'RED'}], 'dst_operands': [{'operand': '$0', 'color': 'RED'}]}]}
Take_up_fu_operation:  {'opcode': 'LOAD', 'id': 39, 'time_step': 6, 'invalid_iterations': 1, 'src_operands': [{'operand': 'NORTH', 'color': 'RED'}], 'dst_operands': [{'operand': '$0', 'color': 'RED'}]}

 Operation:  {'opcode': 'LOAD', 'id': 39, 'time_step': 6, 'invalid_iterations': 1, 'src_operands': [{'operand': 'NORTH', 'color': 'RED'}], 'dst_operands': [{'operand': '$0', 'color': 'RED'}]}
Lane 0 available for port source {'operand': 'NORTH', 'color': 'RED'}
================================================
Instruction:  {'index_per_ii': 2, 'operations': [{'opcode': 'LOAD', 'id': 40, 'time_step': 7, 'invalid_iterations': 1, 'src_operands': [{'operand': 'NORTH', 'color': 'RED'}], 'dst_operands': [{'operand': '$8', 'color': 'RED'}]}]}
Take_up_fu_operation:  {'opcode': 'LOAD', 'id': 40, 'time_step': 7, 'invalid_iterations': 1, 'src_operands': [{'operand': 'NORTH', 'color': 'RED'}], 'dst_operands': [{'operand': '$8', 'color': 'RED'}]}

 Operation:  {'opcode': 'LOAD', 'id': 40, 'time_step': 7, 'invalid_iterations': 1, 'src_operands': [{'operand': 'NORTH', 'color': 'RED'}], 'dst_operands': [{'operand': '$8', 'color': 'RED'}]}
Lane 0 available for port source {'operand': 'NORTH', 'color': 'RED'}
================================================
Instruction:  {'index_per_ii': 3, 'operations': [{'opcode': 'MUL', 'id': 43, 'time_step': 8, 'invalid_iterations': 1, 'src_operands': [{'operand': '$0', 'color': 'RED'}, {'operand': '$8', 'color': 'RED'}], 'dst_operands': [{'operand': 'WEST', 'color': 'RED'}]}]}
Take_up_fu_operation:  {'opcode': 'MUL', 'id': 43, 'time_step': 8, 'invalid_iterations': 1, 'src_operands': [{'operand': '$0', 'color': 'RED'}, {'operand': '$8', 'color': 'RED'}], 'dst_operands': [{'operand': 'WEST', 'color': 'RED'}]}

 Operation:  {'opcode': 'MUL', 'id': 43, 'time_step': 8, 'invalid_iterations': 1, 'src_operands': [{'operand': '$0', 'color': 'RED'}, {'operand': '$8', 'color': 'RED'}], 'dst_operands': [{'operand': 'WEST', 'color': 'RED'}]}
>>> index 0 is REG
>>> index 1 is REG
>>> FuOutParams[2] = 1
================================================
Instruction:  {'index_per_ii': 1, 'operations': [{'opcode': 'DATA_MOV', 'id': 28, 'time_step': 6, 'invalid_iterations': 1, 'src_operands': [{'operand': 'NORTH', 'color': 'RED'}], 'dst_operands': [{'operand': '$0', 'color': 'RED'}]}, {'opcode': 'GRANT_PREDICATE', 'id': 49, 'time_step': 11, 'invalid_iterations': 2, 'src_operands': [{'operand': 'EAST', 'color': 'RED'}, {'operand': '$0', 'color': 'RED'}], 'dst_operands': [{'operand': 'NORTH', 'color': 'RED'}]}]}
Take_up_fu_operation:  {'opcode': 'GRANT_PREDICATE', 'id': 49, 'time_step': 11, 'invalid_iterations': 2, 'src_operands': [{'operand': 'EAST', 'color': 'RED'}, {'operand': '$0', 'color': 'RED'}], 'dst_operands': [{'operand': 'NORTH', 'color': 'RED'}]}

 Operation:  {'opcode': 'DATA_MOV', 'id': 28, 'time_step': 6, 'invalid_iterations': 1, 'src_operands': [{'operand': 'NORTH', 'color': 'RED'}], 'dst_operands': [{'operand': '$0', 'color': 'RED'}]}

 Operation:  {'opcode': 'GRANT_PREDICATE', 'id': 49, 'time_step': 11, 'invalid_iterations': 2, 'src_operands': [{'operand': 'EAST', 'color': 'RED'}, {'operand': '$0', 'color': 'RED'}], 'dst_operands': [{'operand': 'NORTH', 'color': 'RED'}]}
>>> index 1 is REG
Lane 1 available for port source {'operand': 'EAST', 'color': 'RED'}
>>> FuOutParams[0] = 1
================================================
Instruction:  {'index_per_ii': 0, 'operations': [{'opcode': 'ADD', 'id': 45, 'time_step': 10, 'invalid_iterations': 2, 'src_operands': [{'operand': 'SOUTH', 'color': 'RED'}, {'operand': '$0', 'color': 'RED'}], 'dst_operands': [{'operand': 'WEST', 'color': 'RED'}, {'operand': 'SOUTH', 'color': 'RED'}]}]}
Take_up_fu_operation:  {'opcode': 'ADD', 'id': 45, 'time_step': 10, 'invalid_iterations': 2, 'src_operands': [{'operand': 'SOUTH', 'color': 'RED'}, {'operand': '$0', 'color': 'RED'}], 'dst_operands': [{'operand': 'WEST', 'color': 'RED'}, {'operand': 'SOUTH', 'color': 'RED'}]}

 Operation:  {'opcode': 'ADD', 'id': 45, 'time_step': 10, 'invalid_iterations': 2, 'src_operands': [{'operand': 'SOUTH', 'color': 'RED'}, {'operand': '$0', 'color': 'RED'}], 'dst_operands': [{'operand': 'WEST', 'color': 'RED'}, {'operand': 'SOUTH', 'color': 'RED'}]}
>>> index 1 is REG
Lane 1 available for port source {'operand': 'SOUTH', 'color': 'RED'}
>>> FuOutParams[2] = 1
>>> FuOutParams[1] = 2
================================================
Instruction:  {'index_per_ii': 1, 'operations': [{'opcode': 'DATA_MOV', 'id': 200002, 'time_step': 6, 'invalid_iterations': 1, 'src_operands': [{'operand': 'NORTH', 'color': 'RED'}], 'dst_operands': [{'operand': 'SOUTH', 'color': 'RED'}]}]}
No take up fu operation found, just take the first.

 Operation:  {'opcode': 'DATA_MOV', 'id': 200002, 'time_step': 6, 'invalid_iterations': 1, 'src_operands': [{'operand': 'NORTH', 'color': 'RED'}], 'dst_operands': [{'operand': 'SOUTH', 'color': 'RED'}]}
================================================
Instruction:  {'index_per_ii': 4, 'operations': [{'opcode': 'DATA_MOV', 'id': 10, 'time_step': 9, 'invalid_iterations': 1, 'src_operands': [{'operand': 'NORTH', 'color': 'RED'}], 'dst_operands': [{'operand': '$0', 'color': 'RED'}]}]}
No take up fu operation found, just take the first.

 Operation:  {'opcode': 'DATA_MOV', 'id': 10, 'time_step': 9, 'invalid_iterations': 1, 'src_operands': [{'operand': 'NORTH', 'color': 'RED'}], 'dst_operands': [{'operand': '$0', 'color': 'RED'}]}
================================================
Instruction:  {'index_per_ii': 0, 'operations': [{'opcode': 'GEP', 'id': 34, 'time_step': 5, 'invalid_iterations': 1, 'src_operands': [{'operand': '#6', 'color': 'RED'}, {'operand': '$0', 'color': 'RED'}, {'operand': 'NORTH', 'color': 'RED'}], 'dst_operands': [{'operand': 'SOUTH', 'color': 'RED'}]}, {'opcode': 'DATA_MOV', 'id': 30, 'time_step': 5, 'invalid_iterations': 1, 'src_operands': [{'operand': 'NORTH', 'color': 'RED'}], 'dst_operands': [{'operand': '$8', 'color': 'RED'}]}]}
Take_up_fu_operation:  {'opcode': 'GEP', 'id': 34, 'time_step': 5, 'invalid_iterations': 1, 'src_operands': [{'operand': '#6', 'color': 'RED'}, {'operand': '$0', 'color': 'RED'}, {'operand': 'NORTH', 'color': 'RED'}], 'dst_operands': [{'operand': 'SOUTH', 'color': 'RED'}]}

 Operation:  {'opcode': 'DATA_MOV', 'id': 30, 'time_step': 5, 'invalid_iterations': 1, 'src_operands': [{'operand': 'NORTH', 'color': 'RED'}], 'dst_operands': [{'operand': '$8', 'color': 'RED'}]}

 Operation:  {'opcode': 'GEP', 'id': 34, 'time_step': 5, 'invalid_iterations': 1, 'src_operands': [{'operand': '#6', 'color': 'RED'}, {'operand': '$0', 'color': 'RED'}, {'operand': 'NORTH', 'color': 'RED'}], 'dst_operands': [{'operand': 'SOUTH', 'color': 'RED'}]}
>>> index 0 is REG
Lane 1 available for port source {'operand': 'NORTH', 'color': 'RED'}
>>> FuOutParams[1] = 1
================================================
Instruction:  {'index_per_ii': 1, 'operations': [{'opcode': 'GEP', 'id': 35, 'time_step': 6, 'invalid_iterations': 1, 'src_operands': [{'operand': '#0', 'color': 'RED'}, {'operand': '$0', 'color': 'RED'}, {'operand': '$8', 'color': 'RED'}], 'dst_operands': [{'operand': 'SOUTH', 'color': 'RED'}]}]}
Take_up_fu_operation:  {'opcode': 'GEP', 'id': 35, 'time_step': 6, 'invalid_iterations': 1, 'src_operands': [{'operand': '#0', 'color': 'RED'}, {'operand': '$0', 'color': 'RED'}, {'operand': '$8', 'color': 'RED'}], 'dst_operands': [{'operand': 'SOUTH', 'color': 'RED'}]}

 Operation:  {'opcode': 'GEP', 'id': 35, 'time_step': 6, 'invalid_iterations': 1, 'src_operands': [{'operand': '#0', 'color': 'RED'}, {'operand': '$0', 'color': 'RED'}, {'operand': '$8', 'color': 'RED'}], 'dst_operands': [{'operand': 'SOUTH', 'color': 'RED'}]}
>>> index 0 is REG
>>> index 1 is REG
>>> FuOutParams[1] = 1
================================================
Instruction:  {'index_per_ii': 3, 'operations': [{'opcode': 'DIV', 'id': 19, 'time_step': 3, 'invalid_iterations': 0, 'src_operands': [{'operand': 'NORTH', 'color': 'RED'}, {'operand': '#3', 'color': 'RED'}], 'dst_operands': [{'operand': '$0', 'color': 'RED'}]}]}
Take_up_fu_operation:  {'opcode': 'DIV', 'id': 19, 'time_step': 3, 'invalid_iterations': 0, 'src_operands': [{'operand': 'NORTH', 'color': 'RED'}, {'operand': '#3', 'color': 'RED'}], 'dst_operands': [{'operand': '$0', 'color': 'RED'}]}

 Operation:  {'opcode': 'DIV', 'id': 19, 'time_step': 3, 'invalid_iterations': 0, 'src_operands': [{'operand': 'NORTH', 'color': 'RED'}, {'operand': '#3', 'color': 'RED'}], 'dst_operands': [{'operand': '$0', 'color': 'RED'}]}
Lane 0 available for port source {'operand': 'NORTH', 'color': 'RED'}
================================================
Instruction:  {'index_per_ii': 4, 'operations': [{'opcode': 'ZEXT', 'id': 26, 'time_step': 4, 'invalid_iterations': 0, 'src_operands': [{'operand': '$0', 'color': 'RED'}], 'dst_operands': [{'operand': '$0', 'color': 'RED'}]}]}
Take_up_fu_operation:  {'opcode': 'ZEXT', 'id': 26, 'time_step': 4, 'invalid_iterations': 0, 'src_operands': [{'operand': '$0', 'color': 'RED'}], 'dst_operands': [{'operand': '$0', 'color': 'RED'}]}

 Operation:  {'opcode': 'ZEXT', 'id': 26, 'time_step': 4, 'invalid_iterations': 0, 'src_operands': [{'operand': '$0', 'color': 'RED'}], 'dst_operands': [{'operand': '$0', 'color': 'RED'}]}
>>> index 0 is REG
================================================
Instruction:  {'index_per_ii': 0, 'operations': [{'opcode': 'DATA_MOV', 'id': 280000, 'time_step': 5, 'invalid_iterations': 1, 'src_operands': [{'operand': 'EAST', 'color': 'RED'}], 'dst_operands': [{'operand': 'SOUTH', 'color': 'RED'}]}]}
No take up fu operation found, just take the first.

 Operation:  {'opcode': 'DATA_MOV', 'id': 280000, 'time_step': 5, 'invalid_iterations': 1, 'src_operands': [{'operand': 'EAST', 'color': 'RED'}], 'dst_operands': [{'operand': 'SOUTH', 'color': 'RED'}]}
================================================
Instruction:  {'index_per_ii': 2, 'operations': [{'opcode': 'DATA_MOV', 'id': 5, 'time_step': 2, 'invalid_iterations': 0, 'src_operands': [{'operand': 'EAST', 'color': 'RED'}], 'dst_operands': [{'operand': '$0', 'color': 'RED'}]}, {'opcode': 'PHI_START', 'id': 7, 'time_step': 7, 'invalid_iterations': 1, 'src_operands': [{'operand': '$0', 'color': 'RED'}, {'operand': 'SOUTH', 'color': 'RED'}], 'dst_operands': [{'operand': 'EAST', 'color': 'RED'}]}]}
Take_up_fu_operation:  {'opcode': 'PHI_START', 'id': 7, 'time_step': 7, 'invalid_iterations': 1, 'src_operands': [{'operand': '$0', 'color': 'RED'}, {'operand': 'SOUTH', 'color': 'RED'}], 'dst_operands': [{'operand': 'EAST', 'color': 'RED'}]}

 Operation:  {'opcode': 'DATA_MOV', 'id': 5, 'time_step': 2, 'invalid_iterations': 0, 'src_operands': [{'operand': 'EAST', 'color': 'RED'}], 'dst_operands': [{'operand': '$0', 'color': 'RED'}]}

 Operation:  {'opcode': 'PHI_START', 'id': 7, 'time_step': 7, 'invalid_iterations': 1, 'src_operands': [{'operand': '$0', 'color': 'RED'}, {'operand': 'SOUTH', 'color': 'RED'}], 'dst_operands': [{'operand': 'EAST', 'color': 'RED'}]}
>>> index 0 is REG
Lane 1 available for port source {'operand': 'SOUTH', 'color': 'RED'}
>>> FuOutParams[3] = 1
================================================
Instruction:  {'index_per_ii': 4, 'operations': [{'opcode': 'DATA_MOV', 'id': 200000, 'time_step': 4, 'invalid_iterations': 0, 'src_operands': [{'operand': 'EAST', 'color': 'RED'}], 'dst_operands': [{'operand': 'EAST', 'color': 'RED'}]}]}
No take up fu operation found, just take the first.

 Operation:  {'opcode': 'DATA_MOV', 'id': 200000, 'time_step': 4, 'invalid_iterations': 0, 'src_operands': [{'operand': 'EAST', 'color': 'RED'}], 'dst_operands': [{'operand': 'EAST', 'color': 'RED'}]}
================================================
Instruction:  {'index_per_ii': 0, 'operations': [{'opcode': 'GRANT_PREDICATE', 'id': 33, 'time_step': 5, 'invalid_iterations': 1, 'src_operands': [{'operand': '$8', 'color': 'RED'}, {'operand': '$0', 'color': 'RED'}], 'dst_operands': [{'operand': '$0', 'color': 'RED'}]}, {'opcode': 'DATA_MOV', 'id': 200001, 'time_step': 5, 'invalid_iterations': 1, 'src_operands': [{'operand': 'WEST', 'color': 'RED'}], 'dst_operands': [{'operand': 'SOUTH', 'color': 'RED'}]}]}
Take_up_fu_operation:  {'opcode': 'GRANT_PREDICATE', 'id': 33, 'time_step': 5, 'invalid_iterations': 1, 'src_operands': [{'operand': '$8', 'color': 'RED'}, {'operand': '$0', 'color': 'RED'}], 'dst_operands': [{'operand': '$0', 'color': 'RED'}]}

 Operation:  {'opcode': 'DATA_MOV', 'id': 200001, 'time_step': 5, 'invalid_iterations': 1, 'src_operands': [{'operand': 'WEST', 'color': 'RED'}], 'dst_operands': [{'operand': 'SOUTH', 'color': 'RED'}]}

 Operation:  {'opcode': 'GRANT_PREDICATE', 'id': 33, 'time_step': 5, 'invalid_iterations': 1, 'src_operands': [{'operand': '$8', 'color': 'RED'}, {'operand': '$0', 'color': 'RED'}], 'dst_operands': [{'operand': '$0', 'color': 'RED'}]}
>>> index 0 is REG
>>> index 1 is REG
================================================
Instruction:  {'index_per_ii': 1, 'operations': [{'opcode': 'PHI_START', 'id': 6, 'time_step': 1, 'invalid_iterations': 0, 'src_operands': [{'operand': 'EAST', 'color': 'RED'}, {'operand': '$0', 'color': 'RED'}], 'dst_operands': [{'operand': 'EAST', 'color': 'RED'}, {'operand': '$0', 'color': 'RED'}]}, {'opcode': 'DATA_MOV', 'id': 50000, 'time_step': 1, 'invalid_iterations': 0, 'src_operands': [{'operand': 'EAST', 'color': 'RED'}], 'dst_operands': [{'operand': 'WEST', 'color': 'RED'}]}]}
Take_up_fu_operation:  {'opcode': 'PHI_START', 'id': 6, 'time_step': 1, 'invalid_iterations': 0, 'src_operands': [{'operand': 'EAST', 'color': 'RED'}, {'operand': '$0', 'color': 'RED'}], 'dst_operands': [{'operand': 'EAST', 'color': 'RED'}, {'operand': '$0', 'color': 'RED'}]}

 Operation:  {'opcode': 'DATA_MOV', 'id': 50000, 'time_step': 1, 'invalid_iterations': 0, 'src_operands': [{'operand': 'EAST', 'color': 'RED'}], 'dst_operands': [{'operand': 'WEST', 'color': 'RED'}]}

 Operation:  {'opcode': 'PHI_START', 'id': 6, 'time_step': 1, 'invalid_iterations': 0, 'src_operands': [{'operand': 'EAST', 'color': 'RED'}, {'operand': '$0', 'color': 'RED'}], 'dst_operands': [{'operand': 'EAST', 'color': 'RED'}, {'operand': '$0', 'color': 'RED'}]}
>>> index 1 is REG
Lane 1 available for port source {'operand': 'EAST', 'color': 'RED'}
>>> FuOutParams[3] = 1
================================================
Instruction:  {'index_per_ii': 2, 'operations': [{'opcode': 'ADD', 'id': 11, 'time_step': 2, 'invalid_iterations': 0, 'src_operands': [{'operand': '$0', 'color': 'RED'}, {'operand': '#1', 'color': 'RED'}], 'dst_operands': [{'operand': '$0', 'color': 'RED'}, {'operand': '$8', 'color': 'RED'}]}]}
Take_up_fu_operation:  {'opcode': 'ADD', 'id': 11, 'time_step': 2, 'invalid_iterations': 0, 'src_operands': [{'operand': '$0', 'color': 'RED'}, {'operand': '#1', 'color': 'RED'}], 'dst_operands': [{'operand': '$0', 'color': 'RED'}, {'operand': '$8', 'color': 'RED'}]}

 Operation:  {'opcode': 'ADD', 'id': 11, 'time_step': 2, 'invalid_iterations': 0, 'src_operands': [{'operand': '$0', 'color': 'RED'}, {'operand': '#1', 'color': 'RED'}], 'dst_operands': [{'operand': '$0', 'color': 'RED'}, {'operand': '$8', 'color': 'RED'}]}
>>> index 0 is REG
================================================
Instruction:  {'index_per_ii': 3, 'operations': [{'opcode': 'ICMP_EQ', 'id': 17, 'time_step': 3, 'invalid_iterations': 0, 'src_operands': [{'operand': '$0', 'color': 'RED'}, {'operand': '#6', 'color': 'RED'}], 'dst_operands': [{'operand': '$0', 'color': 'RED'}, {'operand': 'WEST', 'color': 'RED'}]}, {'opcode': 'DATA_MOV', 'id': 100000, 'time_step': 8, 'invalid_iterations': 1, 'src_operands': [{'operand': 'WEST', 'color': 'RED'}], 'dst_operands': [{'operand': 'SOUTH', 'color': 'RED'}]}]}
Take_up_fu_operation:  {'opcode': 'ICMP_EQ', 'id': 17, 'time_step': 3, 'invalid_iterations': 0, 'src_operands': [{'operand': '$0', 'color': 'RED'}, {'operand': '#6', 'color': 'RED'}], 'dst_operands': [{'operand': '$0', 'color': 'RED'}, {'operand': 'WEST', 'color': 'RED'}]}

 Operation:  {'opcode': 'DATA_MOV', 'id': 100000, 'time_step': 8, 'invalid_iterations': 1, 'src_operands': [{'operand': 'WEST', 'color': 'RED'}], 'dst_operands': [{'operand': 'SOUTH', 'color': 'RED'}]}

 Operation:  {'opcode': 'ICMP_EQ', 'id': 17, 'time_step': 3, 'invalid_iterations': 0, 'src_operands': [{'operand': '$0', 'color': 'RED'}, {'operand': '#6', 'color': 'RED'}], 'dst_operands': [{'operand': '$0', 'color': 'RED'}, {'operand': 'WEST', 'color': 'RED'}]}
>>> index 0 is REG
>>> FuOutParams[2] = 2
================================================
Instruction:  {'index_per_ii': 4, 'operations': [{'opcode': 'NOT', 'id': 24, 'time_step': 4, 'invalid_iterations': 0, 'src_operands': [{'operand': '$0', 'color': 'RED'}], 'dst_operands': [{'operand': 'WEST', 'color': 'RED'}, {'operand': '$0', 'color': 'RED'}]}]}
Take_up_fu_operation:  {'opcode': 'NOT', 'id': 24, 'time_step': 4, 'invalid_iterations': 0, 'src_operands': [{'operand': '$0', 'color': 'RED'}], 'dst_operands': [{'operand': 'WEST', 'color': 'RED'}, {'operand': '$0', 'color': 'RED'}]}

 Operation:  {'opcode': 'NOT', 'id': 24, 'time_step': 4, 'invalid_iterations': 0, 'src_operands': [{'operand': '$0', 'color': 'RED'}], 'dst_operands': [{'operand': 'WEST', 'color': 'RED'}, {'operand': '$0', 'color': 'RED'}]}
>>> index 0 is REG
>>> FuOutParams[2] = 1
================================================
Instruction:  {'index_per_ii': 0, 'operations': [{'opcode': 'GRANT_ONCE', 'id': 0, 'time_step': 0, 'invalid_iterations': 0, 'src_operands': [{'operand': '#0', 'color': 'RED'}], 'dst_operands': [{'operand': 'WEST', 'color': 'RED'}]}]}
Take_up_fu_operation:  {'opcode': 'GRANT_ONCE', 'id': 0, 'time_step': 0, 'invalid_iterations': 0, 'src_operands': [{'operand': '#0', 'color': 'RED'}], 'dst_operands': [{'operand': 'WEST', 'color': 'RED'}]}

 Operation:  {'opcode': 'GRANT_ONCE', 'id': 0, 'time_step': 0, 'invalid_iterations': 0, 'src_operands': [{'operand': '#0', 'color': 'RED'}], 'dst_operands': [{'operand': 'WEST', 'color': 'RED'}]}
>>> FuOutParams[2] = 1
================================================
Instruction:  {'index_per_ii': 2, 'operations': [{'opcode': 'CAST_TRUNC', 'id': 12, 'time_step': 2, 'invalid_iterations': 0, 'src_operands': [{'operand': 'WEST', 'color': 'RED'}], 'dst_operands': [{'operand': 'SOUTH', 'color': 'RED'}, {'operand': '$0', 'color': 'RED'}]}]}
Take_up_fu_operation:  {'opcode': 'CAST_TRUNC', 'id': 12, 'time_step': 2, 'invalid_iterations': 0, 'src_operands': [{'operand': 'WEST', 'color': 'RED'}], 'dst_operands': [{'operand': 'SOUTH', 'color': 'RED'}, {'operand': '$0', 'color': 'RED'}]}

 Operation:  {'opcode': 'CAST_TRUNC', 'id': 12, 'time_step': 2, 'invalid_iterations': 0, 'src_operands': [{'operand': 'WEST', 'color': 'RED'}], 'dst_operands': [{'operand': 'SOUTH', 'color': 'RED'}, {'operand': '$0', 'color': 'RED'}]}
Lane 0 available for port source {'operand': 'WEST', 'color': 'RED'}
>>> FuOutParams[1] = 1
================================================
Instruction:  {'index_per_ii': 3, 'operations': [{'opcode': 'REM', 'id': 18, 'time_step': 3, 'invalid_iterations': 0, 'src_operands': [{'operand': '$0', 'color': 'RED'}, {'operand': '#3', 'color': 'RED'}], 'dst_operands': [{'operand': '$0', 'color': 'RED'}]}]}
Take_up_fu_operation:  {'opcode': 'REM', 'id': 18, 'time_step': 3, 'invalid_iterations': 0, 'src_operands': [{'operand': '$0', 'color': 'RED'}, {'operand': '#3', 'color': 'RED'}], 'dst_operands': [{'operand': '$0', 'color': 'RED'}]}

 Operation:  {'opcode': 'REM', 'id': 18, 'time_step': 3, 'invalid_iterations': 0, 'src_operands': [{'operand': '$0', 'color': 'RED'}, {'operand': '#3', 'color': 'RED'}], 'dst_operands': [{'operand': '$0', 'color': 'RED'}]}
>>> index 0 is REG
================================================
Instruction:  {'index_per_ii': 4, 'operations': [{'opcode': 'ZEXT', 'id': 25, 'time_step': 4, 'invalid_iterations': 0, 'src_operands': [{'operand': '$0', 'color': 'RED'}], 'dst_operands': [{'operand': 'SOUTH', 'color': 'RED'}]}]}
Take_up_fu_operation:  {'opcode': 'ZEXT', 'id': 25, 'time_step': 4, 'invalid_iterations': 0, 'src_operands': [{'operand': '$0', 'color': 'RED'}], 'dst_operands': [{'operand': 'SOUTH', 'color': 'RED'}]}

 Operation:  {'opcode': 'ZEXT', 'id': 25, 'time_step': 4, 'invalid_iterations': 0, 'src_operands': [{'operand': '$0', 'color': 'RED'}], 'dst_operands': [{'operand': 'SOUTH', 'color': 'RED'}]}
>>> index 0 is REG
>>> FuOutParams[1] = 1
src_opt_pkt0:  [[IntraCgraPacket_4_4x1_16_8_2_CgraPayload(Bits5(0x00),Bits5(0x02),Bits2(0x0),Bits2(0x0),Bits2(0x0),Bits1(0x0),Bits2(0x0),Bits1(0x0),Bits8(0x00),Bits1(0x0),MultiCgraPayload_Cmd_Data_DataAddr_Ctrl_CtrlAddr(Bits6(0x08),CgraData_32_1_1_1(Bits32(0x00000005),Bits1(0x1),Bits1(0x0),Bits1(0x0)),Bits14(0x0000),CGRAConfig_7_4_2_4_4_3_4(Bits7(0x00),[Bits3(0x0), Bits3(0x0), Bits3(0x0), Bits3(0x0)],[Bits4(0x0), Bits4(0x0), Bits4(0x0), Bits4(0x0), Bits4(0x0), Bits4(0x0), Bits4(0x0), Bits4(0x0)],[Bits2(0x0), Bits2(0x0), Bits2(0x0), Bits2(0x0), Bits2(0x0), Bits2(0x0), Bits2(0x0), Bits2(0x0)],Bits3(0x0),Bits1(0x0),[Bits2(0x0), Bits2(0x0), Bits2(0x0), Bits2(0x0)],[Bits3(0x0), Bits3(0x0), Bits3(0x0), Bits3(0x0)],[Bits2(0x0), Bits2(0x0), Bits2(0x0), Bits2(0x0)],[Bits3(0x0), Bits3(0x0), Bits3(0x0), Bits3(0x0)]),Bits3(0x0))), IntraCgraPacket_4_4x1_16_8_2_CgraPayload(Bits5(0x00),Bits5(0x02),Bits2(0x0),Bits2(0x0),Bits2(0x0),Bits1(0x0),Bits2(0x0),Bits1(0x0),Bits8(0x00),Bits1(0x0),MultiCgraPayload_Cmd_Data_DataAddr_Ctrl_CtrlAddr(Bits6(0x07),CgraData_32_1_1_1(Bits32(0x00000028),Bits1(0x1),Bits1(0x0),Bits1(0x0)),Bits14(0x0000),CGRAConfig_7_4_2_4_4_3_4(Bits7(0x00),[Bits3(0x0), Bits3(0x0), Bits3(0x0), Bits3(0x0)],[Bits4(0x0), Bits4(0x0), Bits4(0x0), Bits4(0x0), Bits4(0x0), Bits4(0x0), Bits4(0x0), Bits4(0x0)],[Bits2(0x0), Bits2(0x0), Bits2(0x0), Bits2(0x0), Bits2(0x0), Bits2(0x0), Bits2(0x0), Bits2(0x0)],Bits3(0x0),Bits1(0x0),[Bits2(0x0), Bits2(0x0), Bits2(0x0), Bits2(0x0)],[Bits3(0x0), Bits3(0x0), Bits3(0x0), Bits3(0x0)],[Bits2(0x0), Bits2(0x0), Bits2(0x0), Bits2(0x0)],[Bits3(0x0), Bits3(0x0), Bits3(0x0), Bits3(0x0)]),Bits3(0x0))), IntraCgraPacket_4_4x1_16_8_2_CgraPayload(Bits5(0x00),Bits5(0x02),Bits2(0x0),Bits2(0x0),Bits2(0x0),Bits1(0x0),Bits2(0x0),Bits1(0x0),Bits8(0x00),Bits1(0x0),MultiCgraPayload_Cmd_Data_DataAddr_Ctrl_CtrlAddr(Bits6(0x03),CgraData_32_1_1_1(Bits32(0x00000000),Bits1(0x0),Bits1(0x0),Bits1(0x0)),Bits14(0x0000),CGRAConfig_7_4_2_4_4_3_4(Bits7(0x01),[Bits3(0x1), Bits3(0x2), Bits3(0x3), Bits3(0x4)],[Bits4(0x0), Bits4(0x0), Bits4(0x0), Bits4(0x0), Bits4(0x0), Bits4(0x0), Bits4(0x0), Bits4(0x0)],[Bits2(0x0), Bits2(0x0), Bits2(0x0), Bits2(0x0), Bits2(0x0), Bits2(0x0), Bits2(0x0), Bits2(0x0)],Bits3(0x0),Bits1(0x0),[Bits2(0x0), Bits2(0x0), Bits2(0x0), Bits2(0x0)],[Bits3(0x0), Bits3(0x0), Bits3(0x0), Bits3(0x0)],[Bits2(0x0), Bits2(0x0), Bits2(0x0), Bits2(0x0)],[Bits3(0x0), Bits3(0x0), Bits3(0x0), Bits3(0x0)]),Bits3(0x0))), IntraCgraPacket_4_4x1_16_8_2_CgraPayload(Bits5(0x00),Bits5(0x02),Bits2(0x0),Bits2(0x0),Bits2(0x0),Bits1(0x0),Bits2(0x0),Bits1(0x0),Bits8(0x00),Bits1(0x0),MultiCgraPayload_Cmd_Data_DataAddr_Ctrl_CtrlAddr(Bits6(0x03),CgraData_32_1_1_1(Bits32(0x00000000),Bits1(0x0),Bits1(0x0),Bits1(0x0)),Bits14(0x0000),CGRAConfig_7_4_2_4_4_3_4(Bits7(0x10),[Bits3(0x2), Bits3(0x1), Bits3(0x0), Bits3(0x0)],[Bits4(0x0), Bits4(0x0), Bits4(0x0), Bits4(0x0), Bits4(0x0), Bits4(0x1), Bits4(0x0), Bits4(0x0)],[Bits2(0x0), Bits2(0x0), Bits2(0x0), Bits2(0x0), Bits2(0x1), Bits2(0x0), Bits2(0x0), Bits2(0x0)],Bits3(0x0),Bits1(0x0),[Bits2(0x2), Bits2(0x0), Bits2(0x0), Bits2(0x0)],[Bits3(0x0), Bits3(0x0), Bits3(0x0), Bits3(0x0)],[Bits2(0x1), Bits2(0x0), Bits2(0x0), Bits2(0x0)],[Bits3(0x0), Bits3(0x0), Bits3(0x0), Bits3(0x0)]),Bits3(0x1))), IntraCgraPacket_4_4x1_16_8_2_CgraPayload(Bits5(0x00),Bits5(0x02),Bits2(0x0),Bits2(0x0),Bits2(0x0),Bits1(0x0),Bits2(0x0),Bits1(0x0),Bits8(0x00),Bits1(0x0),MultiCgraPayload_Cmd_Data_DataAddr_Ctrl_CtrlAddr(Bits6(0x03),CgraData_32_1_1_1(Bits32(0x00000000),Bits1(0x0),Bits1(0x0),Bits1(0x0)),Bits14(0x0000),CGRAConfig_7_4_2_4_4_3_4(Bits7(0x23),[Bits3(0x1), Bits3(0x0), Bits3(0x0), Bits3(0x0)],[Bits4(0x0), Bits4(0x0), Bits4(0x0), Bits4(0x0), Bits4(0x1), Bits4(0x0), Bits4(0x0), Bits4(0x0)],[Bits2(0x0), Bits2(0x0), Bits2(0x0), Bits2(0x0), Bits2(0x0), Bits2(0x0), Bits2(0x0), Bits2(0x0)],Bits3(0x0),Bits1(0x0),[Bits2(0x1), Bits2(0x0), Bits2(0x0), Bits2(0x0)],[Bits3(0x0), Bits3(0x0), Bits3(0x0), Bits3(0x0)],[Bits2(0x1), Bits2(0x0), Bits2(0x0), Bits2(0x0)],[Bits3(0x0), Bits3(0x0), Bits3(0x0), Bits3(0x0)]),Bits3(0x2))), IntraCgraPacket_4_4x1_16_8_2_CgraPayload(Bits5(0x00),Bits5(0x02),Bits2(0x0),Bits2(0x0),Bits2(0x0),Bits1(0x0),Bits2(0x0),Bits1(0x0),Bits8(0x00),Bits1(0x0),MultiCgraPayload_Cmd_Data_DataAddr_Ctrl_CtrlAddr(Bits6(0x03),CgraData_32_1_1_1(Bits32(0x00000000),Bits1(0x0),Bits1(0x0),Bits1(0x0)),Bits14(0x0000),CGRAConfig_7_4_2_4_4_3_4(Bits7(0x01),[Bits3(0x1), Bits3(0x2), Bits3(0x3), Bits3(0x4)],[Bits4(0x0), Bits4(0x0), Bits4(0x0), Bits4(0x0), Bits4(0x0), Bits4(0x0), Bits4(0x0), Bits4(0x0)],[Bits2(0x0), Bits2(0x0), Bits2(0x0), Bits2(0x0), Bits2(0x0), Bits2(0x0), Bits2(0x0), Bits2(0x0)],Bits3(0x0),Bits1(0x0),[Bits2(0x0), Bits2(0x0), Bits2(0x0), Bits2(0x0)],[Bits3(0x0), Bits3(0x0), Bits3(0x0), Bits3(0x0)],[Bits2(0x0), Bits2(0x0), Bits2(0x0), Bits2(0x0)],[Bits3(0x0), Bits3(0x0), Bits3(0x0), Bits3(0x0)]),Bits3(0x3))), IntraCgraPacket_4_4x1_16_8_2_CgraPayload(Bits5(0x00),Bits5(0x02),Bits2(0x0),Bits2(0x0),Bits2(0x0),Bits1(0x0),Bits2(0x0),Bits1(0x0),Bits8(0x00),Bits1(0x0),MultiCgraPayload_Cmd_Data_DataAddr_Ctrl_CtrlAddr(Bits6(0x03),CgraData_32_1_1_1(Bits32(0x00000000),Bits1(0x0),Bits1(0x0),Bits1(0x0)),Bits14(0x0000),CGRAConfig_7_4_2_4_4_3_4(Bits7(0x01),[Bits3(0x0), Bits3(0x0), Bits3(0x0), Bits3(0x0)],[Bits4(0x4), Bits4(0x0), Bits4(0x0), Bits4(0x0), Bits4(0x0), Bits4(0x0), Bits4(0x0), Bits4(0x0)],[Bits2(0x0), Bits2(0x0), Bits2(0x0), Bits2(0x0), Bits2(0x0), Bits2(0x0), Bits2(0x0), Bits2(0x0)],Bits3(0x0),Bits1(0x0),[Bits2(0x0), Bits2(0x0), Bits2(0x0), Bits2(0x0)],[Bits3(0x0), Bits3(0x0), Bits3(0x0), Bits3(0x0)],[Bits2(0x0), Bits2(0x0), Bits2(0x0), Bits2(0x0)],[Bits3(0x0), Bits3(0x0), Bits3(0x0), Bits3(0x0)]),Bits3(0x4))), IntraCgraPacket_4_4x1_16_8_2_CgraPayload(Bits5(0x00),Bits5(0x02),Bits2(0x0),Bits2(0x0),Bits2(0x0),Bits1(0x0),Bits2(0x0),Bits1(0x0),Bits8(0x00),Bits1(0x0),MultiCgraPayload_Cmd_Data_DataAddr_Ctrl_CtrlAddr(Bits6(0x04),CgraData_32_1_1_1(Bits32(0x00000002),Bits1(0x1),Bits1(0x0),Bits1(0x0)),Bits14(0x0000),CGRAConfig_7_4_2_4_4_3_4(Bits7(0x00),[Bits3(0x0), Bits3(0x0), Bits3(0x0), Bits3(0x0)],[Bits4(0x0), Bits4(0x0), Bits4(0x0), Bits4(0x0), Bits4(0x0), Bits4(0x0), Bits4(0x0), Bits4(0x0)],[Bits2(0x0), Bits2(0x0), Bits2(0x0), Bits2(0x0), Bits2(0x0), Bits2(0x0), Bits2(0x0), Bits2(0x0)],Bits3(0x0),Bits1(0x0),[Bits2(0x0), Bits2(0x0), Bits2(0x0), Bits2(0x0)],[Bits3(0x0), Bits3(0x0), Bits3(0x0), Bits3(0x0)],[Bits2(0x0), Bits2(0x0), Bits2(0x0), Bits2(0x0)],[Bits3(0x0), Bits3(0x0), Bits3(0x0), Bits3(0x0)]),Bits3(0x1))), IntraCgraPacket_4_4x1_16_8_2_CgraPayload(Bits5(0x00),Bits5(0x02),Bits2(0x0),Bits2(0x0),Bits2(0x0),Bits1(0x0),Bits2(0x0),Bits1(0x0),Bits8(0x00),Bits1(0x0),MultiCgraPayload_Cmd_Data_DataAddr_Ctrl_CtrlAddr(Bits6(0x05),CgraData_32_1_1_1(Bits32(0x00000002),Bits1(0x1),Bits1(0x0),Bits1(0x0)),Bits14(0x0000),CGRAConfig_7_4_2_4_4_3_4(Bits7(0x00),[Bits3(0x0), Bits3(0x0), Bits3(0x0), Bits3(0x0)],[Bits4(0x0), Bits4(0x0), Bits4(0x0), Bits4(0x0), Bits4(0x0), Bits4(0x0), Bits4(0x0), Bits4(0x0)],[Bits2(0x0), Bits2(0x0), Bits2(0x0), Bits2(0x0), Bits2(0x0), Bits2(0x0), Bits2(0x0), Bits2(0x0)],Bits3(0x0),Bits1(0x0),[Bits2(0x0), Bits2(0x0), Bits2(0x0), Bits2(0x0)],[Bits3(0x0), Bits3(0x0), Bits3(0x0), Bits3(0x0)],[Bits2(0x0), Bits2(0x0), Bits2(0x0), Bits2(0x0)],[Bits3(0x0), Bits3(0x0), Bits3(0x0), Bits3(0x0)]),Bits3(0x1))), IntraCgraPacket_4_4x1_16_8_2_CgraPayload(Bits5(0x00),Bits5(0x02),Bits2(0x0),Bits2(0x0),Bits2(0x0),Bits1(0x0),Bits2(0x0),Bits1(0x0),Bits8(0x00),Bits1(0x0),MultiCgraPayload_Cmd_Data_DataAddr_Ctrl_CtrlAddr(Bits6(0x06),CgraData_32_1_1_1(Bits32(0x00000002),Bits1(0x1),Bits1(0x0),Bits1(0x0)),Bits14(0x0000),CGRAConfig_7_4_2_4_4_3_4(Bits7(0x00),[Bits3(0x0), Bits3(0x0), Bits3(0x0), Bits3(0x0)],[Bits4(0x1), Bits4(0x0), Bits4(0x0), Bits4(0x0), Bits4(0x0), Bits4(0x0), Bits4(0x0), Bits4(0x0)],[Bits2(0x0), Bits2(0x0), Bits2(0x0), Bits2(0x0), Bits2(0x0), Bits2(0x0), Bits2(0x0), Bits2(0x0)],Bits3(0x0),Bits1(0x0),[Bits2(0x0), Bits2(0x0), Bits2(0x0), Bits2(0x0)],[Bits3(0x0), Bits3(0x0), Bits3(0x0), Bits3(0x0)],[Bits2(0x0), Bits2(0x0), Bits2(0x0), Bits2(0x0)],[Bits3(0x0), Bits3(0x0), Bits3(0x0), Bits3(0x0)]),Bits3(0x1))), IntraCgraPacket_4_4x1_16_8_2_CgraPayload(Bits5(0x00),Bits5(0x02),Bits2(0x0),Bits2(0x0),Bits2(0x0),Bits1(0x0),Bits2(0x0),Bits1(0x0),Bits8(0x00),Bits1(0x0),MultiCgraPayload_Cmd_Data_DataAddr_Ctrl_CtrlAddr(Bits6(0x04),CgraData_32_1_1_1(Bits32(0x00000002),Bits1(0x1),Bits1(0x0),Bits1(0x0)),Bits14(0x0000),CGRAConfig_7_4_2_4_4_3_4(Bits7(0x00),[Bits3(0x0), Bits3(0x0), Bits3(0x0), Bits3(0x0)],[Bits4(0x0), Bits4(0x0), Bits4(0x0), Bits4(0x0), Bits4(0x0), Bits4(0x0), Bits4(0x0), Bits4(0x0)],[Bits2(0x0), Bits2(0x0), Bits2(0x0), Bits2(0x0), Bits2(0x0), Bits2(0x0), Bits2(0x0), Bits2(0x0)],Bits3(0x0),Bits1(0x0),[Bits2(0x0), Bits2(0x0), Bits2(0x0), Bits2(0x0)],[Bits3(0x0), Bits3(0x0), Bits3(0x0), Bits3(0x0)],[Bits2(0x0), Bits2(0x0), Bits2(0x0), Bits2(0x0)],[Bits3(0x0), Bits3(0x0), Bits3(0x0), Bits3(0x0)]),Bits3(0x2))), IntraCgraPacket_4_4x1_16_8_2_CgraPayload(Bits5(0x00),Bits5(0x02),Bits2(0x0),Bits2(0x0),Bits2(0x0),Bits1(0x0),Bits2(0x0),Bits1(0x0),Bits8(0x00),Bits1(0x0),MultiCgraPayload_Cmd_Data_DataAddr_Ctrl_CtrlAddr(Bits6(0x05),CgraData_32_1_1_1(Bits32(0x00000002),Bits1(0x1),Bits1(0x0),Bits1(0x0)),Bits14(0x0000),CGRAConfig_7_4_2_4_4_3_4(Bits7(0x00),[Bits3(0x0), Bits3(0x0), Bits3(0x0), Bits3(0x0)],[Bits4(0x0), Bits4(0x0), Bits4(0x0), Bits4(0x0), Bits4(0x0), Bits4(0x0), Bits4(0x0), Bits4(0x0)],[Bits2(0x0), Bits2(0x0), Bits2(0x0), Bits2(0x0), Bits2(0x0), Bits2(0x0), Bits2(0x0), Bits2(0x0)],Bits3(0x0),Bits1(0x0),[Bits2(0x0), Bits2(0x0), Bits2(0x0), Bits2(0x0)],[Bits3(0x0), Bits3(0x0), Bits3(0x0), Bits3(0x0)],[Bits2(0x0), Bits2(0x0), Bits2(0x0), Bits2(0x0)],[Bits3(0x0), Bits3(0x0), Bits3(0x0), Bits3(0x0)]),Bits3(0x2))), IntraCgraPacket_4_4x1_16_8_2_CgraPayload(Bits5(0x00),Bits5(0x02),Bits2(0x0),Bits2(0x0),Bits2(0x0),Bits1(0x0),Bits2(0x0),Bits1(0x0),Bits8(0x00),Bits1(0x0),MultiCgraPayload_Cmd_Data_DataAddr_Ctrl_CtrlAddr(Bits6(0x06),CgraData_32_1_1_1(Bits32(0x00000001),Bits1(0x1),Bits1(0x0),Bits1(0x0)),Bits14(0x0000),CGRAConfig_7_4_2_4_4_3_4(Bits7(0x00),[Bits3(0x0), Bits3(0x0), Bits3(0x0), Bits3(0x0)],[Bits4(0x1), Bits4(0x0), Bits4(0x0), Bits4(0x0), Bits4(0x0), Bits4(0x0), Bits4(0x0), Bits4(0x0)],[Bits2(0x0), Bits2(0x0), Bits2(0x0), Bits2(0x0), Bits2(0x0), Bits2(0x0), Bits2(0x0), Bits2(0x0)],Bits3(0x0),Bits1(0x0),[Bits2(0x0), Bits2(0x0), Bits2(0x0), Bits2(0x0)],[Bits3(0x0), Bits3(0x0), Bits3(0x0), Bits3(0x0)],[Bits2(0x0), Bits2(0x0), Bits2(0x0), Bits2(0x0)],[Bits3(0x0), Bits3(0x0), Bits3(0x0), Bits3(0x0)]),Bits3(0x2))), IntraCgraPacket_4_4x1_16_8_2_CgraPayload(Bits5(0x00),Bits5(0x02),Bits2(0x0),Bits2(0x0),Bits2(0x0),Bits1(0x0),Bits2(0x0),Bits1(0x0),Bits8(0x00),Bits1(0x0),MultiCgraPayload_Cmd_Data_DataAddr_Ctrl_CtrlAddr(Bits6(0x04),CgraData_32_1_1_1(Bits32(0x00000001),Bits1(0x1),Bits1(0x0),Bits1(0x0)),Bits14(0x0000),CGRAConfig_7_4_2_4_4_3_4(Bits7(0x00),[Bits3(0x0), Bits3(0x0), Bits3(0x0), Bits3(0x0)],[Bits4(0x0), Bits4(0x0), Bits4(0x0), Bits4(0x0), Bits4(0x0), Bits4(0x0), Bits4(0x0), Bits4(0x0)],[Bits2(0x0), Bits2(0x0), Bits2(0x0), Bits2(0x0), Bits2(0x0), Bits2(0x0), Bits2(0x0), Bits2(0x0)],Bits3(0x0),Bits1(0x0),[Bits2(0x0), Bits2(0x0), Bits2(0x0), Bits2(0x0)],[Bits3(0x0), Bits3(0x0), Bits3(0x0), Bits3(0x0)],[Bits2(0x0), Bits2(0x0), Bits2(0x0), Bits2(0x0)],[Bits3(0x0), Bits3(0x0), Bits3(0x0), Bits3(0x0)]),Bits3(0x4))), IntraCgraPacket_4_4x1_16_8_2_CgraPayload(Bits5(0x00),Bits5(0x02),Bits2(0x0),Bits2(0x0),Bits2(0x0),Bits1(0x0),Bits2(0x0),Bits1(0x0),Bits8(0x00),Bits1(0x0),MultiCgraPayload_Cmd_Data_DataAddr_Ctrl_CtrlAddr(Bits6(0x05),CgraData_32_1_1_1(Bits32(0x00000001),Bits1(0x1),Bits1(0x0),Bits1(0x0)),Bits14(0x0000),CGRAConfig_7_4_2_4_4_3_4(Bits7(0x00),[Bits3(0x0), Bits3(0x0), Bits3(0x0), Bits3(0x0)],[Bits4(0x0), Bits4(0x0), Bits4(0x0), Bits4(0x0), Bits4(0x0), Bits4(0x0), Bits4(0x0), Bits4(0x0)],[Bits2(0x0), Bits2(0x0), Bits2(0x0), Bits2(0x0), Bits2(0x0), Bits2(0x0), Bits2(0x0), Bits2(0x0)],Bits3(0x0),Bits1(0x0),[Bits2(0x0), Bits2(0x0), Bits2(0x0), Bits2(0x0)],[Bits3(0x0), Bits3(0x0), Bits3(0x0), Bits3(0x0)],[Bits2(0x0), Bits2(0x0), Bits2(0x0), Bits2(0x0)],[Bits3(0x0), Bits3(0x0), Bits3(0x0), Bits3(0x0)]),Bits3(0x4))), IntraCgraPacket_4_4x1_16_8_2_CgraPayload(Bits5(0x00),Bits5(0x02),Bits2(0x0),Bits2(0x0),Bits2(0x0),Bits1(0x0),Bits2(0x0),Bits1(0x0),Bits8(0x00),Bits1(0x0),MultiCgraPayload_Cmd_Data_DataAddr_Ctrl_CtrlAddr(Bits6(0x06),CgraData_32_1_1_1(Bits32(0x00000001),Bits1(0x1),Bits1(0x0),Bits1(0x0)),Bits14(0x0000),CGRAConfig_7_4_2_4_4_3_4(Bits7(0x00),[Bits3(0x0), Bits3(0x0), Bits3(0x0), Bits3(0x0)],[Bits4(0x4), Bits4(0x0), Bits4(0x0), Bits4(0x0), Bits4(0x0), Bits4(0x0), Bits4(0x0), Bits4(0x0)],[Bits2(0x0), Bits2(0x0), Bits2(0x0), Bits2(0x0), Bits2(0x0), Bits2(0x0), Bits2(0x0), Bits2(0x0)],Bits3(0x0),Bits1(0x0),[Bits2(0x0), Bits2(0x0), Bits2(0x0), Bits2(0x0)],[Bits3(0x0), Bits3(0x0), Bits3(0x0), Bits3(0x0)],[Bits2(0x0), Bits2(0x0), Bits2(0x0), Bits2(0x0)],[Bits3(0x0), Bits3(0x0), Bits3(0x0), Bits3(0x0)]),Bits3(0x4))), IntraCgraPacket_4_4x1_16_8_2_CgraPayload(Bits5(0x00),Bits5(0x02),Bits2(0x0),Bits2(0x0),Bits2(0x0),Bits1(0x0),Bits2(0x0),Bits1(0x0),Bits8(0x00),Bits1(0x0),MultiCgraPayload_Cmd_Data_DataAddr_Ctrl_CtrlAddr(Bits6(0x00),CgraData_32_1_1_1(Bits32(0x00000000),Bits1(0x0),Bits1(0x0),Bits1(0x0)),Bits14(0x0000),CGRAConfig_7_4_2_4_4_3_4(Bits7(0x00),[Bits3(0x0), Bits3(0x0), Bits3(0x0), Bits3(0x0)],[Bits4(0x0), Bits4(0x0), Bits4(0x0), Bits4(0x0), Bits4(0x0), Bits4(0x0), Bits4(0x0), Bits4(0x0)],[Bits2(0x0), Bits2(0x0), Bits2(0x0), Bits2(0x0), Bits2(0x0), Bits2(0x0), Bits2(0x0), Bits2(0x0)],Bits3(0x0),Bits1(0x0),[Bits2(0x0), Bits2(0x0), Bits2(0x0), Bits2(0x0)],[Bits3(0x0), Bits3(0x0), Bits3(0x0), Bits3(0x0)],[Bits2(0x0), Bits2(0x0), Bits2(0x0), Bits2(0x0)],[Bits3(0x0), Bits3(0x0), Bits3(0x0), Bits3(0x0)]),Bits3(0x0)))], [IntraCgraPacket_4_4x1_16_8_2_CgraPayload(Bits5(0x00),Bits5(0x03),Bits2(0x0),Bits2(0x0),Bits2(0x0),Bits1(0x0),Bits2(0x0),Bits1(0x0),Bits8(0x00),Bits1(0x0),MultiCgraPayload_Cmd_Data_DataAddr_Ctrl_CtrlAddr(Bits6(0x08),CgraData_32_1_1_1(Bits32(0x00000005),Bits1(0x1),Bits1(0x0),Bits1(0x0)),Bits14(0x0000),CGRAConfig_7_4_2_4_4_3_4(Bits7(0x00),[Bits3(0x0), Bits3(0x0), Bits3(0x0), Bits3(0x0)],[Bits4(0x0), Bits4(0x0), Bits4(0x0), Bits4(0x0), Bits4(0x0), Bits4(0x0), Bits4(0x0), Bits4(0x0)],[Bits2(0x0), Bits2(0x0), Bits2(0x0), Bits2(0x0), Bits2(0x0), Bits2(0x0), Bits2(0x0), Bits2(0x0)],Bits3(0x0),Bits1(0x0),[Bits2(0x0), Bits2(0x0), Bits2(0x0), Bits2(0x0)],[Bits3(0x0), Bits3(0x0), Bits3(0x0), Bits3(0x0)],[Bits2(0x0), Bits2(0x0), Bits2(0x0), Bits2(0x0)],[Bits3(0x0), Bits3(0x0), Bits3(0x0), Bits3(0x0)]),Bits3(0x0))), IntraCgraPacket_4_4x1_16_8_2_CgraPayload(Bits5(0x00),Bits5(0x03),Bits2(0x0),Bits2(0x0),Bits2(0x0),Bits1(0x0),Bits2(0x0),Bits1(0x0),Bits8(0x00),Bits1(0x0),MultiCgraPayload_Cmd_Data_DataAddr_Ctrl_CtrlAddr(Bits6(0x07),CgraData_32_1_1_1(Bits32(0x00000028),Bits1(0x1),Bits1(0x0),Bits1(0x0)),Bits14(0x0000),CGRAConfig_7_4_2_4_4_3_4(Bits7(0x00),[Bits3(0x0), Bits3(0x0), Bits3(0x0), Bits3(0x0)],[Bits4(0x0), Bits4(0x0), Bits4(0x0), Bits4(0x0), Bits4(0x0), Bits4(0x0), Bits4(0x0), Bits4(0x0)],[Bits2(0x0), Bits2(0x0), Bits2(0x0), Bits2(0x0), Bits2(0x0), Bits2(0x0), Bits2(0x0), Bits2(0x0)],Bits3(0x0),Bits1(0x0),[Bits2(0x0), Bits2(0x0), Bits2(0x0), Bits2(0x0)],[Bits3(0x0), Bits3(0x0), Bits3(0x0), Bits3(0x0)],[Bits2(0x0), Bits2(0x0), Bits2(0x0), Bits2(0x0)],[Bits3(0x0), Bits3(0x0), Bits3(0x0), Bits3(0x0)]),Bits3(0x0))), IntraCgraPacket_4_4x1_16_8_2_CgraPayload(Bits5(0x00),Bits5(0x03),Bits2(0x0),Bits2(0x0),Bits2(0x0),Bits1(0x0),Bits2(0x0),Bits1(0x0),Bits8(0x00),Bits1(0x0),MultiCgraPayload_Cmd_Data_DataAddr_Ctrl_CtrlAddr(Bits6(0x03),CgraData_32_1_1_1(Bits32(0x00000000),Bits1(0x0),Bits1(0x0),Bits1(0x0)),Bits14(0x0000),CGRAConfig_7_4_2_4_4_3_4(Bits7(0x01),[Bits3(0x1), Bits3(0x2), Bits3(0x3), Bits3(0x4)],[Bits4(0x0), Bits4(0x0), Bits4(0x0), Bits4(0x0), Bits4(0x0), Bits4(0x0), Bits4(0x0), Bits4(0x0)],[Bits2(0x0), Bits2(0x0), Bits2(0x0), Bits2(0x0), Bits2(0x0), Bits2(0x0), Bits2(0x0), Bits2(0x0)],Bits3(0x0),Bits1(0x0),[Bits2(0x0), Bits2(0x0), Bits2(0x0), Bits2(0x0)],[Bits3(0x0), Bits3(0x0), Bits3(0x0), Bits3(0x0)],[Bits2(0x0), Bits2(0x0), Bits2(0x0), Bits2(0x0)],[Bits3(0x0), Bits3(0x0), Bits3(0x0), Bits3(0x0)]),Bits3(0x0))), IntraCgraPacket_4_4x1_16_8_2_CgraPayload(Bits5(0x00),Bits5(0x03),Bits2(0x0),Bits2(0x0),Bits2(0x0),Bits1(0x0),Bits2(0x0),Bits1(0x0),Bits8(0x00),Bits1(0x0),MultiCgraPayload_Cmd_Data_DataAddr_Ctrl_CtrlAddr(Bits6(0x03),CgraData_32_1_1_1(Bits32(0x00000000),Bits1(0x0),Bits1(0x0),Bits1(0x0)),Bits14(0x0000),CGRAConfig_7_4_2_4_4_3_4(Bits7(0x0c),[Bits3(0x1), Bits3(0x0), Bits3(0x0), Bits3(0x0)],[Bits4(0x0), Bits4(0x0), Bits4(0x0), Bits4(0x0), Bits4(0x1), Bits4(0x0), Bits4(0x0), Bits4(0x0)],[Bits2(0x0), Bits2(0x0), Bits2(0x0), Bits2(0x0), Bits2(0x1), Bits2(0x0), Bits2(0x0), Bits2(0x0)],Bits3(0x0),Bits1(0x0),[Bits2(0x2), Bits2(0x0), Bits2(0x0), Bits2(0x0)],[Bits3(0x0), Bits3(0x0), Bits3(0x0), Bits3(0x0)],[Bits2(0x0), Bits2(0x0), Bits2(0x0), Bits2(0x0)],[Bits3(0x0), Bits3(0x0), Bits3(0x0), Bits3(0x0)]),Bits3(0x1))), IntraCgraPacket_4_4x1_16_8_2_CgraPayload(Bits5(0x00),Bits5(0x03),Bits2(0x0),Bits2(0x0),Bits2(0x0),Bits1(0x0),Bits2(0x0),Bits1(0x0),Bits8(0x00),Bits1(0x0),MultiCgraPayload_Cmd_Data_DataAddr_Ctrl_CtrlAddr(Bits6(0x03),CgraData_32_1_1_1(Bits32(0x00000000),Bits1(0x0),Bits1(0x0),Bits1(0x0)),Bits14(0x0000),CGRAConfig_7_4_2_4_4_3_4(Bits7(0x0c),[Bits3(0x1), Bits3(0x0), Bits3(0x0), Bits3(0x0)],[Bits4(0x0), Bits4(0x0), Bits4(0x0), Bits4(0x0), Bits4(0x1), Bits4(0x0), Bits4(0x0), Bits4(0x0)],[Bits2(0x0), Bits2(0x0), Bits2(0x0), Bits2(0x0), Bits2(0x0), Bits2(0x1), Bits2(0x0), Bits2(0x0)],Bits3(0x0),Bits1(0x0),[Bits2(0x0), Bits2(0x2), Bits2(0x0), Bits2(0x0)],[Bits3(0x0), Bits3(0x0), Bits3(0x0), Bits3(0x0)],[Bits2(0x0), Bits2(0x0), Bits2(0x0), Bits2(0x0)],[Bits3(0x0), Bits3(0x0), Bits3(0x0), Bits3(0x0)]),Bits3(0x2))), IntraCgraPacket_4_4x1_16_8_2_CgraPayload(Bits5(0x00),Bits5(0x03),Bits2(0x0),Bits2(0x0),Bits2(0x0),Bits1(0x0),Bits2(0x0),Bits1(0x0),Bits8(0x00),Bits1(0x0),MultiCgraPayload_Cmd_Data_DataAddr_Ctrl_CtrlAddr(Bits6(0x03),CgraData_32_1_1_1(Bits32(0x00000000),Bits1(0x0),Bits1(0x0),Bits1(0x0)),Bits14(0x0000),CGRAConfig_7_4_2_4_4_3_4(Bits7(0x07),[Bits3(0x1), Bits3(0x2), Bits3(0x0), Bits3(0x0)],[Bits4(0x0), Bits4(0x0), Bits4(0x0), Bits4(0x0), Bits4(0x0), Bits4(0x0), Bits4(0x0), Bits4(0x0)],[Bits2(0x0), Bits2(0x0), Bits2(0x1), Bits2(0x0), Bits2(0x0), Bits2(0x0), Bits2(0x0), Bits2(0x0)],Bits3(0x0),Bits1(0x0),[Bits2(0x0), Bits2(0x0), Bits2(0x0), Bits2(0x0)],[Bits3(0x0), Bits3(0x0), Bits3(0x0), Bits3(0x0)],[Bits2(0x1), Bits2(0x1), Bits2(0x0), Bits2(0x0)],[Bits3(0x0), Bits3(0x0), Bits3(0x0), Bits3(0x0)]),Bits3(0x3))), IntraCgraPacket_4_4x1_16_8_2_CgraPayload(Bits5(0x00),Bits5(0x03),Bits2(0x0),Bits2(0x0),Bits2(0x0),Bits1(0x0),Bits2(0x0),Bits1(0x0),Bits8(0x00),Bits1(0x0),MultiCgraPayload_Cmd_Data_DataAddr_Ctrl_CtrlAddr(Bits6(0x03),CgraData_32_1_1_1(Bits32(0x00000000),Bits1(0x0),Bits1(0x0),Bits1(0x0)),Bits14(0x0000),CGRAConfig_7_4_2_4_4_3_4(Bits7(0x01),[Bits3(0x1), Bits3(0x2), Bits3(0x3), Bits3(0x4)],[Bits4(0x0), Bits4(0x0), Bits4(0x0), Bits4(0x0), Bits4(0x0), Bits4(0x0), Bits4(0x0), Bits4(0x0)],[Bits2(0x0), Bits2(0x0), Bits2(0x0), Bits2(0x0), Bits2(0x0), Bits2(0x0), Bits2(0x0), Bits2(0x0)],Bits3(0x0),Bits1(0x0),[Bits2(0x0), Bits2(0x0), Bits2(0x0), Bits2(0x0)],[Bits3(0x0), Bits3(0x0), Bits3(0x0), Bits3(0x0)],[Bits2(0x0), Bits2(0x0), Bits2(0x0), Bits2(0x0)],[Bits3(0x0), Bits3(0x0), Bits3(0x0), Bits3(0x0)]),Bits3(0x4))), IntraCgraPacket_4_4x1_16_8_2_CgraPayload(Bits5(0x00),Bits5(0x03),Bits2(0x0),Bits2(0x0),Bits2(0x0),Bits1(0x0),Bits2(0x0),Bits1(0x0),Bits8(0x00),Bits1(0x0),MultiCgraPayload_Cmd_Data_DataAddr_Ctrl_CtrlAddr(Bits6(0x04),CgraData_32_1_1_1(Bits32(0x00000001),Bits1(0x1),Bits1(0x0),Bits1(0x0)),Bits14(0x0000),CGRAConfig_7_4_2_4_4_3_4(Bits7(0x00),[Bits3(0x0), Bits3(0x0), Bits3(0x0), Bits3(0x0)],[Bits4(0x0), Bits4(0x0), Bits4(0x0), Bits4(0x0), Bits4(0x0), Bits4(0x0), Bits4(0x0), Bits4(0x0)],[Bits2(0x0), Bits2(0x0), Bits2(0x0), Bits2(0x0), Bits2(0x0), Bits2(0x0), Bits2(0x0), Bits2(0x0)],Bits3(0x0),Bits1(0x0),[Bits2(0x0), Bits2(0x0), Bits2(0x0), Bits2(0x0)],[Bits3(0x0), Bits3(0x0), Bits3(0x0), Bits3(0x0)],[Bits2(0x0), Bits2(0x0), Bits2(0x0), Bits2(0x0)],[Bits3(0x0), Bits3(0x0), Bits3(0x0), Bits3(0x0)]),Bits3(0x1))), IntraCgraPacket_4_4x1_16_8_2_CgraPayload(Bits5(0x00),Bits5(0x03),Bits2(0x0),Bits2(0x0),Bits2(0x0),Bits1(0x0),Bits2(0x0),Bits1(0x0),Bits8(0x00),Bits1(0x0),MultiCgraPayload_Cmd_Data_DataAddr_Ctrl_CtrlAddr(Bits6(0x05),CgraData_32_1_1_1(Bits32(0x00000001),Bits1(0x1),Bits1(0x0),Bits1(0x0)),Bits14(0x0000),CGRAConfig_7_4_2_4_4_3_4(Bits7(0x00),[Bits3(0x0), Bits3(0x0), Bits3(0x0), Bits3(0x0)],[Bits4(0x0), Bits4(0x0), Bits4(0x0), Bits4(0x0), Bits4(0x0), Bits4(0x0), Bits4(0x0), Bits4(0x0)],[Bits2(0x0), Bits2(0x0), Bits2(0x0), Bits2(0x0), Bits2(0x0), Bits2(0x0), Bits2(0x0), Bits2(0x0)],Bits3(0x0),Bits1(0x0),[Bits2(0x0), Bits2(0x0), Bits2(0x0), Bits2(0x0)],[Bits3(0x0), Bits3(0x0), Bits3(0x0), Bits3(0x0)],[Bits2(0x0), Bits2(0x0), Bits2(0x0), Bits2(0x0)],[Bits3(0x0), Bits3(0x0), Bits3(0x0), Bits3(0x0)]),Bits3(0x1))), IntraCgraPacket_4_4x1_16_8_2_CgraPayload(Bits5(0x00),Bits5(0x03),Bits2(0x0),Bits2(0x0),Bits2(0x0),Bits1(0x0),Bits2(0x0),Bits1(0x0),Bits8(0x00),Bits1(0x0),MultiCgraPayload_Cmd_Data_DataAddr_Ctrl_CtrlAddr(Bits6(0x06),CgraData_32_1_1_1(Bits32(0x00000001),Bits1(0x1),Bits1(0x0),Bits1(0x0)),Bits14(0x0000),CGRAConfig_7_4_2_4_4_3_4(Bits7(0x00),[Bits3(0x0), Bits3(0x0), Bits3(0x0), Bits3(0x0)],[Bits4(0x1), Bits4(0x0), Bits4(0x0), Bits4(0x0), Bits4(0x0), Bits4(0x0), Bits4(0x0), Bits4(0x0)],[Bits2(0x0), Bits2(0x0), Bits2(0x0), Bits2(0x0), Bits2(0x0), Bits2(0x0), Bits2(0x0), Bits2(0x0)],Bits3(0x0),Bits1(0x0),[Bits2(0x0), Bits2(0x0), Bits2(0x0), Bits2(0x0)],[Bits3(0x0), Bits3(0x0), Bits3(0x0), Bits3(0x0)],[Bits2(0x0), Bits2(0x0), Bits2(0x0), Bits2(0x0)],[Bits3(0x0), Bits3(0x0), Bits3(0x0), Bits3(0x0)]),Bits3(0x1))), IntraCgraPacket_4_4x1_16_8_2_CgraPayload(Bits5(0x00),Bits5(0x03),Bits2(0x0),Bits2(0x0),Bits2(0x0),Bits1(0x0),Bits2(0x0),Bits1(0x0),Bits8(0x00),Bits1(0x0),MultiCgraPayload_Cmd_Data_DataAddr_Ctrl_CtrlAddr(Bits6(0x04),CgraData_32_1_1_1(Bits32(0x00000001),Bits1(0x1),Bits1(0x0),Bits1(0x0)),Bits14(0x0000),CGRAConfig_7_4_2_4_4_3_4(Bits7(0x00),[Bits3(0x0), Bits3(0x0), Bits3(0x0), Bits3(0x0)],[Bits4(0x0), Bits4(0x0), Bits4(0x0), Bits4(0x0), Bits4(0x0), Bits4(0x0), Bits4(0x0), Bits4(0x0)],[Bits2(0x0), Bits2(0x0), Bits2(0x0), Bits2(0x0), Bits2(0x0), Bits2(0x0), Bits2(0x0), Bits2(0x0)],Bits3(0x0),Bits1(0x0),[Bits2(0x0), Bits2(0x0), Bits2(0x0), Bits2(0x0)],[Bits3(0x0), Bits3(0x0), Bits3(0x0), Bits3(0x0)],[Bits2(0x0), Bits2(0x0), Bits2(0x0), Bits2(0x0)],[Bits3(0x0), Bits3(0x0), Bits3(0x0), Bits3(0x0)]),Bits3(0x2))), IntraCgraPacket_4_4x1_16_8_2_CgraPayload(Bits5(0x00),Bits5(0x03),Bits2(0x0),Bits2(0x0),Bits2(0x0),Bits1(0x0),Bits2(0x0),Bits1(0x0),Bits8(0x00),Bits1(0x0),MultiCgraPayload_Cmd_Data_DataAddr_Ctrl_CtrlAddr(Bits6(0x05),CgraData_32_1_1_1(Bits32(0x00000001),Bits1(0x1),Bits1(0x0),Bits1(0x0)),Bits14(0x0000),CGRAConfig_7_4_2_4_4_3_4(Bits7(0x00),[Bits3(0x0), Bits3(0x0), Bits3(0x0), Bits3(0x0)],[Bits4(0x0), Bits4(0x0), Bits4(0x0), Bits4(0x0), Bits4(0x0), Bits4(0x0), Bits4(0x0), Bits4(0x0)],[Bits2(0x0), Bits2(0x0), Bits2(0x0), Bits2(0x0), Bits2(0x0), Bits2(0x0), Bits2(0x0), Bits2(0x0)],Bits3(0x0),Bits1(0x0),[Bits2(0x0), Bits2(0x0), Bits2(0x0), Bits2(0x0)],[Bits3(0x0), Bits3(0x0), Bits3(0x0), Bits3(0x0)],[Bits2(0x0), Bits2(0x0), Bits2(0x0), Bits2(0x0)],[Bits3(0x0), Bits3(0x0), Bits3(0x0), Bits3(0x0)]),Bits3(0x2))), IntraCgraPacket_4_4x1_16_8_2_CgraPayload(Bits5(0x00),Bits5(0x03),Bits2(0x0),Bits2(0x0),Bits2(0x0),Bits1(0x0),Bits2(0x0),Bits1(0x0),Bits8(0x00),Bits1(0x0),MultiCgraPayload_Cmd_Data_DataAddr_Ctrl_CtrlAddr(Bits6(0x06),CgraData_32_1_1_1(Bits32(0x00000001),Bits1(0x1),Bits1(0x0),Bits1(0x0)),Bits14(0x0000),CGRAConfig_7_4_2_4_4_3_4(Bits7(0x00),[Bits3(0x0), Bits3(0x0), Bits3(0x0), Bits3(0x0)],[Bits4(0x1), Bits4(0x0), Bits4(0x0), Bits4(0x0), Bits4(0x0), Bits4(0x0), Bits4(0x0), Bits4(0x0)],[Bits2(0x0), Bits2(0x0), Bits2(0x0), Bits2(0x0), Bits2(0x0), Bits2(0x0), Bits2(0x0), Bits2(0x0)],Bits3(0x0),Bits1(0x0),[Bits2(0x0), Bits2(0x0), Bits2(0x0), Bits2(0x0)],[Bits3(0x0), Bits3(0x0), Bits3(0x0), Bits3(0x0)],[Bits2(0x0), Bits2(0x0), Bits2(0x0), Bits2(0x0)],[Bits3(0x0), Bits3(0x0), Bits3(0x0), Bits3(0x0)]),Bits3(0x2))), IntraCgraPacket_4_4x1_16_8_2_CgraPayload(Bits5(0x00),Bits5(0x03),Bits2(0x0),Bits2(0x0),Bits2(0x0),Bits1(0x0),Bits2(0x0),Bits1(0x0),Bits8(0x00),Bits1(0x0),MultiCgraPayload_Cmd_Data_DataAddr_Ctrl_CtrlAddr(Bits6(0x04),CgraData_32_1_1_1(Bits32(0x00000001),Bits1(0x1),Bits1(0x0),Bits1(0x0)),Bits14(0x0000),CGRAConfig_7_4_2_4_4_3_4(Bits7(0x00),[Bits3(0x0), Bits3(0x0), Bits3(0x0), Bits3(0x0)],[Bits4(0x0), Bits4(0x0), Bits4(0x0), Bits4(0x0), Bits4(0x0), Bits4(0x0), Bits4(0x0), Bits4(0x0)],[Bits2(0x0), Bits2(0x0), Bits2(0x0), Bits2(0x0), Bits2(0x0), Bits2(0x0), Bits2(0x0), Bits2(0x0)],Bits3(0x0),Bits1(0x0),[Bits2(0x0), Bits2(0x0), Bits2(0x0), Bits2(0x0)],[Bits3(0x0), Bits3(0x0), Bits3(0x0), Bits3(0x0)],[Bits2(0x0), Bits2(0x0), Bits2(0x0), Bits2(0x0)],[Bits3(0x0), Bits3(0x0), Bits3(0x0), Bits3(0x0)]),Bits3(0x3))), IntraCgraPacket_4_4x1_16_8_2_CgraPayload(Bits5(0x00),Bits5(0x03),Bits2(0x0),Bits2(0x0),Bits2(0x0),Bits1(0x0),Bits2(0x0),Bits1(0x0),Bits8(0x00),Bits1(0x0),MultiCgraPayload_Cmd_Data_DataAddr_Ctrl_CtrlAddr(Bits6(0x05),CgraData_32_1_1_1(Bits32(0x00000001),Bits1(0x1),Bits1(0x0),Bits1(0x0)),Bits14(0x0000),CGRAConfig_7_4_2_4_4_3_4(Bits7(0x00),[Bits3(0x0), Bits3(0x0), Bits3(0x0), Bits3(0x0)],[Bits4(0x0), Bits4(0x0), Bits4(0x0), Bits4(0x0), Bits4(0x0), Bits4(0x0), Bits4(0x0), Bits4(0x0)],[Bits2(0x0), Bits2(0x0), Bits2(0x0), Bits2(0x0), Bits2(0x0), Bits2(0x0), Bits2(0x0), Bits2(0x0)],Bits3(0x0),Bits1(0x0),[Bits2(0x0), Bits2(0x0), Bits2(0x0), Bits2(0x0)],[Bits3(0x0), Bits3(0x0), Bits3(0x0), Bits3(0x0)],[Bits2(0x0), Bits2(0x0), Bits2(0x0), Bits2(0x0)],[Bits3(0x0), Bits3(0x0), Bits3(0x0), Bits3(0x0)]),Bits3(0x3))), IntraCgraPacket_4_4x1_16_8_2_CgraPayload(Bits5(0x00),Bits5(0x03),Bits2(0x0),Bits2(0x0),Bits2(0x0),Bits1(0x0),Bits2(0x0),Bits1(0x0),Bits8(0x00),Bits1(0x0),MultiCgraPayload_Cmd_Data_DataAddr_Ctrl_CtrlAddr(Bits6(0x00),CgraData_32_1_1_1(Bits32(0x00000000),Bits1(0x0),Bits1(0x0),Bits1(0x0)),Bits14(0x0000),CGRAConfig_7_4_2_4_4_3_4(Bits7(0x00),[Bits3(0x0), Bits3(0x0), Bits3(0x0), Bits3(0x0)],[Bits4(0x0), Bits4(0x0), Bits4(0x0), Bits4(0x0), Bits4(0x0), Bits4(0x0), Bits4(0x0), Bits4(0x0)],[Bits2(0x0), Bits2(0x0), Bits2(0x0), Bits2(0x0), Bits2(0x0), Bits2(0x0), Bits2(0x0), Bits2(0x0)],Bits3(0x0),Bits1(0x0),[Bits2(0x0), Bits2(0x0), Bits2(0x0), Bits2(0x0)],[Bits3(0x0), Bits3(0x0), Bits3(0x0), Bits3(0x0)],[Bits2(0x0), Bits2(0x0), Bits2(0x0), Bits2(0x0)],[Bits3(0x0), Bits3(0x0), Bits3(0x0), Bits3(0x0)]),Bits3(0x0)))], [IntraCgraPacket_4_4x1_16_8_2_CgraPayload(Bits5(0x00),Bits5(0x05),Bits2(0x0),Bits2(0x0),Bits2(0x0),Bits1(0x0),Bits2(0x0),Bits1(0x0),Bits8(0x00),Bits1(0x0),MultiCgraPayload_Cmd_Data_DataAddr_Ctrl_CtrlAddr(Bits6(0x08),CgraData_32_1_1_1(Bits32(0x00000005),Bits1(0x1),Bits1(0x0),Bits1(0x0)),Bits14(0x0000),CGRAConfig_7_4_2_4_4_3_4(Bits7(0x00),[Bits3(0x0), Bits3(0x0), Bits3(0x0), Bits3(0x0)],[Bits4(0x0), Bits4(0x0), Bits4(0x0), Bits4(0x0), Bits4(0x0), Bits4(0x0), Bits4(0x0), Bits4(0x0)],[Bits2(0x0), Bits2(0x0), Bits2(0x0), Bits2(0x0), Bits2(0x0), Bits2(0x0), Bits2(0x0), Bits2(0x0)],Bits3(0x0),Bits1(0x0),[Bits2(0x0), Bits2(0x0), Bits2(0x0), Bits2(0x0)],[Bits3(0x0), Bits3(0x0), Bits3(0x0), Bits3(0x0)],[Bits2(0x0), Bits2(0x0), Bits2(0x0), Bits2(0x0)],[Bits3(0x0), Bits3(0x0), Bits3(0x0), Bits3(0x0)]),Bits3(0x0))), IntraCgraPacket_4_4x1_16_8_2_CgraPayload(Bits5(0x00),Bits5(0x05),Bits2(0x0),Bits2(0x0),Bits2(0x0),Bits1(0x0),Bits2(0x0),Bits1(0x0),Bits8(0x00),Bits1(0x0),MultiCgraPayload_Cmd_Data_DataAddr_Ctrl_CtrlAddr(Bits6(0x07),CgraData_32_1_1_1(Bits32(0x00000028),Bits1(0x1),Bits1(0x0),Bits1(0x0)),Bits14(0x0000),CGRAConfig_7_4_2_4_4_3_4(Bits7(0x00),[Bits3(0x0), Bits3(0x0), Bits3(0x0), Bits3(0x0)],[Bits4(0x0), Bits4(0x0), Bits4(0x0), Bits4(0x0), Bits4(0x0), Bits4(0x0), Bits4(0x0), Bits4(0x0)],[Bits2(0x0), Bits2(0x0), Bits2(0x0), Bits2(0x0), Bits2(0x0), Bits2(0x0), Bits2(0x0), Bits2(0x0)],Bits3(0x0),Bits1(0x0),[Bits2(0x0), Bits2(0x0), Bits2(0x0), Bits2(0x0)],[Bits3(0x0), Bits3(0x0), Bits3(0x0), Bits3(0x0)],[Bits2(0x0), Bits2(0x0), Bits2(0x0), Bits2(0x0)],[Bits3(0x0), Bits3(0x0), Bits3(0x0), Bits3(0x0)]),Bits3(0x0))), IntraCgraPacket_4_4x1_16_8_2_CgraPayload(Bits5(0x00),Bits5(0x05),Bits2(0x0),Bits2(0x0),Bits2(0x0),Bits1(0x0),Bits2(0x0),Bits1(0x0),Bits8(0x00),Bits1(0x0),MultiCgraPayload_Cmd_Data_DataAddr_Ctrl_CtrlAddr(Bits6(0x03),CgraData_32_1_1_1(Bits32(0x00000000),Bits1(0x0),Bits1(0x0),Bits1(0x0)),Bits14(0x0000),CGRAConfig_7_4_2_4_4_3_4(Bits7(0x01),[Bits3(0x1), Bits3(0x2), Bits3(0x3), Bits3(0x4)],[Bits4(0x0), Bits4(0x0), Bits4(0x0), Bits4(0x0), Bits4(0x0), Bits4(0x0), Bits4(0x0), Bits4(0x0)],[Bits2(0x0), Bits2(0x0), Bits2(0x0), Bits2(0x0), Bits2(0x0), Bits2(0x0), Bits2(0x0), Bits2(0x0)],Bits3(0x0),Bits1(0x0),[Bits2(0x0), Bits2(0x0), Bits2(0x0), Bits2(0x0)],[Bits3(0x0), Bits3(0x0), Bits3(0x0), Bits3(0x0)],[Bits2(0x0), Bits2(0x0), Bits2(0x0), Bits2(0x0)],[Bits3(0x0), Bits3(0x0), Bits3(0x0), Bits3(0x0)]),Bits3(0x0))), IntraCgraPacket_4_4x1_16_8_2_CgraPayload(Bits5(0x00),Bits5(0x05),Bits2(0x0),Bits2(0x0),Bits2(0x0),Bits1(0x0),Bits2(0x0),Bits1(0x0),Bits8(0x00),Bits1(0x0),MultiCgraPayload_Cmd_Data_DataAddr_Ctrl_CtrlAddr(Bits6(0x03),CgraData_32_1_1_1(Bits32(0x00000000),Bits1(0x0),Bits1(0x0),Bits1(0x0)),Bits14(0x0000),CGRAConfig_7_4_2_4_4_3_4(Bits7(0x10),[Bits3(0x2), Bits3(0x1), Bits3(0x0), Bits3(0x0)],[Bits4(0x0), Bits4(0x0), Bits4(0x0), Bits4(0x0), Bits4(0x1), Bits4(0x4), Bits4(0x0), Bits4(0x0)],[Bits2(0x1), Bits2(0x0), Bits2(0x0), Bits2(0x0), Bits2(0x0), Bits2(0x0), Bits2(0x0), Bits2(0x0)],Bits3(0x0),Bits1(0x0),[Bits2(0x1), Bits2(0x0), Bits2(0x0), Bits2(0x0)],[Bits3(0x0), Bits3(0x0), Bits3(0x0), Bits3(0x0)],[Bits2(0x1), Bits2(0x0), Bits2(0x0), Bits2(0x0)],[Bits3(0x0), Bits3(0x0), Bits3(0x0), Bits3(0x0)]),Bits3(0x1))), IntraCgraPacket_4_4x1_16_8_2_CgraPayload(Bits5(0x00),Bits5(0x05),Bits2(0x0),Bits2(0x0),Bits2(0x0),Bits1(0x0),Bits2(0x0),Bits1(0x0),Bits8(0x00),Bits1(0x0),MultiCgraPayload_Cmd_Data_DataAddr_Ctrl_CtrlAddr(Bits6(0x03),CgraData_32_1_1_1(Bits32(0x00000000),Bits1(0x0),Bits1(0x0),Bits1(0x0)),Bits14(0x0000),CGRAConfig_7_4_2_4_4_3_4(Bits7(0x01),[Bits3(0x1), Bits3(0x2), Bits3(0x3), Bits3(0x4)],[Bits4(0x0), Bits4(0x0), Bits4(0x0), Bits4(0x0), Bits4(0x0), Bits4(0x0), Bits4(0x0), Bits4(0x0)],[Bits2(0x0), Bits2(0x0), Bits2(0x0), Bits2(0x0), Bits2(0x0), Bits2(0x0), Bits2(0x0), Bits2(0x0)],Bits3(0x0),Bits1(0x0),[Bits2(0x0), Bits2(0x0), Bits2(0x0), Bits2(0x0)],[Bits3(0x0), Bits3(0x0), Bits3(0x0), Bits3(0x0)],[Bits2(0x0), Bits2(0x0), Bits2(0x0), Bits2(0x0)],[Bits3(0x0), Bits3(0x0), Bits3(0x0), Bits3(0x0)]),Bits3(0x2))), IntraCgraPacket_4_4x1_16_8_2_CgraPayload(Bits5(0x00),Bits5(0x05),Bits2(0x0),Bits2(0x0),Bits2(0x0),Bits1(0x0),Bits2(0x0),Bits1(0x0),Bits8(0x00),Bits1(0x0),MultiCgraPayload_Cmd_Data_DataAddr_Ctrl_CtrlAddr(Bits6(0x03),CgraData_32_1_1_1(Bits32(0x00000000),Bits1(0x0),Bits1(0x0),Bits1(0x0)),Bits14(0x0000),CGRAConfig_7_4_2_4_4_3_4(Bits7(0x01),[Bits3(0x1), Bits3(0x2), Bits3(0x3), Bits3(0x4)],[Bits4(0x0), Bits4(0x0), Bits4(0x0), Bits4(0x0), Bits4(0x0), Bits4(0x0), Bits4(0x0), Bits4(0x0)],[Bits2(0x0), Bits2(0x0), Bits2(0x0), Bits2(0x0), Bits2(0x0), Bits2(0x0), Bits2(0x0), Bits2(0x0)],Bits3(0x0),Bits1(0x0),[Bits2(0x0), Bits2(0x0), Bits2(0x0), Bits2(0x0)],[Bits3(0x0), Bits3(0x0), Bits3(0x0), Bits3(0x0)],[Bits2(0x0), Bits2(0x0), Bits2(0x0), Bits2(0x0)],[Bits3(0x0), Bits3(0x0), Bits3(0x0), Bits3(0x0)]),Bits3(0x3))), IntraCgraPacket_4_4x1_16_8_2_CgraPayload(Bits5(0x00),Bits5(0x05),Bits2(0x0),Bits2(0x0),Bits2(0x0),Bits1(0x0),Bits2(0x0),Bits1(0x0),Bits8(0x00),Bits1(0x0),MultiCgraPayload_Cmd_Data_DataAddr_Ctrl_CtrlAddr(Bits6(0x03),CgraData_32_1_1_1(Bits32(0x00000000),Bits1(0x0),Bits1(0x0),Bits1(0x0)),Bits14(0x0000),CGRAConfig_7_4_2_4_4_3_4(Bits7(0x01),[Bits3(0x1), Bits3(0x2), Bits3(0x3), Bits3(0x4)],[Bits4(0x0), Bits4(0x0), Bits4(0x0), Bits4(0x0), Bits4(0x0), Bits4(0x0), Bits4(0x0), Bits4(0x0)],[Bits2(0x0), Bits2(0x0), Bits2(0x0), Bits2(0x0), Bits2(0x0), Bits2(0x0), Bits2(0x0), Bits2(0x0)],Bits3(0x0),Bits1(0x0),[Bits2(0x0), Bits2(0x0), Bits2(0x0), Bits2(0x0)],[Bits3(0x0), Bits3(0x0), Bits3(0x0), Bits3(0x0)],[Bits2(0x0), Bits2(0x0), Bits2(0x0), Bits2(0x0)],[Bits3(0x0), Bits3(0x0), Bits3(0x0), Bits3(0x0)]),Bits3(0x4))), IntraCgraPacket_4_4x1_16_8_2_CgraPayload(Bits5(0x00),Bits5(0x05),Bits2(0x0),Bits2(0x0),Bits2(0x0),Bits1(0x0),Bits2(0x0),Bits1(0x0),Bits8(0x00),Bits1(0x0),MultiCgraPayload_Cmd_Data_DataAddr_Ctrl_CtrlAddr(Bits6(0x04),CgraData_32_1_1_1(Bits32(0x00000002),Bits1(0x1),Bits1(0x0),Bits1(0x0)),Bits14(0x0000),CGRAConfig_7_4_2_4_4_3_4(Bits7(0x00),[Bits3(0x0), Bits3(0x0), Bits3(0x0), Bits3(0x0)],[Bits4(0x0), Bits4(0x0), Bits4(0x0), Bits4(0x0), Bits4(0x0), Bits4(0x0), Bits4(0x0), Bits4(0x0)],[Bits2(0x0), Bits2(0x0), Bits2(0x0), Bits2(0x0), Bits2(0x0), Bits2(0x0), Bits2(0x0), Bits2(0x0)],Bits3(0x0),Bits1(0x0),[Bits2(0x0), Bits2(0x0), Bits2(0x0), Bits2(0x0)],[Bits3(0x0), Bits3(0x0), Bits3(0x0), Bits3(0x0)],[Bits2(0x0), Bits2(0x0), Bits2(0x0), Bits2(0x0)],[Bits3(0x0), Bits3(0x0), Bits3(0x0), Bits3(0x0)]),Bits3(0x1))), IntraCgraPacket_4_4x1_16_8_2_CgraPayload(Bits5(0x00),Bits5(0x05),Bits2(0x0),Bits2(0x0),Bits2(0x0),Bits1(0x0),Bits2(0x0),Bits1(0x0),Bits8(0x00),Bits1(0x0),MultiCgraPayload_Cmd_Data_DataAddr_Ctrl_CtrlAddr(Bits6(0x05),CgraData_32_1_1_1(Bits32(0x00000002),Bits1(0x1),Bits1(0x0),Bits1(0x0)),Bits14(0x0000),CGRAConfig_7_4_2_4_4_3_4(Bits7(0x00),[Bits3(0x0), Bits3(0x0), Bits3(0x0), Bits3(0x0)],[Bits4(0x0), Bits4(0x0), Bits4(0x0), Bits4(0x0), Bits4(0x0), Bits4(0x0), Bits4(0x0), Bits4(0x0)],[Bits2(0x0), Bits2(0x0), Bits2(0x0), Bits2(0x0), Bits2(0x0), Bits2(0x0), Bits2(0x0), Bits2(0x0)],Bits3(0x0),Bits1(0x0),[Bits2(0x0), Bits2(0x0), Bits2(0x0), Bits2(0x0)],[Bits3(0x0), Bits3(0x0), Bits3(0x0), Bits3(0x0)],[Bits2(0x0), Bits2(0x0), Bits2(0x0), Bits2(0x0)],[Bits3(0x0), Bits3(0x0), Bits3(0x0), Bits3(0x0)]),Bits3(0x1))), IntraCgraPacket_4_4x1_16_8_2_CgraPayload(Bits5(0x00),Bits5(0x05),Bits2(0x0),Bits2(0x0),Bits2(0x0),Bits1(0x0),Bits2(0x0),Bits1(0x0),Bits8(0x00),Bits1(0x0),MultiCgraPayload_Cmd_Data_DataAddr_Ctrl_CtrlAddr(Bits6(0x06),CgraData_32_1_1_1(Bits32(0x00000001),Bits1(0x1),Bits1(0x0),Bits1(0x0)),Bits14(0x0000),CGRAConfig_7_4_2_4_4_3_4(Bits7(0x00),[Bits3(0x0), Bits3(0x0), Bits3(0x0), Bits3(0x0)],[Bits4(0x1), Bits4(0x0), Bits4(0x0), Bits4(0x0), Bits4(0x0), Bits4(0x0), Bits4(0x0), Bits4(0x0)],[Bits2(0x0), Bits2(0x0), Bits2(0x0), Bits2(0x0), Bits2(0x0), Bits2(0x0), Bits2(0x0), Bits2(0x0)],Bits3(0x0),Bits1(0x0),[Bits2(0x0), Bits2(0x0), Bits2(0x0), Bits2(0x0)],[Bits3(0x0), Bits3(0x0), Bits3(0x0), Bits3(0x0)],[Bits2(0x0), Bits2(0x0), Bits2(0x0), Bits2(0x0)],[Bits3(0x0), Bits3(0x0), Bits3(0x0), Bits3(0x0)]),Bits3(0x1))), IntraCgraPacket_4_4x1_16_8_2_CgraPayload(Bits5(0x00),Bits5(0x05),Bits2(0x0),Bits2(0x0),Bits2(0x0),Bits1(0x0),Bits2(0x0),Bits1(0x0),Bits8(0x00),Bits1(0x0),MultiCgraPayload_Cmd_Data_DataAddr_Ctrl_CtrlAddr(Bits6(0x06),CgraData_32_1_1_1(Bits32(0x00000002),Bits1(0x1),Bits1(0x0),Bits1(0x0)),Bits14(0x0000),CGRAConfig_7_4_2_4_4_3_4(Bits7(0x00),[Bits3(0x0), Bits3(0x0), Bits3(0x0), Bits3(0x0)],[Bits4(0x4), Bits4(0x0), Bits4(0x0), Bits4(0x0), Bits4(0x0), Bits4(0x0), Bits4(0x0), Bits4(0x0)],[Bits2(0x0), Bits2(0x0), Bits2(0x0), Bits2(0x0), Bits2(0x0), Bits2(0x0), Bits2(0x0), Bits2(0x0)],Bits3(0x0),Bits1(0x0),[Bits2(0x0), Bits2(0x0), Bits2(0x0), Bits2(0x0)],[Bits3(0x0), Bits3(0x0), Bits3(0x0), Bits3(0x0)],[Bits2(0x0), Bits2(0x0), Bits2(0x0), Bits2(0x0)],[Bits3(0x0), Bits3(0x0), Bits3(0x0), Bits3(0x0)]),Bits3(0x1))), IntraCgraPacket_4_4x1_16_8_2_CgraPayload(Bits5(0x00),Bits5(0x05),Bits2(0x0),Bits2(0x0),Bits2(0x0),Bits1(0x0),Bits2(0x0),Bits1(0x0),Bits8(0x00),Bits1(0x0),MultiCgraPayload_Cmd_Data_DataAddr_Ctrl_CtrlAddr(Bits6(0x00),CgraData_32_1_1_1(Bits32(0x00000000),Bits1(0x0),Bits1(0x0),Bits1(0x0)),Bits14(0x0000),CGRAConfig_7_4_2_4_4_3_4(Bits7(0x00),[Bits3(0x0), Bits3(0x0), Bits3(0x0), Bits3(0x0)],[Bits4(0x0), Bits4(0x0), Bits4(0x0), Bits4(0x0), Bits4(0x0), Bits4(0x0), Bits4(0x0), Bits4(0x0)],[Bits2(0x0), Bits2(0x0), Bits2(0x0), Bits2(0x0), Bits2(0x0), Bits2(0x0), Bits2(0x0), Bits2(0x0)],Bits3(0x0),Bits1(0x0),[Bits2(0x0), Bits2(0x0), Bits2(0x0), Bits2(0x0)],[Bits3(0x0), Bits3(0x0), Bits3(0x0), Bits3(0x0)],[Bits2(0x0), Bits2(0x0), Bits2(0x0), Bits2(0x0)],[Bits3(0x0), Bits3(0x0), Bits3(0x0), Bits3(0x0)]),Bits3(0x0)))], [IntraCgraPacket_4_4x1_16_8_2_CgraPayload(Bits5(0x00),Bits5(0x06),Bits2(0x0),Bits2(0x0),Bits2(0x0),Bits1(0x0),Bits2(0x0),Bits1(0x0),Bits8(0x00),Bits1(0x0),MultiCgraPayload_Cmd_Data_DataAddr_Ctrl_CtrlAddr(Bits6(0x08),CgraData_32_1_1_1(Bits32(0x00000005),Bits1(0x1),Bits1(0x0),Bits1(0x0)),Bits14(0x0000),CGRAConfig_7_4_2_4_4_3_4(Bits7(0x00),[Bits3(0x0), Bits3(0x0), Bits3(0x0), Bits3(0x0)],[Bits4(0x0), Bits4(0x0), Bits4(0x0), Bits4(0x0), Bits4(0x0), Bits4(0x0), Bits4(0x0), Bits4(0x0)],[Bits2(0x0), Bits2(0x0), Bits2(0x0), Bits2(0x0), Bits2(0x0), Bits2(0x0), Bits2(0x0), Bits2(0x0)],Bits3(0x0),Bits1(0x0),[Bits2(0x0), Bits2(0x0), Bits2(0x0), Bits2(0x0)],[Bits3(0x0), Bits3(0x0), Bits3(0x0), Bits3(0x0)],[Bits2(0x0), Bits2(0x0), Bits2(0x0), Bits2(0x0)],[Bits3(0x0), Bits3(0x0), Bits3(0x0), Bits3(0x0)]),Bits3(0x0))), IntraCgraPacket_4_4x1_16_8_2_CgraPayload(Bits5(0x00),Bits5(0x06),Bits2(0x0),Bits2(0x0),Bits2(0x0),Bits1(0x0),Bits2(0x0),Bits1(0x0),Bits8(0x00),Bits1(0x0),MultiCgraPayload_Cmd_Data_DataAddr_Ctrl_CtrlAddr(Bits6(0x07),CgraData_32_1_1_1(Bits32(0x00000028),Bits1(0x1),Bits1(0x0),Bits1(0x0)),Bits14(0x0000),CGRAConfig_7_4_2_4_4_3_4(Bits7(0x00),[Bits3(0x0), Bits3(0x0), Bits3(0x0), Bits3(0x0)],[Bits4(0x0), Bits4(0x0), Bits4(0x0), Bits4(0x0), Bits4(0x0), Bits4(0x0), Bits4(0x0), Bits4(0x0)],[Bits2(0x0), Bits2(0x0), Bits2(0x0), Bits2(0x0), Bits2(0x0), Bits2(0x0), Bits2(0x0), Bits2(0x0)],Bits3(0x0),Bits1(0x0),[Bits2(0x0), Bits2(0x0), Bits2(0x0), Bits2(0x0)],[Bits3(0x0), Bits3(0x0), Bits3(0x0), Bits3(0x0)],[Bits2(0x0), Bits2(0x0), Bits2(0x0), Bits2(0x0)],[Bits3(0x0), Bits3(0x0), Bits3(0x0), Bits3(0x0)]),Bits3(0x0))), IntraCgraPacket_4_4x1_16_8_2_CgraPayload(Bits5(0x00),Bits5(0x06),Bits2(0x0),Bits2(0x0),Bits2(0x0),Bits1(0x0),Bits2(0x0),Bits1(0x0),Bits8(0x00),Bits1(0x0),MultiCgraPayload_Cmd_Data_DataAddr_Ctrl_CtrlAddr(Bits6(0x03),CgraData_32_1_1_1(Bits32(0x00000000),Bits1(0x0),Bits1(0x0),Bits1(0x0)),Bits14(0x0000),CGRAConfig_7_4_2_4_4_3_4(Bits7(0x02),[Bits3(0x2), Bits3(0x1), Bits3(0x0), Bits3(0x0)],[Bits4(0x0), Bits4(0x0), Bits4(0x0), Bits4(0x0), Bits4(0x0), Bits4(0x2), Bits4(0x0), Bits4(0x0)],[Bits2(0x0), Bits2(0x1), Bits2(0x1), Bits2(0x0), Bits2(0x0), Bits2(0x0), Bits2(0x0), Bits2(0x0)],Bits3(0x0),Bits1(0x0),[Bits2(0x0), Bits2(0x0), Bits2(0x0), Bits2(0x0)],[Bits3(0x0), Bits3(0x0), Bits3(0x0), Bits3(0x0)],[Bits2(0x1), Bits2(0x0), Bits2(0x0), Bits2(0x0)],[Bits3(0x0), Bits3(0x0), Bits3(0x0), Bits3(0x0)]),Bits3(0x0))), IntraCgraPacket_4_4x1_16_8_2_CgraPayload(Bits5(0x00),Bits5(0x06),Bits2(0x0),Bits2(0x0),Bits2(0x0),Bits1(0x0),Bits2(0x0),Bits1(0x0),Bits8(0x00),Bits1(0x0),MultiCgraPayload_Cmd_Data_DataAddr_Ctrl_CtrlAddr(Bits6(0x03),CgraData_32_1_1_1(Bits32(0x00000000),Bits1(0x0),Bits1(0x0),Bits1(0x0)),Bits14(0x0000),CGRAConfig_7_4_2_4_4_3_4(Bits7(0x01),[Bits3(0x0), Bits3(0x0), Bits3(0x0), Bits3(0x0)],[Bits4(0x0), Bits4(0x1), Bits4(0x0), Bits4(0x0), Bits4(0x0), Bits4(0x0), Bits4(0x0), Bits4(0x0)],[Bits2(0x0), Bits2(0x0), Bits2(0x0), Bits2(0x0), Bits2(0x0), Bits2(0x0), Bits2(0x0), Bits2(0x0)],Bits3(0x0),Bits1(0x0),[Bits2(0x0), Bits2(0x0), Bits2(0x0), Bits2(0x0)],[Bits3(0x0), Bits3(0x0), Bits3(0x0), Bits3(0x0)],[Bits2(0x0), Bits2(0x0), Bits2(0x0), Bits2(0x0)],[Bits3(0x0), Bits3(0x0), Bits3(0x0), Bits3(0x0)]),Bits3(0x1))), IntraCgraPacket_4_4x1_16_8_2_CgraPayload(Bits5(0x00),Bits5(0x06),Bits2(0x0),Bits2(0x0),Bits2(0x0),Bits1(0x0),Bits2(0x0),Bits1(0x0),Bits8(0x00),Bits1(0x0),MultiCgraPayload_Cmd_Data_DataAddr_Ctrl_CtrlAddr(Bits6(0x03),CgraData_32_1_1_1(Bits32(0x00000000),Bits1(0x0),Bits1(0x0),Bits1(0x0)),Bits14(0x0000),CGRAConfig_7_4_2_4_4_3_4(Bits7(0x01),[Bits3(0x1), Bits3(0x2), Bits3(0x3), Bits3(0x4)],[Bits4(0x0), Bits4(0x0), Bits4(0x0), Bits4(0x0), Bits4(0x0), Bits4(0x0), Bits4(0x0), Bits4(0x0)],[Bits2(0x0), Bits2(0x0), Bits2(0x0), Bits2(0x0), Bits2(0x0), Bits2(0x0), Bits2(0x0), Bits2(0x0)],Bits3(0x0),Bits1(0x0),[Bits2(0x0), Bits2(0x0), Bits2(0x0), Bits2(0x0)],[Bits3(0x0), Bits3(0x0), Bits3(0x0), Bits3(0x0)],[Bits2(0x0), Bits2(0x0), Bits2(0x0), Bits2(0x0)],[Bits3(0x0), Bits3(0x0), Bits3(0x0), Bits3(0x0)]),Bits3(0x2))), IntraCgraPacket_4_4x1_16_8_2_CgraPayload(Bits5(0x00),Bits5(0x06),Bits2(0x0),Bits2(0x0),Bits2(0x0),Bits1(0x0),Bits2(0x0),Bits1(0x0),Bits8(0x00),Bits1(0x0),MultiCgraPayload_Cmd_Data_DataAddr_Ctrl_CtrlAddr(Bits6(0x03),CgraData_32_1_1_1(Bits32(0x00000000),Bits1(0x0),Bits1(0x0),Bits1(0x0)),Bits14(0x0000),CGRAConfig_7_4_2_4_4_3_4(Bits7(0x01),[Bits3(0x1), Bits3(0x2), Bits3(0x3), Bits3(0x4)],[Bits4(0x0), Bits4(0x0), Bits4(0x0), Bits4(0x0), Bits4(0x0), Bits4(0x0), Bits4(0x0), Bits4(0x0)],[Bits2(0x0), Bits2(0x0), Bits2(0x0), Bits2(0x0), Bits2(0x0), Bits2(0x0), Bits2(0x0), Bits2(0x0)],Bits3(0x0),Bits1(0x0),[Bits2(0x0), Bits2(0x0), Bits2(0x0), Bits2(0x0)],[Bits3(0x0), Bits3(0x0), Bits3(0x0), Bits3(0x0)],[Bits2(0x0), Bits2(0x0), Bits2(0x0), Bits2(0x0)],[Bits3(0x0), Bits3(0x0), Bits3(0x0), Bits3(0x0)]),Bits3(0x3))), IntraCgraPacket_4_4x1_16_8_2_CgraPayload(Bits5(0x00),Bits5(0x06),Bits2(0x0),Bits2(0x0),Bits2(0x0),Bits1(0x0),Bits2(0x0),Bits1(0x0),Bits8(0x00),Bits1(0x0),MultiCgraPayload_Cmd_Data_DataAddr_Ctrl_CtrlAddr(Bits6(0x03),CgraData_32_1_1_1(Bits32(0x00000000),Bits1(0x0),Bits1(0x0),Bits1(0x0)),Bits14(0x0000),CGRAConfig_7_4_2_4_4_3_4(Bits7(0x01),[Bits3(0x0), Bits3(0x0), Bits3(0x0), Bits3(0x0)],[Bits4(0x0), Bits4(0x0), Bits4(0x0), Bits4(0x0), Bits4(0x1), Bits4(0x0), Bits4(0x0), Bits4(0x0)],[Bits2(0x0), Bits2(0x0), Bits2(0x0), Bits2(0x0), Bits2(0x0), Bits2(0x0), Bits2(0x0), Bits2(0x0)],Bits3(0x0),Bits1(0x0),[Bits2(0x1), Bits2(0x0), Bits2(0x0), Bits2(0x0)],[Bits3(0x0), Bits3(0x0), Bits3(0x0), Bits3(0x0)],[Bits2(0x0), Bits2(0x0), Bits2(0x0), Bits2(0x0)],[Bits3(0x0), Bits3(0x0), Bits3(0x0), Bits3(0x0)]),Bits3(0x4))), IntraCgraPacket_4_4x1_16_8_2_CgraPayload(Bits5(0x00),Bits5(0x06),Bits2(0x0),Bits2(0x0),Bits2(0x0),Bits1(0x0),Bits2(0x0),Bits1(0x0),Bits8(0x00),Bits1(0x0),MultiCgraPayload_Cmd_Data_DataAddr_Ctrl_CtrlAddr(Bits6(0x04),CgraData_32_1_1_1(Bits32(0x00000002),Bits1(0x1),Bits1(0x0),Bits1(0x0)),Bits14(0x0000),CGRAConfig_7_4_2_4_4_3_4(Bits7(0x00),[Bits3(0x0), Bits3(0x0), Bits3(0x0), Bits3(0x0)],[Bits4(0x0), Bits4(0x0), Bits4(0x0), Bits4(0x0), Bits4(0x0), Bits4(0x0), Bits4(0x0), Bits4(0x0)],[Bits2(0x0), Bits2(0x0), Bits2(0x0), Bits2(0x0), Bits2(0x0), Bits2(0x0), Bits2(0x0), Bits2(0x0)],Bits3(0x0),Bits1(0x0),[Bits2(0x0), Bits2(0x0), Bits2(0x0), Bits2(0x0)],[Bits3(0x0), Bits3(0x0), Bits3(0x0), Bits3(0x0)],[Bits2(0x0), Bits2(0x0), Bits2(0x0), Bits2(0x0)],[Bits3(0x0), Bits3(0x0), Bits3(0x0), Bits3(0x0)]),Bits3(0x0))), IntraCgraPacket_4_4x1_16_8_2_CgraPayload(Bits5(0x00),Bits5(0x06),Bits2(0x0),Bits2(0x0),Bits2(0x0),Bits1(0x0),Bits2(0x0),Bits1(0x0),Bits8(0x00),Bits1(0x0),MultiCgraPayload_Cmd_Data_DataAddr_Ctrl_CtrlAddr(Bits6(0x05),CgraData_32_1_1_1(Bits32(0x00000002),Bits1(0x1),Bits1(0x0),Bits1(0x0)),Bits14(0x0000),CGRAConfig_7_4_2_4_4_3_4(Bits7(0x00),[Bits3(0x0), Bits3(0x0), Bits3(0x0), Bits3(0x0)],[Bits4(0x0), Bits4(0x0), Bits4(0x0), Bits4(0x0), Bits4(0x0), Bits4(0x0), Bits4(0x0), Bits4(0x0)],[Bits2(0x0), Bits2(0x0), Bits2(0x0), Bits2(0x0), Bits2(0x0), Bits2(0x0), Bits2(0x0), Bits2(0x0)],Bits3(0x0),Bits1(0x0),[Bits2(0x0), Bits2(0x0), Bits2(0x0), Bits2(0x0)],[Bits3(0x0), Bits3(0x0), Bits3(0x0), Bits3(0x0)],[Bits2(0x0), Bits2(0x0), Bits2(0x0), Bits2(0x0)],[Bits3(0x0), Bits3(0x0), Bits3(0x0), Bits3(0x0)]),Bits3(0x0))), IntraCgraPacket_4_4x1_16_8_2_CgraPayload(Bits5(0x00),Bits5(0x06),Bits2(0x0),Bits2(0x0),Bits2(0x0),Bits1(0x0),Bits2(0x0),Bits1(0x0),Bits8(0x00),Bits1(0x0),MultiCgraPayload_Cmd_Data_DataAddr_Ctrl_CtrlAddr(Bits6(0x06),CgraData_32_1_1_1(Bits32(0x00000002),Bits1(0x1),Bits1(0x0),Bits1(0x0)),Bits14(0x0000),CGRAConfig_7_4_2_4_4_3_4(Bits7(0x00),[Bits3(0x0), Bits3(0x0), Bits3(0x0), Bits3(0x0)],[Bits4(0x2), Bits4(0x0), Bits4(0x0), Bits4(0x0), Bits4(0x0), Bits4(0x0), Bits4(0x0), Bits4(0x0)],[Bits2(0x0), Bits2(0x0), Bits2(0x0), Bits2(0x0), Bits2(0x0), Bits2(0x0), Bits2(0x0), Bits2(0x0)],Bits3(0x0),Bits1(0x0),[Bits2(0x0), Bits2(0x0), Bits2(0x0), Bits2(0x0)],[Bits3(0x0), Bits3(0x0), Bits3(0x0), Bits3(0x0)],[Bits2(0x0), Bits2(0x0), Bits2(0x0), Bits2(0x0)],[Bits3(0x0), Bits3(0x0), Bits3(0x0), Bits3(0x0)]),Bits3(0x0))), IntraCgraPacket_4_4x1_16_8_2_CgraPayload(Bits5(0x00),Bits5(0x06),Bits2(0x0),Bits2(0x0),Bits2(0x0),Bits1(0x0),Bits2(0x0),Bits1(0x0),Bits8(0x00),Bits1(0x0),MultiCgraPayload_Cmd_Data_DataAddr_Ctrl_CtrlAddr(Bits6(0x04),CgraData_32_1_1_1(Bits32(0x00000001),Bits1(0x1),Bits1(0x0),Bits1(0x0)),Bits14(0x0000),CGRAConfig_7_4_2_4_4_3_4(Bits7(0x00),[Bits3(0x0), Bits3(0x0), Bits3(0x0), Bits3(0x0)],[Bits4(0x0), Bits4(0x0), Bits4(0x0), Bits4(0x0), Bits4(0x0), Bits4(0x0), Bits4(0x0), Bits4(0x0)],[Bits2(0x0), Bits2(0x0), Bits2(0x0), Bits2(0x0), Bits2(0x0), Bits2(0x0), Bits2(0x0), Bits2(0x0)],Bits3(0x0),Bits1(0x0),[Bits2(0x0), Bits2(0x0), Bits2(0x0), Bits2(0x0)],[Bits3(0x0), Bits3(0x0), Bits3(0x0), Bits3(0x0)],[Bits2(0x0), Bits2(0x0), Bits2(0x0), Bits2(0x0)],[Bits3(0x0), Bits3(0x0), Bits3(0x0), Bits3(0x0)]),Bits3(0x1))), IntraCgraPacket_4_4x1_16_8_2_CgraPayload(Bits5(0x00),Bits5(0x06),Bits2(0x0),Bits2(0x0),Bits2(0x0),Bits1(0x0),Bits2(0x0),Bits1(0x0),Bits8(0x00),Bits1(0x0),MultiCgraPayload_Cmd_Data_DataAddr_Ctrl_CtrlAddr(Bits6(0x05),CgraData_32_1_1_1(Bits32(0x00000001),Bits1(0x1),Bits1(0x0),Bits1(0x0)),Bits14(0x0000),CGRAConfig_7_4_2_4_4_3_4(Bits7(0x00),[Bits3(0x0), Bits3(0x0), Bits3(0x0), Bits3(0x0)],[Bits4(0x0), Bits4(0x0), Bits4(0x0), Bits4(0x0), Bits4(0x0), Bits4(0x0), Bits4(0x0), Bits4(0x0)],[Bits2(0x0), Bits2(0x0), Bits2(0x0), Bits2(0x0), Bits2(0x0), Bits2(0x0), Bits2(0x0), Bits2(0x0)],Bits3(0x0),Bits1(0x0),[Bits2(0x0), Bits2(0x0), Bits2(0x0), Bits2(0x0)],[Bits3(0x0), Bits3(0x0), Bits3(0x0), Bits3(0x0)],[Bits2(0x0), Bits2(0x0), Bits2(0x0), Bits2(0x0)],[Bits3(0x0), Bits3(0x0), Bits3(0x0), Bits3(0x0)]),Bits3(0x1))), IntraCgraPacket_4_4x1_16_8_2_CgraPayload(Bits5(0x00),Bits5(0x06),Bits2(0x0),Bits2(0x0),Bits2(0x0),Bits1(0x0),Bits2(0x0),Bits1(0x0),Bits8(0x00),Bits1(0x0),MultiCgraPayload_Cmd_Data_DataAddr_Ctrl_CtrlAddr(Bits6(0x06),CgraData_32_1_1_1(Bits32(0x00000001),Bits1(0x1),Bits1(0x0),Bits1(0x0)),Bits14(0x0000),CGRAConfig_7_4_2_4_4_3_4(Bits7(0x00),[Bits3(0x0), Bits3(0x0), Bits3(0x0), Bits3(0x0)],[Bits4(0x1), Bits4(0x0), Bits4(0x0), Bits4(0x0), Bits4(0x0), Bits4(0x0), Bits4(0x0), Bits4(0x0)],[Bits2(0x0), Bits2(0x0), Bits2(0x0), Bits2(0x0), Bits2(0x0), Bits2(0x0), Bits2(0x0), Bits2(0x0)],Bits3(0x0),Bits1(0x0),[Bits2(0x0), Bits2(0x0), Bits2(0x0), Bits2(0x0)],[Bits3(0x0), Bits3(0x0), Bits3(0x0), Bits3(0x0)],[Bits2(0x0), Bits2(0x0), Bits2(0x0), Bits2(0x0)],[Bits3(0x0), Bits3(0x0), Bits3(0x0), Bits3(0x0)]),Bits3(0x1))), IntraCgraPacket_4_4x1_16_8_2_CgraPayload(Bits5(0x00),Bits5(0x06),Bits2(0x0),Bits2(0x0),Bits2(0x0),Bits1(0x0),Bits2(0x0),Bits1(0x0),Bits8(0x00),Bits1(0x0),MultiCgraPayload_Cmd_Data_DataAddr_Ctrl_CtrlAddr(Bits6(0x04),CgraData_32_1_1_1(Bits32(0x00000001),Bits1(0x1),Bits1(0x0),Bits1(0x0)),Bits14(0x0000),CGRAConfig_7_4_2_4_4_3_4(Bits7(0x00),[Bits3(0x0), Bits3(0x0), Bits3(0x0), Bits3(0x0)],[Bits4(0x0), Bits4(0x0), Bits4(0x0), Bits4(0x0), Bits4(0x0), Bits4(0x0), Bits4(0x0), Bits4(0x0)],[Bits2(0x0), Bits2(0x0), Bits2(0x0), Bits2(0x0), Bits2(0x0), Bits2(0x0), Bits2(0x0), Bits2(0x0)],Bits3(0x0),Bits1(0x0),[Bits2(0x0), Bits2(0x0), Bits2(0x0), Bits2(0x0)],[Bits3(0x0), Bits3(0x0), Bits3(0x0), Bits3(0x0)],[Bits2(0x0), Bits2(0x0), Bits2(0x0), Bits2(0x0)],[Bits3(0x0), Bits3(0x0), Bits3(0x0), Bits3(0x0)]),Bits3(0x4))), IntraCgraPacket_4_4x1_16_8_2_CgraPayload(Bits5(0x00),Bits5(0x06),Bits2(0x0),Bits2(0x0),Bits2(0x0),Bits1(0x0),Bits2(0x0),Bits1(0x0),Bits8(0x00),Bits1(0x0),MultiCgraPayload_Cmd_Data_DataAddr_Ctrl_CtrlAddr(Bits6(0x05),CgraData_32_1_1_1(Bits32(0x00000001),Bits1(0x1),Bits1(0x0),Bits1(0x0)),Bits14(0x0000),CGRAConfig_7_4_2_4_4_3_4(Bits7(0x00),[Bits3(0x0), Bits3(0x0), Bits3(0x0), Bits3(0x0)],[Bits4(0x0), Bits4(0x0), Bits4(0x0), Bits4(0x0), Bits4(0x0), Bits4(0x0), Bits4(0x0), Bits4(0x0)],[Bits2(0x0), Bits2(0x0), Bits2(0x0), Bits2(0x0), Bits2(0x0), Bits2(0x0), Bits2(0x0), Bits2(0x0)],Bits3(0x0),Bits1(0x0),[Bits2(0x0), Bits2(0x0), Bits2(0x0), Bits2(0x0)],[Bits3(0x0), Bits3(0x0), Bits3(0x0), Bits3(0x0)],[Bits2(0x0), Bits2(0x0), Bits2(0x0), Bits2(0x0)],[Bits3(0x0), Bits3(0x0), Bits3(0x0), Bits3(0x0)]),Bits3(0x4))), IntraCgraPacket_4_4x1_16_8_2_CgraPayload(Bits5(0x00),Bits5(0x06),Bits2(0x0),Bits2(0x0),Bits2(0x0),Bits1(0x0),Bits2(0x0),Bits1(0x0),Bits8(0x00),Bits1(0x0),MultiCgraPayload_Cmd_Data_DataAddr_Ctrl_CtrlAddr(Bits6(0x06),CgraData_32_1_1_1(Bits32(0x00000001),Bits1(0x1),Bits1(0x0),Bits1(0x0)),Bits14(0x0000),CGRAConfig_7_4_2_4_4_3_4(Bits7(0x00),[Bits3(0x0), Bits3(0x0), Bits3(0x0), Bits3(0x0)],[Bits4(0x1), Bits4(0x0), Bits4(0x0), Bits4(0x0), Bits4(0x0), Bits4(0x0), Bits4(0x0), Bits4(0x0)],[Bits2(0x0), Bits2(0x0), Bits2(0x0), Bits2(0x0), Bits2(0x0), Bits2(0x0), Bits2(0x0), Bits2(0x0)],Bits3(0x0),Bits1(0x0),[Bits2(0x0), Bits2(0x0), Bits2(0x0), Bits2(0x0)],[Bits3(0x0), Bits3(0x0), Bits3(0x0), Bits3(0x0)],[Bits2(0x0), Bits2(0x0), Bits2(0x0), Bits2(0x0)],[Bits3(0x0), Bits3(0x0), Bits3(0x0), Bits3(0x0)]),Bits3(0x4))), IntraCgraPacket_4_4x1_16_8_2_CgraPayload(Bits5(0x00),Bits5(0x06),Bits2(0x0),Bits2(0x0),Bits2(0x0),Bits1(0x0),Bits2(0x0),Bits1(0x0),Bits8(0x00),Bits1(0x0),MultiCgraPayload_Cmd_Data_DataAddr_Ctrl_CtrlAddr(Bits6(0x00),CgraData_32_1_1_1(Bits32(0x00000000),Bits1(0x0),Bits1(0x0),Bits1(0x0)),Bits14(0x0000),CGRAConfig_7_4_2_4_4_3_4(Bits7(0x00),[Bits3(0x0), Bits3(0x0), Bits3(0x0), Bits3(0x0)],[Bits4(0x0), Bits4(0x0), Bits4(0x0), Bits4(0x0), Bits4(0x0), Bits4(0x0), Bits4(0x0), Bits4(0x0)],[Bits2(0x0), Bits2(0x0), Bits2(0x0), Bits2(0x0), Bits2(0x0), Bits2(0x0), Bits2(0x0), Bits2(0x0)],Bits3(0x0),Bits1(0x0),[Bits2(0x0), Bits2(0x0), Bits2(0x0), Bits2(0x0)],[Bits3(0x0), Bits3(0x0), Bits3(0x0), Bits3(0x0)],[Bits2(0x0), Bits2(0x0), Bits2(0x0), Bits2(0x0)],[Bits3(0x0), Bits3(0x0), Bits3(0x0), Bits3(0x0)]),Bits3(0x0)))], [IntraCgraPacket_4_4x1_16_8_2_CgraPayload(Bits5(0x00),Bits5(0x07),Bits2(0x0),Bits2(0x0),Bits2(0x0),Bits1(0x0),Bits2(0x0),Bits1(0x0),Bits8(0x00),Bits1(0x0),MultiCgraPayload_Cmd_Data_DataAddr_Ctrl_CtrlAddr(Bits6(0x0d),CgraData_32_1_1_1(Bits32(0x00000006),Bits1(0x1),Bits1(0x0),Bits1(0x0)),Bits14(0x0000),CGRAConfig_7_4_2_4_4_3_4(Bits7(0x00),[Bits3(0x0), Bits3(0x0), Bits3(0x0), Bits3(0x0)],[Bits4(0x0), Bits4(0x0), Bits4(0x0), Bits4(0x0), Bits4(0x0), Bits4(0x0), Bits4(0x0), Bits4(0x0)],[Bits2(0x0), Bits2(0x0), Bits2(0x0), Bits2(0x0), Bits2(0x0), Bits2(0x0), Bits2(0x0), Bits2(0x0)],Bits3(0x0),Bits1(0x0),[Bits2(0x0), Bits2(0x0), Bits2(0x0), Bits2(0x0)],[Bits3(0x0), Bits3(0x0), Bits3(0x0), Bits3(0x0)],[Bits2(0x0), Bits2(0x0), Bits2(0x0), Bits2(0x0)],[Bits3(0x0), Bits3(0x0), Bits3(0x0), Bits3(0x0)]),Bits3(0x0))), IntraCgraPacket_4_4x1_16_8_2_CgraPayload(Bits5(0x00),Bits5(0x07),Bits2(0x0),Bits2(0x0),Bits2(0x0),Bits1(0x0),Bits2(0x0),Bits1(0x0),Bits8(0x00),Bits1(0x0),MultiCgraPayload_Cmd_Data_DataAddr_Ctrl_CtrlAddr(Bits6(0x0d),CgraData_32_1_1_1(Bits32(0x00000000),Bits1(0x1),Bits1(0x0),Bits1(0x0)),Bits14(0x0000),CGRAConfig_7_4_2_4_4_3_4(Bits7(0x00),[Bits3(0x0), Bits3(0x0), Bits3(0x0), Bits3(0x0)],[Bits4(0x0), Bits4(0x0), Bits4(0x0), Bits4(0x0), Bits4(0x0), Bits4(0x0), Bits4(0x0), Bits4(0x0)],[Bits2(0x0), Bits2(0x0), Bits2(0x0), Bits2(0x0), Bits2(0x0), Bits2(0x0), Bits2(0x0), Bits2(0x0)],Bits3(0x0),Bits1(0x0),[Bits2(0x0), Bits2(0x0), Bits2(0x0), Bits2(0x0)],[Bits3(0x0), Bits3(0x0), Bits3(0x0), Bits3(0x0)],[Bits2(0x0), Bits2(0x0), Bits2(0x0), Bits2(0x0)],[Bits3(0x0), Bits3(0x0), Bits3(0x0), Bits3(0x0)]),Bits3(0x0))), IntraCgraPacket_4_4x1_16_8_2_CgraPayload(Bits5(0x00),Bits5(0x07),Bits2(0x0),Bits2(0x0),Bits2(0x0),Bits1(0x0),Bits2(0x0),Bits1(0x0),Bits8(0x00),Bits1(0x0),MultiCgraPayload_Cmd_Data_DataAddr_Ctrl_CtrlAddr(Bits6(0x0d),CgraData_32_1_1_1(Bits32(0x00000003),Bits1(0x1),Bits1(0x0),Bits1(0x0)),Bits14(0x0000),CGRAConfig_7_4_2_4_4_3_4(Bits7(0x00),[Bits3(0x0), Bits3(0x0), Bits3(0x0), Bits3(0x0)],[Bits4(0x0), Bits4(0x0), Bits4(0x0), Bits4(0x0), Bits4(0x0), Bits4(0x0), Bits4(0x0), Bits4(0x0)],[Bits2(0x0), Bits2(0x0), Bits2(0x0), Bits2(0x0), Bits2(0x0), Bits2(0x0), Bits2(0x0), Bits2(0x0)],Bits3(0x0),Bits1(0x0),[Bits2(0x0), Bits2(0x0), Bits2(0x0), Bits2(0x0)],[Bits3(0x0), Bits3(0x0), Bits3(0x0), Bits3(0x0)],[Bits2(0x0), Bits2(0x0), Bits2(0x0), Bits2(0x0)],[Bits3(0x0), Bits3(0x0), Bits3(0x0), Bits3(0x0)]),Bits3(0x0))), IntraCgraPacket_4_4x1_16_8_2_CgraPayload(Bits5(0x00),Bits5(0x07),Bits2(0x0),Bits2(0x0),Bits2(0x0),Bits1(0x0),Bits2(0x0),Bits1(0x0),Bits8(0x00),Bits1(0x0),MultiCgraPayload_Cmd_Data_DataAddr_Ctrl_CtrlAddr(Bits6(0x08),CgraData_32_1_1_1(Bits32(0x00000005),Bits1(0x1),Bits1(0x0),Bits1(0x0)),Bits14(0x0000),CGRAConfig_7_4_2_4_4_3_4(Bits7(0x00),[Bits3(0x0), Bits3(0x0), Bits3(0x0), Bits3(0x0)],[Bits4(0x0), Bits4(0x0), Bits4(0x0), Bits4(0x0), Bits4(0x0), Bits4(0x0), Bits4(0x0), Bits4(0x0)],[Bits2(0x0), Bits2(0x0), Bits2(0x0), Bits2(0x0), Bits2(0x0), Bits2(0x0), Bits2(0x0), Bits2(0x0)],Bits3(0x0),Bits1(0x0),[Bits2(0x0), Bits2(0x0), Bits2(0x0), Bits2(0x0)],[Bits3(0x0), Bits3(0x0), Bits3(0x0), Bits3(0x0)],[Bits2(0x0), Bits2(0x0), Bits2(0x0), Bits2(0x0)],[Bits3(0x0), Bits3(0x0), Bits3(0x0), Bits3(0x0)]),Bits3(0x0))), IntraCgraPacket_4_4x1_16_8_2_CgraPayload(Bits5(0x00),Bits5(0x07),Bits2(0x0),Bits2(0x0),Bits2(0x0),Bits1(0x0),Bits2(0x0),Bits1(0x0),Bits8(0x00),Bits1(0x0),MultiCgraPayload_Cmd_Data_DataAddr_Ctrl_CtrlAddr(Bits6(0x07),CgraData_32_1_1_1(Bits32(0x00000028),Bits1(0x1),Bits1(0x0),Bits1(0x0)),Bits14(0x0000),CGRAConfig_7_4_2_4_4_3_4(Bits7(0x00),[Bits3(0x0), Bits3(0x0), Bits3(0x0), Bits3(0x0)],[Bits4(0x0), Bits4(0x0), Bits4(0x0), Bits4(0x0), Bits4(0x0), Bits4(0x0), Bits4(0x0), Bits4(0x0)],[Bits2(0x0), Bits2(0x0), Bits2(0x0), Bits2(0x0), Bits2(0x0), Bits2(0x0), Bits2(0x0), Bits2(0x0)],Bits3(0x0),Bits1(0x0),[Bits2(0x0), Bits2(0x0), Bits2(0x0), Bits2(0x0)],[Bits3(0x0), Bits3(0x0), Bits3(0x0), Bits3(0x0)],[Bits2(0x0), Bits2(0x0), Bits2(0x0), Bits2(0x0)],[Bits3(0x0), Bits3(0x0), Bits3(0x0), Bits3(0x0)]),Bits3(0x0))), IntraCgraPacket_4_4x1_16_8_2_CgraPayload(Bits5(0x00),Bits5(0x07),Bits2(0x0),Bits2(0x0),Bits2(0x0),Bits1(0x0),Bits2(0x0),Bits1(0x0),Bits8(0x00),Bits1(0x0),MultiCgraPayload_Cmd_Data_DataAddr_Ctrl_CtrlAddr(Bits6(0x03),CgraData_32_1_1_1(Bits32(0x00000000),Bits1(0x0),Bits1(0x0),Bits1(0x0)),Bits14(0x0000),CGRAConfig_7_4_2_4_4_3_4(Bits7(0x19),[Bits3(0x1), Bits3(0x2), Bits3(0x0), Bits3(0x0)],[Bits4(0x0), Bits4(0x0), Bits4(0x0), Bits4(0x0), Bits4(0x0), Bits4(0x1), Bits4(0x0), Bits4(0x0)],[Bits2(0x0), Bits2(0x1), Bits2(0x0), Bits2(0x0), Bits2(0x0), Bits2(0x0), Bits2(0x0), Bits2(0x0)],Bits3(0x0),Bits1(0x0),[Bits2(0x0), Bits2(0x1), Bits2(0x0), Bits2(0x0)],[Bits3(0x0), Bits3(0x0), Bits3(0x0), Bits3(0x0)],[Bits2(0x1), Bits2(0x0), Bits2(0x0), Bits2(0x0)],[Bits3(0x0), Bits3(0x0), Bits3(0x0), Bits3(0x0)]),Bits3(0x0))), IntraCgraPacket_4_4x1_16_8_2_CgraPayload(Bits5(0x00),Bits5(0x07),Bits2(0x0),Bits2(0x0),Bits2(0x0),Bits1(0x0),Bits2(0x0),Bits1(0x0),Bits8(0x00),Bits1(0x0),MultiCgraPayload_Cmd_Data_DataAddr_Ctrl_CtrlAddr(Bits6(0x03),CgraData_32_1_1_1(Bits32(0x00000000),Bits1(0x0),Bits1(0x0),Bits1(0x0)),Bits14(0x0000),CGRAConfig_7_4_2_4_4_3_4(Bits7(0x19),[Bits3(0x1), Bits3(0x2), Bits3(0x0), Bits3(0x0)],[Bits4(0x0), Bits4(0x0), Bits4(0x0), Bits4(0x0), Bits4(0x0), Bits4(0x0), Bits4(0x0), Bits4(0x0)],[Bits2(0x0), Bits2(0x1), Bits2(0x0), Bits2(0x0), Bits2(0x0), Bits2(0x0), Bits2(0x0), Bits2(0x0)],Bits3(0x0),Bits1(0x0),[Bits2(0x0), Bits2(0x0), Bits2(0x0), Bits2(0x0)],[Bits3(0x0), Bits3(0x0), Bits3(0x0), Bits3(0x0)],[Bits2(0x1), Bits2(0x1), Bits2(0x0), Bits2(0x0)],[Bits3(0x0), Bits3(0x0), Bits3(0x0), Bits3(0x0)]),Bits3(0x1))), IntraCgraPacket_4_4x1_16_8_2_CgraPayload(Bits5(0x00),Bits5(0x07),Bits2(0x0),Bits2(0x0),Bits2(0x0),Bits1(0x0),Bits2(0x0),Bits1(0x0),Bits8(0x00),Bits1(0x0),MultiCgraPayload_Cmd_Data_DataAddr_Ctrl_CtrlAddr(Bits6(0x03),CgraData_32_1_1_1(Bits32(0x00000000),Bits1(0x0),Bits1(0x0),Bits1(0x0)),Bits14(0x0000),CGRAConfig_7_4_2_4_4_3_4(Bits7(0x01),[Bits3(0x1), Bits3(0x2), Bits3(0x3), Bits3(0x4)],[Bits4(0x0), Bits4(0x0), Bits4(0x0), Bits4(0x0), Bits4(0x0), Bits4(0x0), Bits4(0x0), Bits4(0x0)],[Bits2(0x0), Bits2(0x0), Bits2(0x0), Bits2(0x0), Bits2(0x0), Bits2(0x0), Bits2(0x0), Bits2(0x0)],Bits3(0x0),Bits1(0x0),[Bits2(0x0), Bits2(0x0), Bits2(0x0), Bits2(0x0)],[Bits3(0x0), Bits3(0x0), Bits3(0x0), Bits3(0x0)],[Bits2(0x0), Bits2(0x0), Bits2(0x0), Bits2(0x0)],[Bits3(0x0), Bits3(0x0), Bits3(0x0), Bits3(0x0)]),Bits3(0x2))), IntraCgraPacket_4_4x1_16_8_2_CgraPayload(Bits5(0x00),Bits5(0x07),Bits2(0x0),Bits2(0x0),Bits2(0x0),Bits1(0x0),Bits2(0x0),Bits1(0x0),Bits8(0x00),Bits1(0x0),MultiCgraPayload_Cmd_Data_DataAddr_Ctrl_CtrlAddr(Bits6(0x03),CgraData_32_1_1_1(Bits32(0x00000000),Bits1(0x0),Bits1(0x0),Bits1(0x0)),Bits14(0x0000),CGRAConfig_7_4_2_4_4_3_4(Bits7(0x41),[Bits3(0x1), Bits3(0x0), Bits3(0x0), Bits3(0x0)],[Bits4(0x0), Bits4(0x0), Bits4(0x0), Bits4(0x0), Bits4(0x1), Bits4(0x0), Bits4(0x0), Bits4(0x0)],[Bits2(0x0), Bits2(0x0), Bits2(0x0), Bits2(0x0), Bits2(0x1), Bits2(0x0), Bits2(0x0), Bits2(0x0)],Bits3(0x0),Bits1(0x0),[Bits2(0x2), Bits2(0x0), Bits2(0x0), Bits2(0x0)],[Bits3(0x0), Bits3(0x0), Bits3(0x0), Bits3(0x0)],[Bits2(0x0), Bits2(0x0), Bits2(0x0), Bits2(0x0)],[Bits3(0x0), Bits3(0x0), Bits3(0x0), Bits3(0x0)]),Bits3(0x3))), IntraCgraPacket_4_4x1_16_8_2_CgraPayload(Bits5(0x00),Bits5(0x07),Bits2(0x0),Bits2(0x0),Bits2(0x0),Bits1(0x0),Bits2(0x0),Bits1(0x0),Bits8(0x00),Bits1(0x0),MultiCgraPayload_Cmd_Data_DataAddr_Ctrl_CtrlAddr(Bits6(0x03),CgraData_32_1_1_1(Bits32(0x00000000),Bits1(0x0),Bits1(0x0),Bits1(0x0)),Bits14(0x0000),CGRAConfig_7_4_2_4_4_3_4(Bits7(0x1f),[Bits3(0x1), Bits3(0x0), Bits3(0x0), Bits3(0x0)],[Bits4(0x0), Bits4(0x0), Bits4(0x0), Bits4(0x0), Bits4(0x0), Bits4(0x0), Bits4(0x0), Bits4(0x0)],[Bits2(0x0), Bits2(0x0), Bits2(0x0), Bits2(0x0), Bits2(0x1), Bits2(0x0), Bits2(0x0), Bits2(0x0)],Bits3(0x0),Bits1(0x0),[Bits2(0x2), Bits2(0x0), Bits2(0x0), Bits2(0x0)],[Bits3(0x0), Bits3(0x0), Bits3(0x0), Bits3(0x0)],[Bits2(0x1), Bits2(0x0), Bits2(0x0), Bits2(0x0)],[Bits3(0x0), Bits3(0x0), Bits3(0x0), Bits3(0x0)]),Bits3(0x4))), IntraCgraPacket_4_4x1_16_8_2_CgraPayload(Bits5(0x00),Bits5(0x07),Bits2(0x0),Bits2(0x0),Bits2(0x0),Bits1(0x0),Bits2(0x0),Bits1(0x0),Bits8(0x00),Bits1(0x0),MultiCgraPayload_Cmd_Data_DataAddr_Ctrl_CtrlAddr(Bits6(0x04),CgraData_32_1_1_1(Bits32(0x00000001),Bits1(0x1),Bits1(0x0),Bits1(0x0)),Bits14(0x0000),CGRAConfig_7_4_2_4_4_3_4(Bits7(0x00),[Bits3(0x0), Bits3(0x0), Bits3(0x0), Bits3(0x0)],[Bits4(0x0), Bits4(0x0), Bits4(0x0), Bits4(0x0), Bits4(0x0), Bits4(0x0), Bits4(0x0), Bits4(0x0)],[Bits2(0x0), Bits2(0x0), Bits2(0x0), Bits2(0x0), Bits2(0x0), Bits2(0x0), Bits2(0x0), Bits2(0x0)],Bits3(0x0),Bits1(0x0),[Bits2(0x0), Bits2(0x0), Bits2(0x0), Bits2(0x0)],[Bits3(0x0), Bits3(0x0), Bits3(0x0), Bits3(0x0)],[Bits2(0x0), Bits2(0x0), Bits2(0x0), Bits2(0x0)],[Bits3(0x0), Bits3(0x0), Bits3(0x0), Bits3(0x0)]),Bits3(0x0))), IntraCgraPacket_4_4x1_16_8_2_CgraPayload(Bits5(0x00),Bits5(0x07),Bits2(0x0),Bits2(0x0),Bits2(0x0),Bits1(0x0),Bits2(0x0),Bits1(0x0),Bits8(0x00),Bits1(0x0),MultiCgraPayload_Cmd_Data_DataAddr_Ctrl_CtrlAddr(Bits6(0x05),CgraData_32_1_1_1(Bits32(0x00000001),Bits1(0x1),Bits1(0x0),Bits1(0x0)),Bits14(0x0000),CGRAConfig_7_4_2_4_4_3_4(Bits7(0x00),[Bits3(0x0), Bits3(0x0), Bits3(0x0), Bits3(0x0)],[Bits4(0x0), Bits4(0x0), Bits4(0x0), Bits4(0x0), Bits4(0x0), Bits4(0x0), Bits4(0x0), Bits4(0x0)],[Bits2(0x0), Bits2(0x0), Bits2(0x0), Bits2(0x0), Bits2(0x0), Bits2(0x0), Bits2(0x0), Bits2(0x0)],Bits3(0x0),Bits1(0x0),[Bits2(0x0), Bits2(0x0), Bits2(0x0), Bits2(0x0)],[Bits3(0x0), Bits3(0x0), Bits3(0x0), Bits3(0x0)],[Bits2(0x0), Bits2(0x0), Bits2(0x0), Bits2(0x0)],[Bits3(0x0), Bits3(0x0), Bits3(0x0), Bits3(0x0)]),Bits3(0x0))), IntraCgraPacket_4_4x1_16_8_2_CgraPayload(Bits5(0x00),Bits5(0x07),Bits2(0x0),Bits2(0x0),Bits2(0x0),Bits1(0x0),Bits2(0x0),Bits1(0x0),Bits8(0x00),Bits1(0x0),MultiCgraPayload_Cmd_Data_DataAddr_Ctrl_CtrlAddr(Bits6(0x06),CgraData_32_1_1_1(Bits32(0x00000001),Bits1(0x1),Bits1(0x0),Bits1(0x0)),Bits14(0x0000),CGRAConfig_7_4_2_4_4_3_4(Bits7(0x00),[Bits3(0x0), Bits3(0x0), Bits3(0x0), Bits3(0x0)],[Bits4(0x1), Bits4(0x0), Bits4(0x0), Bits4(0x0), Bits4(0x0), Bits4(0x0), Bits4(0x0), Bits4(0x0)],[Bits2(0x0), Bits2(0x0), Bits2(0x0), Bits2(0x0), Bits2(0x0), Bits2(0x0), Bits2(0x0), Bits2(0x0)],Bits3(0x0),Bits1(0x0),[Bits2(0x0), Bits2(0x0), Bits2(0x0), Bits2(0x0)],[Bits3(0x0), Bits3(0x0), Bits3(0x0), Bits3(0x0)],[Bits2(0x0), Bits2(0x0), Bits2(0x0), Bits2(0x0)],[Bits3(0x0), Bits3(0x0), Bits3(0x0), Bits3(0x0)]),Bits3(0x0))), IntraCgraPacket_4_4x1_16_8_2_CgraPayload(Bits5(0x00),Bits5(0x07),Bits2(0x0),Bits2(0x0),Bits2(0x0),Bits1(0x0),Bits2(0x0),Bits1(0x0),Bits8(0x00),Bits1(0x0),MultiCgraPayload_Cmd_Data_DataAddr_Ctrl_CtrlAddr(Bits6(0x04),CgraData_32_1_1_1(Bits32(0x00000001),Bits1(0x1),Bits1(0x0),Bits1(0x0)),Bits14(0x0000),CGRAConfig_7_4_2_4_4_3_4(Bits7(0x00),[Bits3(0x0), Bits3(0x0), Bits3(0x0), Bits3(0x0)],[Bits4(0x0), Bits4(0x0), Bits4(0x0), Bits4(0x0), Bits4(0x0), Bits4(0x0), Bits4(0x0), Bits4(0x0)],[Bits2(0x0), Bits2(0x0), Bits2(0x0), Bits2(0x0), Bits2(0x0), Bits2(0x0), Bits2(0x0), Bits2(0x0)],Bits3(0x0),Bits1(0x0),[Bits2(0x0), Bits2(0x0), Bits2(0x0), Bits2(0x0)],[Bits3(0x0), Bits3(0x0), Bits3(0x0), Bits3(0x0)],[Bits2(0x0), Bits2(0x0), Bits2(0x0), Bits2(0x0)],[Bits3(0x0), Bits3(0x0), Bits3(0x0), Bits3(0x0)]),Bits3(0x1))), IntraCgraPacket_4_4x1_16_8_2_CgraPayload(Bits5(0x00),Bits5(0x07),Bits2(0x0),Bits2(0x0),Bits2(0x0),Bits1(0x0),Bits2(0x0),Bits1(0x0),Bits8(0x00),Bits1(0x0),MultiCgraPayload_Cmd_Data_DataAddr_Ctrl_CtrlAddr(Bits6(0x05),CgraData_32_1_1_1(Bits32(0x00000001),Bits1(0x1),Bits1(0x0),Bits1(0x0)),Bits14(0x0000),CGRAConfig_7_4_2_4_4_3_4(Bits7(0x00),[Bits3(0x0), Bits3(0x0), Bits3(0x0), Bits3(0x0)],[Bits4(0x0), Bits4(0x0), Bits4(0x0), Bits4(0x0), Bits4(0x0), Bits4(0x0), Bits4(0x0), Bits4(0x0)],[Bits2(0x0), Bits2(0x0), Bits2(0x0), Bits2(0x0), Bits2(0x0), Bits2(0x0), Bits2(0x0), Bits2(0x0)],Bits3(0x0),Bits1(0x0),[Bits2(0x0), Bits2(0x0), Bits2(0x0), Bits2(0x0)],[Bits3(0x0), Bits3(0x0), Bits3(0x0), Bits3(0x0)],[Bits2(0x0), Bits2(0x0), Bits2(0x0), Bits2(0x0)],[Bits3(0x0), Bits3(0x0), Bits3(0x0), Bits3(0x0)]),Bits3(0x1))), IntraCgraPacket_4_4x1_16_8_2_CgraPayload(Bits5(0x00),Bits5(0x07),Bits2(0x0),Bits2(0x0),Bits2(0x0),Bits1(0x0),Bits2(0x0),Bits1(0x0),Bits8(0x00),Bits1(0x0),MultiCgraPayload_Cmd_Data_DataAddr_Ctrl_CtrlAddr(Bits6(0x00),CgraData_32_1_1_1(Bits32(0x00000000),Bits1(0x0),Bits1(0x0),Bits1(0x0)),Bits14(0x0000),CGRAConfig_7_4_2_4_4_3_4(Bits7(0x00),[Bits3(0x0), Bits3(0x0), Bits3(0x0), Bits3(0x0)],[Bits4(0x0), Bits4(0x0), Bits4(0x0), Bits4(0x0), Bits4(0x0), Bits4(0x0), Bits4(0x0), Bits4(0x0)],[Bits2(0x0), Bits2(0x0), Bits2(0x0), Bits2(0x0), Bits2(0x0), Bits2(0x0), Bits2(0x0), Bits2(0x0)],Bits3(0x0),Bits1(0x0),[Bits2(0x0), Bits2(0x0), Bits2(0x0), Bits2(0x0)],[Bits3(0x0), Bits3(0x0), Bits3(0x0), Bits3(0x0)],[Bits2(0x0), Bits2(0x0), Bits2(0x0), Bits2(0x0)],[Bits3(0x0), Bits3(0x0), Bits3(0x0), Bits3(0x0)]),Bits3(0x0)))], [IntraCgraPacket_4_4x1_16_8_2_CgraPayload(Bits5(0x00),Bits5(0x09),Bits2(0x0),Bits2(0x0),Bits2(0x0),Bits1(0x0),Bits2(0x0),Bits1(0x0),Bits8(0x00),Bits1(0x0),MultiCgraPayload_Cmd_Data_DataAddr_Ctrl_CtrlAddr(Bits6(0x08),CgraData_32_1_1_1(Bits32(0x00000005),Bits1(0x1),Bits1(0x0),Bits1(0x0)),Bits14(0x0000),CGRAConfig_7_4_2_4_4_3_4(Bits7(0x00),[Bits3(0x0), Bits3(0x0), Bits3(0x0), Bits3(0x0)],[Bits4(0x0), Bits4(0x0), Bits4(0x0), Bits4(0x0), Bits4(0x0), Bits4(0x0), Bits4(0x0), Bits4(0x0)],[Bits2(0x0), Bits2(0x0), Bits2(0x0), Bits2(0x0), Bits2(0x0), Bits2(0x0), Bits2(0x0), Bits2(0x0)],Bits3(0x0),Bits1(0x0),[Bits2(0x0), Bits2(0x0), Bits2(0x0), Bits2(0x0)],[Bits3(0x0), Bits3(0x0), Bits3(0x0), Bits3(0x0)],[Bits2(0x0), Bits2(0x0), Bits2(0x0), Bits2(0x0)],[Bits3(0x0), Bits3(0x0), Bits3(0x0), Bits3(0x0)]),Bits3(0x0))), IntraCgraPacket_4_4x1_16_8_2_CgraPayload(Bits5(0x00),Bits5(0x09),Bits2(0x0),Bits2(0x0),Bits2(0x0),Bits1(0x0),Bits2(0x0),Bits1(0x0),Bits8(0x00),Bits1(0x0),MultiCgraPayload_Cmd_Data_DataAddr_Ctrl_CtrlAddr(Bits6(0x07),CgraData_32_1_1_1(Bits32(0x00000028),Bits1(0x1),Bits1(0x0),Bits1(0x0)),Bits14(0x0000),CGRAConfig_7_4_2_4_4_3_4(Bits7(0x00),[Bits3(0x0), Bits3(0x0), Bits3(0x0), Bits3(0x0)],[Bits4(0x0), Bits4(0x0), Bits4(0x0), Bits4(0x0), Bits4(0x0), Bits4(0x0), Bits4(0x0), Bits4(0x0)],[Bits2(0x0), Bits2(0x0), Bits2(0x0), Bits2(0x0), Bits2(0x0), Bits2(0x0), Bits2(0x0), Bits2(0x0)],Bits3(0x0),Bits1(0x0),[Bits2(0x0), Bits2(0x0), Bits2(0x0), Bits2(0x0)],[Bits3(0x0), Bits3(0x0), Bits3(0x0), Bits3(0x0)],[Bits2(0x0), Bits2(0x0), Bits2(0x0), Bits2(0x0)],[Bits3(0x0), Bits3(0x0), Bits3(0x0), Bits3(0x0)]),Bits3(0x0))), IntraCgraPacket_4_4x1_16_8_2_CgraPayload(Bits5(0x00),Bits5(0x09),Bits2(0x0),Bits2(0x0),Bits2(0x0),Bits1(0x0),Bits2(0x0),Bits1(0x0),Bits8(0x00),Bits1(0x0),MultiCgraPayload_Cmd_Data_DataAddr_Ctrl_CtrlAddr(Bits6(0x03),CgraData_32_1_1_1(Bits32(0x00000000),Bits1(0x0),Bits1(0x0),Bits1(0x0)),Bits14(0x0000),CGRAConfig_7_4_2_4_4_3_4(Bits7(0x01),[Bits3(0x0), Bits3(0x0), Bits3(0x0), Bits3(0x0)],[Bits4(0x0), Bits4(0x4), Bits4(0x0), Bits4(0x0), Bits4(0x0), Bits4(0x0), Bits4(0x0), Bits4(0x0)],[Bits2(0x0), Bits2(0x0), Bits2(0x0), Bits2(0x0), Bits2(0x0), Bits2(0x0), Bits2(0x0), Bits2(0x0)],Bits3(0x0),Bits1(0x0),[Bits2(0x0), Bits2(0x0), Bits2(0x0), Bits2(0x0)],[Bits3(0x0), Bits3(0x0), Bits3(0x0), Bits3(0x0)],[Bits2(0x0), Bits2(0x0), Bits2(0x0), Bits2(0x0)],[Bits3(0x0), Bits3(0x0), Bits3(0x0), Bits3(0x0)]),Bits3(0x0))), IntraCgraPacket_4_4x1_16_8_2_CgraPayload(Bits5(0x00),Bits5(0x09),Bits2(0x0),Bits2(0x0),Bits2(0x0),Bits1(0x0),Bits2(0x0),Bits1(0x0),Bits8(0x00),Bits1(0x0),MultiCgraPayload_Cmd_Data_DataAddr_Ctrl_CtrlAddr(Bits6(0x03),CgraData_32_1_1_1(Bits32(0x00000000),Bits1(0x0),Bits1(0x0),Bits1(0x0)),Bits14(0x0000),CGRAConfig_7_4_2_4_4_3_4(Bits7(0x01),[Bits3(0x1), Bits3(0x2), Bits3(0x3), Bits3(0x4)],[Bits4(0x0), Bits4(0x0), Bits4(0x0), Bits4(0x0), Bits4(0x0), Bits4(0x0), Bits4(0x0), Bits4(0x0)],[Bits2(0x0), Bits2(0x0), Bits2(0x0), Bits2(0x0), Bits2(0x0), Bits2(0x0), Bits2(0x0), Bits2(0x0)],Bits3(0x0),Bits1(0x0),[Bits2(0x0), Bits2(0x0), Bits2(0x0), Bits2(0x0)],[Bits3(0x0), Bits3(0x0), Bits3(0x0), Bits3(0x0)],[Bits2(0x0), Bits2(0x0), Bits2(0x0), Bits2(0x0)],[Bits3(0x0), Bits3(0x0), Bits3(0x0), Bits3(0x0)]),Bits3(0x1))), IntraCgraPacket_4_4x1_16_8_2_CgraPayload(Bits5(0x00),Bits5(0x09),Bits2(0x0),Bits2(0x0),Bits2(0x0),Bits1(0x0),Bits2(0x0),Bits1(0x0),Bits8(0x00),Bits1(0x0),MultiCgraPayload_Cmd_Data_DataAddr_Ctrl_CtrlAddr(Bits6(0x03),CgraData_32_1_1_1(Bits32(0x00000000),Bits1(0x0),Bits1(0x0),Bits1(0x0)),Bits14(0x0000),CGRAConfig_7_4_2_4_4_3_4(Bits7(0x54),[Bits3(0x1), Bits3(0x2), Bits3(0x0), Bits3(0x0)],[Bits4(0x0), Bits4(0x0), Bits4(0x0), Bits4(0x0), Bits4(0x4), Bits4(0x2), Bits4(0x0), Bits4(0x0)],[Bits2(0x0), Bits2(0x0), Bits2(0x0), Bits2(0x1), Bits2(0x0), Bits2(0x0), Bits2(0x0), Bits2(0x0)],Bits3(0x0),Bits1(0x0),[Bits2(0x1), Bits2(0x0), Bits2(0x0), Bits2(0x0)],[Bits3(0x0), Bits3(0x0), Bits3(0x0), Bits3(0x0)],[Bits2(0x1), Bits2(0x0), Bits2(0x0), Bits2(0x0)],[Bits3(0x0), Bits3(0x0), Bits3(0x0), Bits3(0x0)]),Bits3(0x2))), IntraCgraPacket_4_4x1_16_8_2_CgraPayload(Bits5(0x00),Bits5(0x09),Bits2(0x0),Bits2(0x0),Bits2(0x0),Bits1(0x0),Bits2(0x0),Bits1(0x0),Bits8(0x00),Bits1(0x0),MultiCgraPayload_Cmd_Data_DataAddr_Ctrl_CtrlAddr(Bits6(0x03),CgraData_32_1_1_1(Bits32(0x00000000),Bits1(0x0),Bits1(0x0),Bits1(0x0)),Bits14(0x0000),CGRAConfig_7_4_2_4_4_3_4(Bits7(0x01),[Bits3(0x1), Bits3(0x2), Bits3(0x3), Bits3(0x4)],[Bits4(0x0), Bits4(0x0), Bits4(0x0), Bits4(0x0), Bits4(0x0), Bits4(0x0), Bits4(0x0), Bits4(0x0)],[Bits2(0x0), Bits2(0x0), Bits2(0x0), Bits2(0x0), Bits2(0x0), Bits2(0x0), Bits2(0x0), Bits2(0x0)],Bits3(0x0),Bits1(0x0),[Bits2(0x0), Bits2(0x0), Bits2(0x0), Bits2(0x0)],[Bits3(0x0), Bits3(0x0), Bits3(0x0), Bits3(0x0)],[Bits2(0x0), Bits2(0x0), Bits2(0x0), Bits2(0x0)],[Bits3(0x0), Bits3(0x0), Bits3(0x0), Bits3(0x0)]),Bits3(0x3))), IntraCgraPacket_4_4x1_16_8_2_CgraPayload(Bits5(0x00),Bits5(0x09),Bits2(0x0),Bits2(0x0),Bits2(0x0),Bits1(0x0),Bits2(0x0),Bits1(0x0),Bits8(0x00),Bits1(0x0),MultiCgraPayload_Cmd_Data_DataAddr_Ctrl_CtrlAddr(Bits6(0x03),CgraData_32_1_1_1(Bits32(0x00000000),Bits1(0x0),Bits1(0x0),Bits1(0x0)),Bits14(0x0000),CGRAConfig_7_4_2_4_4_3_4(Bits7(0x01),[Bits3(0x0), Bits3(0x0), Bits3(0x0), Bits3(0x0)],[Bits4(0x0), Bits4(0x0), Bits4(0x0), Bits4(0x4), Bits4(0x0), Bits4(0x0), Bits4(0x0), Bits4(0x0)],[Bits2(0x0), Bits2(0x0), Bits2(0x0), Bits2(0x0), Bits2(0x0), Bits2(0x0), Bits2(0x0), Bits2(0x0)],Bits3(0x0),Bits1(0x0),[Bits2(0x0), Bits2(0x0), Bits2(0x0), Bits2(0x0)],[Bits3(0x0), Bits3(0x0), Bits3(0x0), Bits3(0x0)],[Bits2(0x0), Bits2(0x0), Bits2(0x0), Bits2(0x0)],[Bits3(0x0), Bits3(0x0), Bits3(0x0), Bits3(0x0)]),Bits3(0x4))), IntraCgraPacket_4_4x1_16_8_2_CgraPayload(Bits5(0x00),Bits5(0x09),Bits2(0x0),Bits2(0x0),Bits2(0x0),Bits1(0x0),Bits2(0x0),Bits1(0x0),Bits8(0x00),Bits1(0x0),MultiCgraPayload_Cmd_Data_DataAddr_Ctrl_CtrlAddr(Bits6(0x04),CgraData_32_1_1_1(Bits32(0x00000001),Bits1(0x1),Bits1(0x0),Bits1(0x0)),Bits14(0x0000),CGRAConfig_7_4_2_4_4_3_4(Bits7(0x00),[Bits3(0x0), Bits3(0x0), Bits3(0x0), Bits3(0x0)],[Bits4(0x0), Bits4(0x0), Bits4(0x0), Bits4(0x0), Bits4(0x0), Bits4(0x0), Bits4(0x0), Bits4(0x0)],[Bits2(0x0), Bits2(0x0), Bits2(0x0), Bits2(0x0), Bits2(0x0), Bits2(0x0), Bits2(0x0), Bits2(0x0)],Bits3(0x0),Bits1(0x0),[Bits2(0x0), Bits2(0x0), Bits2(0x0), Bits2(0x0)],[Bits3(0x0), Bits3(0x0), Bits3(0x0), Bits3(0x0)],[Bits2(0x0), Bits2(0x0), Bits2(0x0), Bits2(0x0)],[Bits3(0x0), Bits3(0x0), Bits3(0x0), Bits3(0x0)]),Bits3(0x0))), IntraCgraPacket_4_4x1_16_8_2_CgraPayload(Bits5(0x00),Bits5(0x09),Bits2(0x0),Bits2(0x0),Bits2(0x0),Bits1(0x0),Bits2(0x0),Bits1(0x0),Bits8(0x00),Bits1(0x0),MultiCgraPayload_Cmd_Data_DataAddr_Ctrl_CtrlAddr(Bits6(0x05),CgraData_32_1_1_1(Bits32(0x00000001),Bits1(0x1),Bits1(0x0),Bits1(0x0)),Bits14(0x0000),CGRAConfig_7_4_2_4_4_3_4(Bits7(0x00),[Bits3(0x0), Bits3(0x0), Bits3(0x0), Bits3(0x0)],[Bits4(0x0), Bits4(0x0), Bits4(0x0), Bits4(0x0), Bits4(0x0), Bits4(0x0), Bits4(0x0), Bits4(0x0)],[Bits2(0x0), Bits2(0x0), Bits2(0x0), Bits2(0x0), Bits2(0x0), Bits2(0x0), Bits2(0x0), Bits2(0x0)],Bits3(0x0),Bits1(0x0),[Bits2(0x0), Bits2(0x0), Bits2(0x0), Bits2(0x0)],[Bits3(0x0), Bits3(0x0), Bits3(0x0), Bits3(0x0)],[Bits2(0x0), Bits2(0x0), Bits2(0x0), Bits2(0x0)],[Bits3(0x0), Bits3(0x0), Bits3(0x0), Bits3(0x0)]),Bits3(0x0))), IntraCgraPacket_4_4x1_16_8_2_CgraPayload(Bits5(0x00),Bits5(0x09),Bits2(0x0),Bits2(0x0),Bits2(0x0),Bits1(0x0),Bits2(0x0),Bits1(0x0),Bits8(0x00),Bits1(0x0),MultiCgraPayload_Cmd_Data_DataAddr_Ctrl_CtrlAddr(Bits6(0x06),CgraData_32_1_1_1(Bits32(0x00000001),Bits1(0x1),Bits1(0x0),Bits1(0x0)),Bits14(0x0000),CGRAConfig_7_4_2_4_4_3_4(Bits7(0x00),[Bits3(0x0), Bits3(0x0), Bits3(0x0), Bits3(0x0)],[Bits4(0x4), Bits4(0x0), Bits4(0x0), Bits4(0x0), Bits4(0x0), Bits4(0x0), Bits4(0x0), Bits4(0x0)],[Bits2(0x0), Bits2(0x0), Bits2(0x0), Bits2(0x0), Bits2(0x0), Bits2(0x0), Bits2(0x0), Bits2(0x0)],Bits3(0x0),Bits1(0x0),[Bits2(0x0), Bits2(0x0), Bits2(0x0), Bits2(0x0)],[Bits3(0x0), Bits3(0x0), Bits3(0x0), Bits3(0x0)],[Bits2(0x0), Bits2(0x0), Bits2(0x0), Bits2(0x0)],[Bits3(0x0), Bits3(0x0), Bits3(0x0), Bits3(0x0)]),Bits3(0x0))), IntraCgraPacket_4_4x1_16_8_2_CgraPayload(Bits5(0x00),Bits5(0x09),Bits2(0x0),Bits2(0x0),Bits2(0x0),Bits1(0x0),Bits2(0x0),Bits1(0x0),Bits8(0x00),Bits1(0x0),MultiCgraPayload_Cmd_Data_DataAddr_Ctrl_CtrlAddr(Bits6(0x04),CgraData_32_1_1_1(Bits32(0x00000001),Bits1(0x1),Bits1(0x0),Bits1(0x0)),Bits14(0x0000),CGRAConfig_7_4_2_4_4_3_4(Bits7(0x00),[Bits3(0x0), Bits3(0x0), Bits3(0x0), Bits3(0x0)],[Bits4(0x0), Bits4(0x0), Bits4(0x0), Bits4(0x0), Bits4(0x0), Bits4(0x0), Bits4(0x0), Bits4(0x0)],[Bits2(0x0), Bits2(0x0), Bits2(0x0), Bits2(0x0), Bits2(0x0), Bits2(0x0), Bits2(0x0), Bits2(0x0)],Bits3(0x0),Bits1(0x0),[Bits2(0x0), Bits2(0x0), Bits2(0x0), Bits2(0x0)],[Bits3(0x0), Bits3(0x0), Bits3(0x0), Bits3(0x0)],[Bits2(0x0), Bits2(0x0), Bits2(0x0), Bits2(0x0)],[Bits3(0x0), Bits3(0x0), Bits3(0x0), Bits3(0x0)]),Bits3(0x2))), IntraCgraPacket_4_4x1_16_8_2_CgraPayload(Bits5(0x00),Bits5(0x09),Bits2(0x0),Bits2(0x0),Bits2(0x0),Bits1(0x0),Bits2(0x0),Bits1(0x0),Bits8(0x00),Bits1(0x0),MultiCgraPayload_Cmd_Data_DataAddr_Ctrl_CtrlAddr(Bits6(0x05),CgraData_32_1_1_1(Bits32(0x00000001),Bits1(0x1),Bits1(0x0),Bits1(0x0)),Bits14(0x0000),CGRAConfig_7_4_2_4_4_3_4(Bits7(0x00),[Bits3(0x0), Bits3(0x0), Bits3(0x0), Bits3(0x0)],[Bits4(0x0), Bits4(0x0), Bits4(0x0), Bits4(0x0), Bits4(0x0), Bits4(0x0), Bits4(0x0), Bits4(0x0)],[Bits2(0x0), Bits2(0x0), Bits2(0x0), Bits2(0x0), Bits2(0x0), Bits2(0x0), Bits2(0x0), Bits2(0x0)],Bits3(0x0),Bits1(0x0),[Bits2(0x0), Bits2(0x0), Bits2(0x0), Bits2(0x0)],[Bits3(0x0), Bits3(0x0), Bits3(0x0), Bits3(0x0)],[Bits2(0x0), Bits2(0x0), Bits2(0x0), Bits2(0x0)],[Bits3(0x0), Bits3(0x0), Bits3(0x0), Bits3(0x0)]),Bits3(0x2))), IntraCgraPacket_4_4x1_16_8_2_CgraPayload(Bits5(0x00),Bits5(0x09),Bits2(0x0),Bits2(0x0),Bits2(0x0),Bits1(0x0),Bits2(0x0),Bits1(0x0),Bits8(0x00),Bits1(0x0),MultiCgraPayload_Cmd_Data_DataAddr_Ctrl_CtrlAddr(Bits6(0x06),CgraData_32_1_1_1(Bits32(0x00000001),Bits1(0x1),Bits1(0x0),Bits1(0x0)),Bits14(0x0000),CGRAConfig_7_4_2_4_4_3_4(Bits7(0x00),[Bits3(0x0), Bits3(0x0), Bits3(0x0), Bits3(0x0)],[Bits4(0x2), Bits4(0x0), Bits4(0x0), Bits4(0x0), Bits4(0x0), Bits4(0x0), Bits4(0x0), Bits4(0x0)],[Bits2(0x0), Bits2(0x0), Bits2(0x0), Bits2(0x0), Bits2(0x0), Bits2(0x0), Bits2(0x0), Bits2(0x0)],Bits3(0x0),Bits1(0x0),[Bits2(0x0), Bits2(0x0), Bits2(0x0), Bits2(0x0)],[Bits3(0x0), Bits3(0x0), Bits3(0x0), Bits3(0x0)],[Bits2(0x0), Bits2(0x0), Bits2(0x0), Bits2(0x0)],[Bits3(0x0), Bits3(0x0), Bits3(0x0), Bits3(0x0)]),Bits3(0x2))), IntraCgraPacket_4_4x1_16_8_2_CgraPayload(Bits5(0x00),Bits5(0x09),Bits2(0x0),Bits2(0x0),Bits2(0x0),Bits1(0x0),Bits2(0x0),Bits1(0x0),Bits8(0x00),Bits1(0x0),MultiCgraPayload_Cmd_Data_DataAddr_Ctrl_CtrlAddr(Bits6(0x06),CgraData_32_1_1_1(Bits32(0x00000002),Bits1(0x1),Bits1(0x0),Bits1(0x0)),Bits14(0x0000),CGRAConfig_7_4_2_4_4_3_4(Bits7(0x00),[Bits3(0x0), Bits3(0x0), Bits3(0x0), Bits3(0x0)],[Bits4(0x2), Bits4(0x0), Bits4(0x0), Bits4(0x0), Bits4(0x0), Bits4(0x0), Bits4(0x0), Bits4(0x0)],[Bits2(0x0), Bits2(0x0), Bits2(0x0), Bits2(0x0), Bits2(0x0), Bits2(0x0), Bits2(0x0), Bits2(0x0)],Bits3(0x0),Bits1(0x0),[Bits2(0x0), Bits2(0x0), Bits2(0x0), Bits2(0x0)],[Bits3(0x0), Bits3(0x0), Bits3(0x0), Bits3(0x0)],[Bits2(0x0), Bits2(0x0), Bits2(0x0), Bits2(0x0)],[Bits3(0x0), Bits3(0x0), Bits3(0x0), Bits3(0x0)]),Bits3(0x2))), IntraCgraPacket_4_4x1_16_8_2_CgraPayload(Bits5(0x00),Bits5(0x09),Bits2(0x0),Bits2(0x0),Bits2(0x0),Bits1(0x0),Bits2(0x0),Bits1(0x0),Bits8(0x00),Bits1(0x0),MultiCgraPayload_Cmd_Data_DataAddr_Ctrl_CtrlAddr(Bits6(0x00),CgraData_32_1_1_1(Bits32(0x00000000),Bits1(0x0),Bits1(0x0),Bits1(0x0)),Bits14(0x0000),CGRAConfig_7_4_2_4_4_3_4(Bits7(0x00),[Bits3(0x0), Bits3(0x0), Bits3(0x0), Bits3(0x0)],[Bits4(0x0), Bits4(0x0), Bits4(0x0), Bits4(0x0), Bits4(0x0), Bits4(0x0), Bits4(0x0), Bits4(0x0)],[Bits2(0x0), Bits2(0x0), Bits2(0x0), Bits2(0x0), Bits2(0x0), Bits2(0x0), Bits2(0x0), Bits2(0x0)],Bits3(0x0),Bits1(0x0),[Bits2(0x0), Bits2(0x0), Bits2(0x0), Bits2(0x0)],[Bits3(0x0), Bits3(0x0), Bits3(0x0), Bits3(0x0)],[Bits2(0x0), Bits2(0x0), Bits2(0x0), Bits2(0x0)],[Bits3(0x0), Bits3(0x0), Bits3(0x0), Bits3(0x0)]),Bits3(0x0)))], [IntraCgraPacket_4_4x1_16_8_2_CgraPayload(Bits5(0x00),Bits5(0x0a),Bits2(0x0),Bits2(0x0),Bits2(0x0),Bits1(0x0),Bits2(0x0),Bits1(0x0),Bits8(0x00),Bits1(0x0),MultiCgraPayload_Cmd_Data_DataAddr_Ctrl_CtrlAddr(Bits6(0x0d),CgraData_32_1_1_1(Bits32(0x00000001),Bits1(0x1),Bits1(0x0),Bits1(0x0)),Bits14(0x0000),CGRAConfig_7_4_2_4_4_3_4(Bits7(0x00),[Bits3(0x0), Bits3(0x0), Bits3(0x0), Bits3(0x0)],[Bits4(0x0), Bits4(0x0), Bits4(0x0), Bits4(0x0), Bits4(0x0), Bits4(0x0), Bits4(0x0), Bits4(0x0)],[Bits2(0x0), Bits2(0x0), Bits2(0x0), Bits2(0x0), Bits2(0x0), Bits2(0x0), Bits2(0x0), Bits2(0x0)],Bits3(0x0),Bits1(0x0),[Bits2(0x0), Bits2(0x0), Bits2(0x0), Bits2(0x0)],[Bits3(0x0), Bits3(0x0), Bits3(0x0), Bits3(0x0)],[Bits2(0x0), Bits2(0x0), Bits2(0x0), Bits2(0x0)],[Bits3(0x0), Bits3(0x0), Bits3(0x0), Bits3(0x0)]),Bits3(0x0))), IntraCgraPacket_4_4x1_16_8_2_CgraPayload(Bits5(0x00),Bits5(0x0a),Bits2(0x0),Bits2(0x0),Bits2(0x0),Bits1(0x0),Bits2(0x0),Bits1(0x0),Bits8(0x00),Bits1(0x0),MultiCgraPayload_Cmd_Data_DataAddr_Ctrl_CtrlAddr(Bits6(0x0d),CgraData_32_1_1_1(Bits32(0x00000006),Bits1(0x1),Bits1(0x0),Bits1(0x0)),Bits14(0x0000),CGRAConfig_7_4_2_4_4_3_4(Bits7(0x00),[Bits3(0x0), Bits3(0x0), Bits3(0x0), Bits3(0x0)],[Bits4(0x0), Bits4(0x0), Bits4(0x0), Bits4(0x0), Bits4(0x0), Bits4(0x0), Bits4(0x0), Bits4(0x0)],[Bits2(0x0), Bits2(0x0), Bits2(0x0), Bits2(0x0), Bits2(0x0), Bits2(0x0), Bits2(0x0), Bits2(0x0)],Bits3(0x0),Bits1(0x0),[Bits2(0x0), Bits2(0x0), Bits2(0x0), Bits2(0x0)],[Bits3(0x0), Bits3(0x0), Bits3(0x0), Bits3(0x0)],[Bits2(0x0), Bits2(0x0), Bits2(0x0), Bits2(0x0)],[Bits3(0x0), Bits3(0x0), Bits3(0x0), Bits3(0x0)]),Bits3(0x0))), IntraCgraPacket_4_4x1_16_8_2_CgraPayload(Bits5(0x00),Bits5(0x0a),Bits2(0x0),Bits2(0x0),Bits2(0x0),Bits1(0x0),Bits2(0x0),Bits1(0x0),Bits8(0x00),Bits1(0x0),MultiCgraPayload_Cmd_Data_DataAddr_Ctrl_CtrlAddr(Bits6(0x08),CgraData_32_1_1_1(Bits32(0x00000005),Bits1(0x1),Bits1(0x0),Bits1(0x0)),Bits14(0x0000),CGRAConfig_7_4_2_4_4_3_4(Bits7(0x00),[Bits3(0x0), Bits3(0x0), Bits3(0x0), Bits3(0x0)],[Bits4(0x0), Bits4(0x0), Bits4(0x0), Bits4(0x0), Bits4(0x0), Bits4(0x0), Bits4(0x0), Bits4(0x0)],[Bits2(0x0), Bits2(0x0), Bits2(0x0), Bits2(0x0), Bits2(0x0), Bits2(0x0), Bits2(0x0), Bits2(0x0)],Bits3(0x0),Bits1(0x0),[Bits2(0x0), Bits2(0x0), Bits2(0x0), Bits2(0x0)],[Bits3(0x0), Bits3(0x0), Bits3(0x0), Bits3(0x0)],[Bits2(0x0), Bits2(0x0), Bits2(0x0), Bits2(0x0)],[Bits3(0x0), Bits3(0x0), Bits3(0x0), Bits3(0x0)]),Bits3(0x0))), IntraCgraPacket_4_4x1_16_8_2_CgraPayload(Bits5(0x00),Bits5(0x0a),Bits2(0x0),Bits2(0x0),Bits2(0x0),Bits1(0x0),Bits2(0x0),Bits1(0x0),Bits8(0x00),Bits1(0x0),MultiCgraPayload_Cmd_Data_DataAddr_Ctrl_CtrlAddr(Bits6(0x07),CgraData_32_1_1_1(Bits32(0x00000028),Bits1(0x1),Bits1(0x0),Bits1(0x0)),Bits14(0x0000),CGRAConfig_7_4_2_4_4_3_4(Bits7(0x00),[Bits3(0x0), Bits3(0x0), Bits3(0x0), Bits3(0x0)],[Bits4(0x0), Bits4(0x0), Bits4(0x0), Bits4(0x0), Bits4(0x0), Bits4(0x0), Bits4(0x0), Bits4(0x0)],[Bits2(0x0), Bits2(0x0), Bits2(0x0), Bits2(0x0), Bits2(0x0), Bits2(0x0), Bits2(0x0), Bits2(0x0)],Bits3(0x0),Bits1(0x0),[Bits2(0x0), Bits2(0x0), Bits2(0x0), Bits2(0x0)],[Bits3(0x0), Bits3(0x0), Bits3(0x0), Bits3(0x0)],[Bits2(0x0), Bits2(0x0), Bits2(0x0), Bits2(0x0)],[Bits3(0x0), Bits3(0x0), Bits3(0x0), Bits3(0x0)]),Bits3(0x0))), IntraCgraPacket_4_4x1_16_8_2_CgraPayload(Bits5(0x00),Bits5(0x0a),Bits2(0x0),Bits2(0x0),Bits2(0x0),Bits1(0x0),Bits2(0x0),Bits1(0x0),Bits8(0x00),Bits1(0x0),MultiCgraPayload_Cmd_Data_DataAddr_Ctrl_CtrlAddr(Bits6(0x03),CgraData_32_1_1_1(Bits32(0x00000000),Bits1(0x0),Bits1(0x0),Bits1(0x0)),Bits14(0x0000),CGRAConfig_7_4_2_4_4_3_4(Bits7(0x10),[Bits3(0x2), Bits3(0x1), Bits3(0x0), Bits3(0x0)],[Bits4(0x0), Bits4(0x3), Bits4(0x0), Bits4(0x0), Bits4(0x0), Bits4(0x0), Bits4(0x0), Bits4(0x0)],[Bits2(0x0), Bits2(0x0), Bits2(0x0), Bits2(0x0), Bits2(0x1), Bits2(0x0), Bits2(0x0), Bits2(0x0)],Bits3(0x0),Bits1(0x0),[Bits2(0x2), Bits2(0x0), Bits2(0x0), Bits2(0x0)],[Bits3(0x0), Bits3(0x0), Bits3(0x0), Bits3(0x0)],[Bits2(0x1), Bits2(0x1), Bits2(0x0), Bits2(0x0)],[Bits3(0x0), Bits3(0x0), Bits3(0x0), Bits3(0x0)]),Bits3(0x0))), IntraCgraPacket_4_4x1_16_8_2_CgraPayload(Bits5(0x00),Bits5(0x0a),Bits2(0x0),Bits2(0x0),Bits2(0x0),Bits1(0x0),Bits2(0x0),Bits1(0x0),Bits8(0x00),Bits1(0x0),MultiCgraPayload_Cmd_Data_DataAddr_Ctrl_CtrlAddr(Bits6(0x03),CgraData_32_1_1_1(Bits32(0x00000000),Bits1(0x0),Bits1(0x0),Bits1(0x0)),Bits14(0x0000),CGRAConfig_7_4_2_4_4_3_4(Bits7(0x54),[Bits3(0x2), Bits3(0x1), Bits3(0x0), Bits3(0x0)],[Bits4(0x0), Bits4(0x0), Bits4(0x4), Bits4(0x0), Bits4(0x0), Bits4(0x4), Bits4(0x0), Bits4(0x0)],[Bits2(0x0), Bits2(0x0), Bits2(0x0), Bits2(0x1), Bits2(0x1), Bits2(0x0), Bits2(0x0), Bits2(0x0)],Bits3(0x0),Bits1(0x0),[Bits2(0x2), Bits2(0x0), Bits2(0x0), Bits2(0x0)],[Bits3(0x0), Bits3(0x0), Bits3(0x0), Bits3(0x0)],[Bits2(0x1), Bits2(0x0), Bits2(0x0), Bits2(0x0)],[Bits3(0x0), Bits3(0x0), Bits3(0x0), Bits3(0x0)]),Bits3(0x1))), IntraCgraPacket_4_4x1_16_8_2_CgraPayload(Bits5(0x00),Bits5(0x0a),Bits2(0x0),Bits2(0x0),Bits2(0x0),Bits1(0x0),Bits2(0x0),Bits1(0x0),Bits8(0x00),Bits1(0x0),MultiCgraPayload_Cmd_Data_DataAddr_Ctrl_CtrlAddr(Bits6(0x03),CgraData_32_1_1_1(Bits32(0x00000000),Bits1(0x0),Bits1(0x0),Bits1(0x0)),Bits14(0x0000),CGRAConfig_7_4_2_4_4_3_4(Bits7(0x19),[Bits3(0x1), Bits3(0x0), Bits3(0x0), Bits3(0x0)],[Bits4(0x0), Bits4(0x0), Bits4(0x0), Bits4(0x0), Bits4(0x0), Bits4(0x0), Bits4(0x0), Bits4(0x0)],[Bits2(0x0), Bits2(0x0), Bits2(0x0), Bits2(0x0), Bits2(0x1), Bits2(0x1), Bits2(0x0), Bits2(0x0)],Bits3(0x0),Bits1(0x0),[Bits2(0x2), Bits2(0x2), Bits2(0x0), Bits2(0x0)],[Bits3(0x0), Bits3(0x0), Bits3(0x0), Bits3(0x0)],[Bits2(0x1), Bits2(0x0), Bits2(0x0), Bits2(0x0)],[Bits3(0x0), Bits3(0x0), Bits3(0x0), Bits3(0x0)]),Bits3(0x2))), IntraCgraPacket_4_4x1_16_8_2_CgraPayload(Bits5(0x00),Bits5(0x0a),Bits2(0x0),Bits2(0x0),Bits2(0x0),Bits1(0x0),Bits2(0x0),Bits1(0x0),Bits8(0x00),Bits1(0x0),MultiCgraPayload_Cmd_Data_DataAddr_Ctrl_CtrlAddr(Bits6(0x03),CgraData_32_1_1_1(Bits32(0x00000000),Bits1(0x0),Bits1(0x0),Bits1(0x0)),Bits14(0x0000),CGRAConfig_7_4_2_4_4_3_4(Bits7(0x21),[Bits3(0x1), Bits3(0x0), Bits3(0x0), Bits3(0x0)],[Bits4(0x0), Bits4(0x3), Bits4(0x0), Bits4(0x0), Bits4(0x0), Bits4(0x0), Bits4(0x0), Bits4(0x0)],[Bits2(0x0), Bits2(0x0), Bits2(0x1), Bits2(0x0), Bits2(0x1), Bits2(0x0), Bits2(0x0), Bits2(0x0)],Bits3(0x0),Bits1(0x0),[Bits2(0x2), Bits2(0x0), Bits2(0x0), Bits2(0x0)],[Bits3(0x0), Bits3(0x0), Bits3(0x0), Bits3(0x0)],[Bits2(0x1), Bits2(0x0), Bits2(0x0), Bits2(0x0)],[Bits3(0x0), Bits3(0x0), Bits3(0x0), Bits3(0x0)]),Bits3(0x3))), IntraCgraPacket_4_4x1_16_8_2_CgraPayload(Bits5(0x00),Bits5(0x0a),Bits2(0x0),Bits2(0x0),Bits2(0x0),Bits1(0x0),Bits2(0x0),Bits1(0x0),Bits8(0x00),Bits1(0x0),MultiCgraPayload_Cmd_Data_DataAddr_Ctrl_CtrlAddr(Bits6(0x03),CgraData_32_1_1_1(Bits32(0x00000000),Bits1(0x0),Bits1(0x0),Bits1(0x0)),Bits14(0x0000),CGRAConfig_7_4_2_4_4_3_4(Bits7(0x0b),[Bits3(0x1), Bits3(0x0), Bits3(0x0), Bits3(0x0)],[Bits4(0x0), Bits4(0x0), Bits4(0x0), Bits4(0x0), Bits4(0x0), Bits4(0x0), Bits4(0x0), Bits4(0x0)],[Bits2(0x0), Bits2(0x0), Bits2(0x1), Bits2(0x0), Bits2(0x1), Bits2(0x0), Bits2(0x0), Bits2(0x0)],Bits3(0x0),Bits1(0x0),[Bits2(0x2), Bits2(0x0), Bits2(0x0), Bits2(0x0)],[Bits3(0x0), Bits3(0x0), Bits3(0x0), Bits3(0x0)],[Bits2(0x1), Bits2(0x0), Bits2(0x0), Bits2(0x0)],[Bits3(0x0), Bits3(0x0), Bits3(0x0), Bits3(0x0)]),Bits3(0x4))), IntraCgraPacket_4_4x1_16_8_2_CgraPayload(Bits5(0x00),Bits5(0x0a),Bits2(0x0),Bits2(0x0),Bits2(0x0),Bits1(0x0),Bits2(0x0),Bits1(0x0),Bits8(0x00),Bits1(0x0),MultiCgraPayload_Cmd_Data_DataAddr_Ctrl_CtrlAddr(Bits6(0x04),CgraData_32_1_1_1(Bits32(0x00000001),Bits1(0x1),Bits1(0x0),Bits1(0x0)),Bits14(0x0000),CGRAConfig_7_4_2_4_4_3_4(Bits7(0x00),[Bits3(0x0), Bits3(0x0), Bits3(0x0), Bits3(0x0)],[Bits4(0x0), Bits4(0x0), Bits4(0x0), Bits4(0x0), Bits4(0x0), Bits4(0x0), Bits4(0x0), Bits4(0x0)],[Bits2(0x0), Bits2(0x0), Bits2(0x0), Bits2(0x0), Bits2(0x0), Bits2(0x0), Bits2(0x0), Bits2(0x0)],Bits3(0x0),Bits1(0x0),[Bits2(0x0), Bits2(0x0), Bits2(0x0), Bits2(0x0)],[Bits3(0x0), Bits3(0x0), Bits3(0x0), Bits3(0x0)],[Bits2(0x0), Bits2(0x0), Bits2(0x0), Bits2(0x0)],[Bits3(0x0), Bits3(0x0), Bits3(0x0), Bits3(0x0)]),Bits3(0x0))), IntraCgraPacket_4_4x1_16_8_2_CgraPayload(Bits5(0x00),Bits5(0x0a),Bits2(0x0),Bits2(0x0),Bits2(0x0),Bits1(0x0),Bits2(0x0),Bits1(0x0),Bits8(0x00),Bits1(0x0),MultiCgraPayload_Cmd_Data_DataAddr_Ctrl_CtrlAddr(Bits6(0x05),CgraData_32_1_1_1(Bits32(0x00000001),Bits1(0x1),Bits1(0x0),Bits1(0x0)),Bits14(0x0000),CGRAConfig_7_4_2_4_4_3_4(Bits7(0x00),[Bits3(0x0), Bits3(0x0), Bits3(0x0), Bits3(0x0)],[Bits4(0x0), Bits4(0x0), Bits4(0x0), Bits4(0x0), Bits4(0x0), Bits4(0x0), Bits4(0x0), Bits4(0x0)],[Bits2(0x0), Bits2(0x0), Bits2(0x0), Bits2(0x0), Bits2(0x0), Bits2(0x0), Bits2(0x0), Bits2(0x0)],Bits3(0x0),Bits1(0x0),[Bits2(0x0), Bits2(0x0), Bits2(0x0), Bits2(0x0)],[Bits3(0x0), Bits3(0x0), Bits3(0x0), Bits3(0x0)],[Bits2(0x0), Bits2(0x0), Bits2(0x0), Bits2(0x0)],[Bits3(0x0), Bits3(0x0), Bits3(0x0), Bits3(0x0)]),Bits3(0x0))), IntraCgraPacket_4_4x1_16_8_2_CgraPayload(Bits5(0x00),Bits5(0x0a),Bits2(0x0),Bits2(0x0),Bits2(0x0),Bits1(0x0),Bits2(0x0),Bits1(0x0),Bits8(0x00),Bits1(0x0),MultiCgraPayload_Cmd_Data_DataAddr_Ctrl_CtrlAddr(Bits6(0x06),CgraData_32_1_1_1(Bits32(0x00000001),Bits1(0x1),Bits1(0x0),Bits1(0x0)),Bits14(0x0000),CGRAConfig_7_4_2_4_4_3_4(Bits7(0x00),[Bits3(0x0), Bits3(0x0), Bits3(0x0), Bits3(0x0)],[Bits4(0x3), Bits4(0x0), Bits4(0x0), Bits4(0x0), Bits4(0x0), Bits4(0x0), Bits4(0x0), Bits4(0x0)],[Bits2(0x0), Bits2(0x0), Bits2(0x0), Bits2(0x0), Bits2(0x0), Bits2(0x0), Bits2(0x0), Bits2(0x0)],Bits3(0x0),Bits1(0x0),[Bits2(0x0), Bits2(0x0), Bits2(0x0), Bits2(0x0)],[Bits3(0x0), Bits3(0x0), Bits3(0x0), Bits3(0x0)],[Bits2(0x0), Bits2(0x0), Bits2(0x0), Bits2(0x0)],[Bits3(0x0), Bits3(0x0), Bits3(0x0), Bits3(0x0)]),Bits3(0x0))), IntraCgraPacket_4_4x1_16_8_2_CgraPayload(Bits5(0x00),Bits5(0x0a),Bits2(0x0),Bits2(0x0),Bits2(0x0),Bits1(0x0),Bits2(0x0),Bits1(0x0),Bits8(0x00),Bits1(0x0),MultiCgraPayload_Cmd_Data_DataAddr_Ctrl_CtrlAddr(Bits6(0x06),CgraData_32_1_1_1(Bits32(0x00000001),Bits1(0x1),Bits1(0x0),Bits1(0x0)),Bits14(0x0000),CGRAConfig_7_4_2_4_4_3_4(Bits7(0x00),[Bits3(0x0), Bits3(0x0), Bits3(0x0), Bits3(0x0)],[Bits4(0x3), Bits4(0x0), Bits4(0x0), Bits4(0x0), Bits4(0x0), Bits4(0x0), Bits4(0x0), Bits4(0x0)],[Bits2(0x0), Bits2(0x0), Bits2(0x0), Bits2(0x0), Bits2(0x0), Bits2(0x0), Bits2(0x0), Bits2(0x0)],Bits3(0x0),Bits1(0x0),[Bits2(0x0), Bits2(0x0), Bits2(0x0), Bits2(0x0)],[Bits3(0x0), Bits3(0x0), Bits3(0x0), Bits3(0x0)],[Bits2(0x0), Bits2(0x0), Bits2(0x0), Bits2(0x0)],[Bits3(0x0), Bits3(0x0), Bits3(0x0), Bits3(0x0)]),Bits3(0x3))), IntraCgraPacket_4_4x1_16_8_2_CgraPayload(Bits5(0x00),Bits5(0x0a),Bits2(0x0),Bits2(0x0),Bits2(0x0),Bits1(0x0),Bits2(0x0),Bits1(0x0),Bits8(0x00),Bits1(0x0),MultiCgraPayload_Cmd_Data_DataAddr_Ctrl_CtrlAddr(Bits6(0x00),CgraData_32_1_1_1(Bits32(0x00000000),Bits1(0x0),Bits1(0x0),Bits1(0x0)),Bits14(0x0000),CGRAConfig_7_4_2_4_4_3_4(Bits7(0x00),[Bits3(0x0), Bits3(0x0), Bits3(0x0), Bits3(0x0)],[Bits4(0x0), Bits4(0x0), Bits4(0x0), Bits4(0x0), Bits4(0x0), Bits4(0x0), Bits4(0x0), Bits4(0x0)],[Bits2(0x0), Bits2(0x0), Bits2(0x0), Bits2(0x0), Bits2(0x0), Bits2(0x0), Bits2(0x0), Bits2(0x0)],Bits3(0x0),Bits1(0x0),[Bits2(0x0), Bits2(0x0), Bits2(0x0), Bits2(0x0)],[Bits3(0x0), Bits3(0x0), Bits3(0x0), Bits3(0x0)],[Bits2(0x0), Bits2(0x0), Bits2(0x0), Bits2(0x0)],[Bits3(0x0), Bits3(0x0), Bits3(0x0), Bits3(0x0)]),Bits3(0x0)))], [IntraCgraPacket_4_4x1_16_8_2_CgraPayload(Bits5(0x00),Bits5(0x0b),Bits2(0x0),Bits2(0x0),Bits2(0x0),Bits1(0x0),Bits2(0x0),Bits1(0x0),Bits8(0x00),Bits1(0x0),MultiCgraPayload_Cmd_Data_DataAddr_Ctrl_CtrlAddr(Bits6(0x0d),CgraData_32_1_1_1(Bits32(0x00000000),Bits1(0x1),Bits1(0x0),Bits1(0x0)),Bits14(0x0000),CGRAConfig_7_4_2_4_4_3_4(Bits7(0x00),[Bits3(0x0), Bits3(0x0), Bits3(0x0), Bits3(0x0)],[Bits4(0x0), Bits4(0x0), Bits4(0x0), Bits4(0x0), Bits4(0x0), Bits4(0x0), Bits4(0x0), Bits4(0x0)],[Bits2(0x0), Bits2(0x0), Bits2(0x0), Bits2(0x0), Bits2(0x0), Bits2(0x0), Bits2(0x0), Bits2(0x0)],Bits3(0x0),Bits1(0x0),[Bits2(0x0), Bits2(0x0), Bits2(0x0), Bits2(0x0)],[Bits3(0x0), Bits3(0x0), Bits3(0x0), Bits3(0x0)],[Bits2(0x0), Bits2(0x0), Bits2(0x0), Bits2(0x0)],[Bits3(0x0), Bits3(0x0), Bits3(0x0), Bits3(0x0)]),Bits3(0x0))), IntraCgraPacket_4_4x1_16_8_2_CgraPayload(Bits5(0x00),Bits5(0x0b),Bits2(0x0),Bits2(0x0),Bits2(0x0),Bits1(0x0),Bits2(0x0),Bits1(0x0),Bits8(0x00),Bits1(0x0),MultiCgraPayload_Cmd_Data_DataAddr_Ctrl_CtrlAddr(Bits6(0x0d),CgraData_32_1_1_1(Bits32(0x00000003),Bits1(0x1),Bits1(0x0),Bits1(0x0)),Bits14(0x0000),CGRAConfig_7_4_2_4_4_3_4(Bits7(0x00),[Bits3(0x0), Bits3(0x0), Bits3(0x0), Bits3(0x0)],[Bits4(0x0), Bits4(0x0), Bits4(0x0), Bits4(0x0), Bits4(0x0), Bits4(0x0), Bits4(0x0), Bits4(0x0)],[Bits2(0x0), Bits2(0x0), Bits2(0x0), Bits2(0x0), Bits2(0x0), Bits2(0x0), Bits2(0x0), Bits2(0x0)],Bits3(0x0),Bits1(0x0),[Bits2(0x0), Bits2(0x0), Bits2(0x0), Bits2(0x0)],[Bits3(0x0), Bits3(0x0), Bits3(0x0), Bits3(0x0)],[Bits2(0x0), Bits2(0x0), Bits2(0x0), Bits2(0x0)],[Bits3(0x0), Bits3(0x0), Bits3(0x0), Bits3(0x0)]),Bits3(0x0))), IntraCgraPacket_4_4x1_16_8_2_CgraPayload(Bits5(0x00),Bits5(0x0b),Bits2(0x0),Bits2(0x0),Bits2(0x0),Bits1(0x0),Bits2(0x0),Bits1(0x0),Bits8(0x00),Bits1(0x0),MultiCgraPayload_Cmd_Data_DataAddr_Ctrl_CtrlAddr(Bits6(0x08),CgraData_32_1_1_1(Bits32(0x00000005),Bits1(0x1),Bits1(0x0),Bits1(0x0)),Bits14(0x0000),CGRAConfig_7_4_2_4_4_3_4(Bits7(0x00),[Bits3(0x0), Bits3(0x0), Bits3(0x0), Bits3(0x0)],[Bits4(0x0), Bits4(0x0), Bits4(0x0), Bits4(0x0), Bits4(0x0), Bits4(0x0), Bits4(0x0), Bits4(0x0)],[Bits2(0x0), Bits2(0x0), Bits2(0x0), Bits2(0x0), Bits2(0x0), Bits2(0x0), Bits2(0x0), Bits2(0x0)],Bits3(0x0),Bits1(0x0),[Bits2(0x0), Bits2(0x0), Bits2(0x0), Bits2(0x0)],[Bits3(0x0), Bits3(0x0), Bits3(0x0), Bits3(0x0)],[Bits2(0x0), Bits2(0x0), Bits2(0x0), Bits2(0x0)],[Bits3(0x0), Bits3(0x0), Bits3(0x0), Bits3(0x0)]),Bits3(0x0))), IntraCgraPacket_4_4x1_16_8_2_CgraPayload(Bits5(0x00),Bits5(0x0b),Bits2(0x0),Bits2(0x0),Bits2(0x0),Bits1(0x0),Bits2(0x0),Bits1(0x0),Bits8(0x00),Bits1(0x0),MultiCgraPayload_Cmd_Data_DataAddr_Ctrl_CtrlAddr(Bits6(0x07),CgraData_32_1_1_1(Bits32(0x00000028),Bits1(0x1),Bits1(0x0),Bits1(0x0)),Bits14(0x0000),CGRAConfig_7_4_2_4_4_3_4(Bits7(0x00),[Bits3(0x0), Bits3(0x0), Bits3(0x0), Bits3(0x0)],[Bits4(0x0), Bits4(0x0), Bits4(0x0), Bits4(0x0), Bits4(0x0), Bits4(0x0), Bits4(0x0), Bits4(0x0)],[Bits2(0x0), Bits2(0x0), Bits2(0x0), Bits2(0x0), Bits2(0x0), Bits2(0x0), Bits2(0x0), Bits2(0x0)],Bits3(0x0),Bits1(0x0),[Bits2(0x0), Bits2(0x0), Bits2(0x0), Bits2(0x0)],[Bits3(0x0), Bits3(0x0), Bits3(0x0), Bits3(0x0)],[Bits2(0x0), Bits2(0x0), Bits2(0x0), Bits2(0x0)],[Bits3(0x0), Bits3(0x0), Bits3(0x0), Bits3(0x0)]),Bits3(0x0))), IntraCgraPacket_4_4x1_16_8_2_CgraPayload(Bits5(0x00),Bits5(0x0b),Bits2(0x0),Bits2(0x0),Bits2(0x0),Bits1(0x0),Bits2(0x0),Bits1(0x0),Bits8(0x00),Bits1(0x0),MultiCgraPayload_Cmd_Data_DataAddr_Ctrl_CtrlAddr(Bits6(0x03),CgraData_32_1_1_1(Bits32(0x00000000),Bits1(0x0),Bits1(0x0),Bits1(0x0)),Bits14(0x0000),CGRAConfig_7_4_2_4_4_3_4(Bits7(0x58),[Bits3(0x0), Bits3(0x0), Bits3(0x0), Bits3(0x0)],[Bits4(0x0), Bits4(0x0), Bits4(0x0), Bits4(0x0), Bits4(0x0), Bits4(0x0), Bits4(0x0), Bits4(0x0)],[Bits2(0x0), Bits2(0x0), Bits2(0x1), Bits2(0x0), Bits2(0x0), Bits2(0x0), Bits2(0x0), Bits2(0x0)],Bits3(0x0),Bits1(0x0),[Bits2(0x0), Bits2(0x0), Bits2(0x0), Bits2(0x0)],[Bits3(0x0), Bits3(0x0), Bits3(0x0), Bits3(0x0)],[Bits2(0x0), Bits2(0x0), Bits2(0x0), Bits2(0x0)],[Bits3(0x0), Bits3(0x0), Bits3(0x0), Bits3(0x0)]),Bits3(0x0))), IntraCgraPacket_4_4x1_16_8_2_CgraPayload(Bits5(0x00),Bits5(0x0b),Bits2(0x0),Bits2(0x0),Bits2(0x0),Bits1(0x0),Bits2(0x0),Bits1(0x0),Bits8(0x00),Bits1(0x0),MultiCgraPayload_Cmd_Data_DataAddr_Ctrl_CtrlAddr(Bits6(0x03),CgraData_32_1_1_1(Bits32(0x00000000),Bits1(0x0),Bits1(0x0),Bits1(0x0)),Bits14(0x0000),CGRAConfig_7_4_2_4_4_3_4(Bits7(0x01),[Bits3(0x1), Bits3(0x2), Bits3(0x3), Bits3(0x4)],[Bits4(0x0), Bits4(0x0), Bits4(0x0), Bits4(0x0), Bits4(0x0), Bits4(0x0), Bits4(0x0), Bits4(0x0)],[Bits2(0x0), Bits2(0x0), Bits2(0x0), Bits2(0x0), Bits2(0x0), Bits2(0x0), Bits2(0x0), Bits2(0x0)],Bits3(0x0),Bits1(0x0),[Bits2(0x0), Bits2(0x0), Bits2(0x0), Bits2(0x0)],[Bits3(0x0), Bits3(0x0), Bits3(0x0), Bits3(0x0)],[Bits2(0x0), Bits2(0x0), Bits2(0x0), Bits2(0x0)],[Bits3(0x0), Bits3(0x0), Bits3(0x0), Bits3(0x0)]),Bits3(0x1))), IntraCgraPacket_4_4x1_16_8_2_CgraPayload(Bits5(0x00),Bits5(0x0b),Bits2(0x0),Bits2(0x0),Bits2(0x0),Bits1(0x0),Bits2(0x0),Bits1(0x0),Bits8(0x00),Bits1(0x0),MultiCgraPayload_Cmd_Data_DataAddr_Ctrl_CtrlAddr(Bits6(0x03),CgraData_32_1_1_1(Bits32(0x00000000),Bits1(0x0),Bits1(0x0),Bits1(0x0)),Bits14(0x0000),CGRAConfig_7_4_2_4_4_3_4(Bits7(0x1f),[Bits3(0x1), Bits3(0x0), Bits3(0x0), Bits3(0x0)],[Bits4(0x0), Bits4(0x0), Bits4(0x0), Bits4(0x0), Bits4(0x3), Bits4(0x0), Bits4(0x0), Bits4(0x0)],[Bits2(0x0), Bits2(0x1), Bits2(0x0), Bits2(0x0), Bits2(0x1), Bits2(0x0), Bits2(0x0), Bits2(0x0)],Bits3(0x0),Bits1(0x0),[Bits2(0x2), Bits2(0x0), Bits2(0x0), Bits2(0x0)],[Bits3(0x0), Bits3(0x0), Bits3(0x0), Bits3(0x0)],[Bits2(0x0), Bits2(0x0), Bits2(0x0), Bits2(0x0)],[Bits3(0x0), Bits3(0x0), Bits3(0x0), Bits3(0x0)]),Bits3(0x2))), IntraCgraPacket_4_4x1_16_8_2_CgraPayload(Bits5(0x00),Bits5(0x0b),Bits2(0x0),Bits2(0x0),Bits2(0x0),Bits1(0x0),Bits2(0x0),Bits1(0x0),Bits8(0x00),Bits1(0x0),MultiCgraPayload_Cmd_Data_DataAddr_Ctrl_CtrlAddr(Bits6(0x03),CgraData_32_1_1_1(Bits32(0x00000000),Bits1(0x0),Bits1(0x0),Bits1(0x0)),Bits14(0x0000),CGRAConfig_7_4_2_4_4_3_4(Bits7(0x2c),[Bits3(0x1), Bits3(0x0), Bits3(0x0), Bits3(0x0)],[Bits4(0x0), Bits4(0x0), Bits4(0x0), Bits4(0x0), Bits4(0x0), Bits4(0x0), Bits4(0x0), Bits4(0x0)],[Bits2(0x0), Bits2(0x0), Bits2(0x0), Bits2(0x0), Bits2(0x1), Bits2(0x0), Bits2(0x0), Bits2(0x0)],Bits3(0x0),Bits1(0x0),[Bits2(0x2), Bits2(0x0), Bits2(0x0), Bits2(0x0)],[Bits3(0x0), Bits3(0x0), Bits3(0x0), Bits3(0x0)],[Bits2(0x1), Bits2(0x0), Bits2(0x0), Bits2(0x0)],[Bits3(0x0), Bits3(0x0), Bits3(0x0), Bits3(0x0)]),Bits3(0x3))), IntraCgraPacket_4_4x1_16_8_2_CgraPayload(Bits5(0x00),Bits5(0x0b),Bits2(0x0),Bits2(0x0),Bits2(0x0),Bits1(0x0),Bits2(0x0),Bits1(0x0),Bits8(0x00),Bits1(0x0),MultiCgraPayload_Cmd_Data_DataAddr_Ctrl_CtrlAddr(Bits6(0x03),CgraData_32_1_1_1(Bits32(0x00000000),Bits1(0x0),Bits1(0x0),Bits1(0x0)),Bits14(0x0000),CGRAConfig_7_4_2_4_4_3_4(Bits7(0x1f),[Bits3(0x1), Bits3(0x0), Bits3(0x0), Bits3(0x0)],[Bits4(0x0), Bits4(0x0), Bits4(0x0), Bits4(0x0), Bits4(0x0), Bits4(0x0), Bits4(0x0), Bits4(0x0)],[Bits2(0x0), Bits2(0x1), Bits2(0x0), Bits2(0x0), Bits2(0x0), Bits2(0x0), Bits2(0x0), Bits2(0x0)],Bits3(0x0),Bits1(0x0),[Bits2(0x0), Bits2(0x0), Bits2(0x0), Bits2(0x0)],[Bits3(0x0), Bits3(0x0), Bits3(0x0), Bits3(0x0)],[Bits2(0x1), Bits2(0x0), Bits2(0x0), Bits2(0x0)],[Bits3(0x0), Bits3(0x0), Bits3(0x0), Bits3(0x0)]),Bits3(0x4))), IntraCgraPacket_4_4x1_16_8_2_CgraPayload(Bits5(0x00),Bits5(0x0b),Bits2(0x0),Bits2(0x0),Bits2(0x0),Bits1(0x0),Bits2(0x0),Bits1(0x0),Bits8(0x00),Bits1(0x0),MultiCgraPayload_Cmd_Data_DataAddr_Ctrl_CtrlAddr(Bits6(0x00),CgraData_32_1_1_1(Bits32(0x00000000),Bits1(0x0),Bits1(0x0),Bits1(0x0)),Bits14(0x0000),CGRAConfig_7_4_2_4_4_3_4(Bits7(0x00),[Bits3(0x0), Bits3(0x0), Bits3(0x0), Bits3(0x0)],[Bits4(0x0), Bits4(0x0), Bits4(0x0), Bits4(0x0), Bits4(0x0), Bits4(0x0), Bits4(0x0), Bits4(0x0)],[Bits2(0x0), Bits2(0x0), Bits2(0x0), Bits2(0x0), Bits2(0x0), Bits2(0x0), Bits2(0x0), Bits2(0x0)],Bits3(0x0),Bits1(0x0),[Bits2(0x0), Bits2(0x0), Bits2(0x0), Bits2(0x0)],[Bits3(0x0), Bits3(0x0), Bits3(0x0), Bits3(0x0)],[Bits2(0x0), Bits2(0x0), Bits2(0x0), Bits2(0x0)],[Bits3(0x0), Bits3(0x0), Bits3(0x0), Bits3(0x0)]),Bits3(0x0)))]]
[cyc=   0] t2*a0:0x00t0e0r0f0q0c000p0 | t3*a0:0x00t0e0r0f0q0c000p0 | t5*a0:0x00t0e0r0f0q0c000p0 | t6*a0:0x00t0e0r0f0q0c000p0 | t7*a0:0x00t0e0r0f0q0c000p0 | t9*a0:0x00t0e0r0f0q0c000p0 | t10*a0:0x00t0e0r0f0q0c000p0 | t11*a0:0x00t0e0r0f0q0c000p0
[cyc=   1] t2 a0:0x00t0e0r0f0q0c000p0 | t3 a0:0x00t0e0r0f0q0c000p0 | t5 a0:0x00t0e0r0f0q0c000p0 | t6 a0:0x00t0e0r0f0q0c000p0 | t7 a0:0x00t0e0r0f0q0c000p0 | t9 a0:0x00t0e0r0f0q0c000p0 | t10 a0:0x00t0e0r0f0q0c000p0 | t11 a0:0x00t0e0r0f0q0c000p0
[cyc=   2] t2 a0:0x00t0e0r0f0q0c000p0 | t3 a0:0x00t0e0r0f0q0c000p0 | t5 a0:0x00t0e0r0f0q0c000p0 | t6 a0:0x00t0e0r0f0q0c000p0 | t7 a0:0x00t0e0r0f0q0c000p0 | t9 a0:0x00t0e0r0f0q0c000p0 | t10 a0:0x00t0e0r0f0q0c000p0 | t11 a0:0x00t0e0r0f0q0c000p0
[cyc=   3] t2 a0:0x00t0e0r0f0q0c000p0 | t3 a0:0x00t0e0r0f0q0c000p0 | t5 a0:0x00t0e0r0f0q0c000p0 | t6 a0:0x00t0e0r0f0q0c000p0 | t7 a0:0x00t0e0r0f0q0c000p0 | t9 a0:0x00t0e0r0f0q0c000p0 | t10 a0:0x00t0e0r0f0q0c000p0 | t11 a0:0x00t0e0r0f0q0c000p0
[cyc=   4] t2 a0:0x00t0e0r0f0q0c000p0 | t3 a0:0x00t0e0r0f0q0c000p0 | t5 a0:0x00t0e0r0f0q0c000p0 | t6 a0:0x00t0e0r0f0q0c000p0 | t7 a0:0x00t0e0r0f0q0c000p0 | t9 a0:0x00t0e0r0f0q0c000p0 | t10 a0:0x00t0e0r0f0q0c000p0 | t11 a0:0x00t0e0r0f0q0c000p0
[cyc=  37] t2*a1:0x10t1e0r0f0q0c000p2 | t3 a0:0x00t0e0r0f0q0c000p0 | t5 a0:0x00t0e0r0f0q0c000p0 | t6 a0:0x00t0e0r0f0q0c000p0 | t7 a0:0x00t0e0r0f0q0c000p0 | t9 a0:0x00t0e0r0f0q0c000p0 | t10 a0:0x00t0e0r0f0q0c000p0 | t11 a0:0x00t0e0r0f0q0c000p0
[cyc=  38] t2*a2:0x23t2e0r0f0q0c000p2 | t3 a0:0x00t0e0r0f0q0c000p0 | t5 a0:0x00t0e0r0f0q0c000p0 | t6 a0:0x00t0e0r0f0q0c000p0 | t7 a0:0x00t0e0r0f0q0c000p0 | t9 a0:0x00t0e0r0f0q0c000p0 | t10 a0:0x00t0e0r0f0q0c000p0 | t11 a0:0x00t0e0r0f0q0c000p0
[cyc=  39] t2*a3:0x01t3e0r0f0q0c000p0 | t3 a0:0x00t0e0r0f0q0c000p0 | t5 a0:0x00t0e0r0f0q0c000p0 | t6 a0:0x00t0e0r0f0q0c000p0 | t7 a0:0x00t0e0r0f0q0c000p0 | t9 a0:0x00t0e0r0f0q0c000p0 | t10 a0:0x00t0e0r0f0q0c000p0 | t11 a0:0x00t0e0r0f0q0c000p0
[cyc=  40] t2*a4:0x01t4e0r0f0q0c000p1 | t3 a0:0x00t0e0r0f0q0c000p0 | t5 a0:0x00t0e0r0f0q0c000p0 | t6 a0:0x00t0e0r0f0q0c000p0 | t7 a0:0x00t0e0r0f0q0c000p0 | t9 a0:0x00t0e0r0f0q0c000p0 | t10 a0:0x00t0e0r0f0q0c000p0 | t11 a0:0x00t0e0r0f0q0c000p0
[cyc=  41] t2*a0:0x01t5e0r0f0q0c000p0 | t3 a0:0x00t0e0r0f0q0c000p0 | t5 a0:0x00t0e0r0f0q0c000p0 | t6 a0:0x00t0e0r0f0q0c000p0 | t7 a0:0x00t0e0r0f0q0c000p0 | t9 a0:0x00t0e0r0f0q0c000p0 | t10 a0:0x00t0e0r0f0q0c000p0 | t11 a0:0x00t0e0r0f0q0c000p0
[cyc=  42] t2*a1:0x10t6e0r0f0q0c000p1 | t3 a0:0x00t0e0r0f0q0c000p0 | t5 a0:0x00t0e0r0f0q0c000p0 | t6 a0:0x00t0e0r0f0q0c000p0 | t7 a0:0x00t0e0r0f0q0c000p0 | t9 a0:0x00t0e0r0f0q0c000p0 | t10 a0:0x00t0e0r0f0q0c000p0 | t11 a0:0x00t0e0r0f0q0c000p0
[cyc=  43] t2*a2:0x23t7e0r0f0q0c000p1 | t3 a0:0x00t0e0r0f0q0c000p0 | t5 a0:0x00t0e0r0f0q0c000p0 | t6 a0:0x00t0e0r0f0q0c000p0 | t7 a0:0x00t0e0r0f0q0c000p0 | t9 a0:0x00t0e0r0f0q0c000p0 | t10 a0:0x00t0e0r0f0q0c000p0 | t11 a0:0x00t0e0r0f0q0c000p0
[cyc=  54] t2 a2:0x23t7e1r0f1q0c000p1 | t3*a1:0x0ct1e0r0f0q0c000p1 | t5 a0:0x00t0e0r0f0q0c000p0 | t6 a0:0x00t0e0r0f0q0c000p0 | t7 a0:0x00t0e0r0f0q0c000p0 | t9 a0:0x00t0e0r0f0q0c000p0 | t10 a0:0x00t0e0r0f0q0c000p0 | t11 a0:0x00t0e0r0f0q0c000p0
[cyc=  55] t2 a2:0x23t7e1r0f1q0c000p1 | t3*a2:0x0ct2e0r0f0q0c000p1 | t5 a0:0x00t0e0r0f0q0c000p0 | t6 a0:0x00t0e0r0f0q0c000p0 | t7 a0:0x00t0e0r0f0q0c000p0 | t9 a0:0x00t0e0r0f0q0c000p0 | t10 a0:0x00t0e0r0f0q0c000p0 | t11 a0:0x00t0e0r0f0q0c000p0
[cyc=  56] t2 a2:0x23t7e1r0f1q0c000p1 | t3*a3:0x07t3e0r0f0q0c000p1 | t5 a0:0x00t0e0r0f0q0c000p0 | t6 a0:0x00t0e0r0f0q0c000p0 | t7 a0:0x00t0e0r0f0q0c000p0 | t9 a0:0x00t0e0r0f0q0c000p0 | t10 a0:0x00t0e0r0f0q0c000p0 | t11 a0:0x00t0e0r0f0q0c000p0
[cyc=  57] t2 a2:0x23t7e1r0f1q0c000p1 | t3*a4:0x01t4e0r0f0q0c000p0 | t5 a0:0x00t0e0r0f0q0c000p0 | t6 a0:0x00t0e0r0f0q0c000p0 | t7 a0:0x00t0e0r0f0q0c000p0 | t9 a0:0x00t0e0r0f0q0c000p0 | t10 a0:0x00t0e0r0f0q0c000p0 | t11 a0:0x00t0e0r0f0q0c000p0
[cyc=  58] t2 a2:0x23t7e1r0f1q0c000p1 | t3*a0:0x01t5e0r0f0q0c000p0 | t5 a0:0x00t0e0r0f0q0c000p0 | t6 a0:0x00t0e0r0f0q0c000p0 | t7 a0:0x00t0e0r0f0q0c000p0 | t9 a0:0x00t0e0r0f0q0c000p0 | t10 a0:0x00t0e0r0f0q0c000p0 | t11 a0:0x00t0e0r0f0q0c000p0
[cyc=  59] t2 a2:0x23t7e1r0f1q0c000p1 | t3*a1:0x0ct6e0r0f0q0c000p0 | t5 a0:0x00t0e0r0f0q0c000p0 | t6 a0:0x00t0e0r0f0q0c000p0 | t7 a0:0x00t0e0r0f0q0c000p0 | t9 a0:0x00t0e0r0f0q0c000p0 | t10 a0:0x00t0e0r0f0q0c000p0 | t11 a0:0x00t0e0r0f0q0c000p0
[cyc=  68] t2 a2:0x23t7e1r0f1q0c000p1 | t3 a1:0x0ct6e0r0f0q0c000p0 | t5*a1:0x10t1e0r0f0q0c000p2 | t6 a0:0x00t0e0r0f0q0c000p0 | t7 a0:0x00t0e0r0f0q0c000p0 | t9 a0:0x00t0e0r0f0q0c000p0 | t10 a0:0x00t0e0r0f0q0c000p0 | t11 a0:0x00t0e0r0f0q0c000p0
[cyc=  69] t2 a2:0x23t7e1r0f1q0c000p1 | t3 a1:0x0ct6e0r0f0q0c000p0 | t5*a2:0x01t2e0r0f0q0c000p0 | t6 a0:0x00t0e0r0f0q0c000p0 | t7 a0:0x00t0e0r0f0q0c000p0 | t9 a0:0x00t0e0r0f0q0c000p0 | t10 a0:0x00t0e0r0f0q0c000p0 | t11 a0:0x00t0e0r0f0q0c000p0
[cyc=  70] t2 a2:0x23t7e1r0f1q0c000p1 | t3 a1:0x0ct6e0r0f0q0c000p0 | t5*a3:0x01t3e0r0f0q0c000p0 | t6 a0:0x00t0e0r0f0q0c000p0 | t7 a0:0x00t0e0r0f0q0c000p0 | t9 a0:0x00t0e0r0f0q0c000p0 | t10 a0:0x00t0e0r0f0q0c000p0 | t11 a0:0x00t0e0r0f0q0c000p0
[cyc=  71] t2 a2:0x23t7e1r0f1q0c000p1 | t3 a1:0x0ct6e0r0f0q0c000p0 | t5*a4:0x01t4e0r0f0q0c000p0 | t6 a0:0x00t0e0r0f0q0c000p0 | t7 a0:0x00t0e0r0f0q0c000p0 | t9 a0:0x00t0e0r0f0q0c000p0 | t10 a0:0x00t0e0r0f0q0c000p0 | t11 a0:0x00t0e0r0f0q0c000p0
[cyc=  72] t2 a2:0x23t7e1r0f1q0c000p1 | t3 a1:0x0ct6e0r0f0q0c000p0 | t5*a0:0x01t5e0r0f0q0c000p0 | t6 a0:0x00t0e0r0f0q0c000p0 | t7 a0:0x00t0e0r0f0q0c000p0 | t9 a0:0x00t0e0r0f0q0c000p0 | t10 a0:0x00t0e0r0f0q0c000p0 | t11 a0:0x00t0e0r0f0q0c000p0
[cyc=  73] t2 a2:0x23t7e1r0f1q0c000p1 | t3 a1:0x0ct6e0r0f0q0c000p0 | t5*a1:0x10t6e0r0f0q0c000p1 | t6 a0:0x00t0e0r0f0q0c000p0 | t7 a0:0x00t0e0r0f0q0c000p0 | t9 a0:0x00t0e0r0f0q0c000p0 | t10 a0:0x00t0e0r0f0q0c000p0 | t11 a0:0x00t0e0r0f0q0c000p0
[cyc=  86] t2 a2:0x23t7e1r0f1q0c000p1 | t3 a1:0x0ct6e0r0f0q0c000p0 | t5 a1:0x10t6e1r0f1q0c000p1 | t6*a1:0x01t1e0r0f0q0c000p1 | t7 a0:0x00t0e0r0f0q0c100p0 | t9 a0:0x00t0e0r0f0q0c000p0 | t10 a0:0x00t0e0r0f0q0c000p0 | t11 a0:0x00t0e0r0f0q0c000p0
[cyc=  87] t2 a2:0x23t7e1r0f1q0c000p1 | t3 a1:0x0ct6e0r0f0q0c000p0 | t5 a1:0x10t6e1r0f1q0c000p1 | t6*a2:0x01t2e0r0f0q0c000p0 | t7 a0:0x00t0e0r0f0q0c100p0 | t9 a0:0x00t0e0r0f0q0c000p0 | t10 a0:0x00t0e0r0f0q0c000p0 | t11 a0:0x00t0e0r0f0q0c000p0
[cyc=  88] t2 a2:0x23t7e1r0f1q0c000p1 | t3 a1:0x0ct6e0r0f0q0c000p0 | t5 a1:0x10t6e1r0f1q0c000p1 | t6*a3:0x01t3e0r0f0q0c000p0 | t7 a0:0x00t0e0r0f0q0c100p0 | t9 a0:0x00t0e0r0f0q0c000p0 | t10 a0:0x00t0e0r0f0q0c000p0 | t11 a0:0x00t0e0r0f0q0c000p0
[cyc=  89] t2 a2:0x23t7e1r0f1q0c000p1 | t3 a1:0x0ct6e0r0f0q0c000p0 | t5 a1:0x10t6e1r0f1q0c000p1 | t6*a4:0x01t4e0r0f0q0c000p1 | t7 a0:0x00t0e0r0f0q0c100p0 | t9 a0:0x00t0e0r0f0q0c000p0 | t10 a0:0x00t0e0r0f0q0c000p0 | t11 a0:0x00t0e0r0f0q0c000p0
[cyc=  90] t2 a2:0x23t7e1r0f1q0c000p1 | t3 a1:0x0ct6e0r0f0q0c000p0 | t5 a1:0x10t6e1r0f1q0c000p1 | t6*a0:0x02t5e0r0f0q0c000p1 | t7 a0:0x00t0e0r0f0q0c100p0 | t9 a0:0x00t0e0r0f0q0c000p0 | t10 a0:0x00t0e0r0f0q0c000p0 | t11 a0:0x00t0e0r0f0q0c000p0
[cyc=  91] t2 a2:0x23t7e1r0f1q0c000p1 | t3 a1:0x0ct6e0r0f0q0c000p0 | t5 a1:0x10t6e1r0f1q0c000p1 | t6*a1:0x01t6e0r0f0q0c000p0 | t7 a0:0x00t0e0r0f0q0c100p0 | t9 a0:0x00t0e0r0f0q0c000p0 | t10 a0:0x00t0e0r0f0q0c000p0 | t11 a0:0x00t0e0r0f0q0c000p0
[cyc= 103] t2 a2:0x23t7e1r0f1q0c000p1 | t3 a1:0x0ct6e0r0f0q0c000p0 | t5 a1:0x10t6e1r0f1q0c000p1 | t6 a1:0x01t6e1r0f1q0c000p0 | t7*a1:0x19t1e0r0f0q0c100p1 | t9 a0:0x00t0e0r0f0q0c000p0 | t10 a0:0x00t0e0r0f0q0c000p0 | t11 a0:0x00t0e0r0f0q0c000p0
[cyc= 104] t2 a2:0x23t7e1r0f1q0c000p1 | t3 a1:0x0ct6e0r0f0q0c000p0 | t5 a1:0x10t6e1r0f1q0c000p1 | t6 a1:0x01t6e1r0f1q0c000p0 | t7*a2:0x01t2e0r0f0q0c100p0 | t9 a0:0x00t0e0r0f0q0c000p0 | t10 a0:0x00t0e0r0f0q0c000p0 | t11 a0:0x00t0e0r0f0q0c000p0
[cyc= 105] t2 a2:0x23t7e1r0f1q0c000p1 | t3 a1:0x0ct6e0r0f0q0c000p0 | t5 a1:0x10t6e1r0f1q0c000p1 | t6 a1:0x01t6e1r0f1q0c000p0 | t7*a3:0x41t3e0r0f0q0c100p0 | t9 a0:0x00t0e0r0f0q0c000p0 | t10 a0:0x00t0e0r0f0q0c000p0 | t11 a0:0x00t0e0r0f0q0c000p0
[cyc= 117] t2 a2:0x23t7e1r0f1q0c000p1 | t3 a1:0x0ct6e0r0f0q0c000p0 | t5 a1:0x10t6e1r0f1q0c000p1 | t6 a1:0x01t6e1r0f1q0c000p0 | t7 a3:0x41t3e0r0f0q0c100p0 | t9*a1:0x01t1e0r0f0q0c000p0 | t10 a0:0x00t0e0r0f0q0c100p0 | t11 a0:0x00t0e0r0f0q0c000p0
[cyc= 118] t2 a2:0x23t7e1r0f1q0c000p1 | t3 a1:0x0ct6e0r0f0q0c000p0 | t5 a1:0x10t6e1r0f1q0c000p1 | t6 a1:0x01t6e1r0f1q0c000p0 | t7 a3:0x41t3e0r0f0q0c100p0 | t9*a2:0x54t2e0r0f0q0c000p1 | t10 a0:0x00t0e0r0f0q0c100p0 | t11 a0:0x00t0e0r0f0q0c000p0
[cyc= 130] t2 a2:0x23t7e1r0f1q0c000p1 | t3 a1:0x0ct6e0r0f0q0c000p0 | t5 a1:0x10t6e1r0f1q0c000p1 | t6 a1:0x01t6e1r0f1q0c000p0 | t7 a3:0x41t3e0r0f0q0c100p0 | t9 a2:0x54t2e1r0f1q0c000p1 | t10*a1:0x54t1e0r0f0q0c100p0 | t11 a0:0x00t0e0r0f0q0c100p0
[cyc= 139] t2 a2:0x23t7e1r0f1q0c000p1 | t3 a1:0x0ct6e0r0f0q0c000p0 | t5 a1:0x10t6e1r0f1q0c000p1 | t6 a1:0x01t6e1r0f1q0c000p0 | t7 a3:0x41t3e0r0f0q0c100p0 | t9 a2:0x54t2e1r0f1q0c000p1 | t10 a1:0x54t1e0r0f0q0c100p0 | t11*a1:0x01t1e0r0f0q1c100p0
[cyc= 140] t2 a2:0x23t7e1r0f1q0c000p1 | t3 a1:0x0ct6e0r0f0q0c000p0 | t5 a1:0x10t6e1r0f1q0c000p1 | t6 a1:0x01t6e1r0f1q0c000p0 | t7 a3:0x41t3e0r0f0q0c100p0 | t9 a2:0x54t2e1r0f1q0c000p1 | t10*a2:0x19t2e0r0f0q0c110p0 | t11*a2:0x1ft2e0r0f0q1c100p0
[cyc= 141] t2 a2:0x23t7e1r0f1q0c000p1 | t3 a1:0x0ct6e0r0f0q0c000p0 | t5 a1:0x10t6e1r0f1q0c000p1 | t6 a1:0x01t6e1r0f1q0c000p0 | t7 a3:0x41t3e0r0f0q0c110p0 | t9*a3:0x01t3e0r0f0q0c000p0 | t10*a3:0x21t3e0r0f0q1c110p0 | t11*a3:0x2ct3e0r0f0q1c100p0
[cyc= 142] t2 a2:0x23t7e1r0f1q0c000p1 | t3 a1:0x0ct6e0r0f0q0c000p0 | t5 a1:0x10t6e1r0f1q0c000p1 | t6 a1:0x01t6e1r0f1q0c000p0 | t7*a4:0x1ft4e0r0f0q1c100p0 | t9*a4:0x01t4e0r0f0q0c000p0 | t10*a4:0x0bt4e0r0f0q0c100p0 | t11 a3:0x2ct3e0r1f0q1c100p0
[cyc= 143] t2 a2:0x23t7e1r0f1q0c000p1 | t3 a1:0x0ct6e0r0f0q0c000p0 | t5 a1:0x10t6e1r0f1q0c000p1 | t6 a1:0x01t6e1r0f1q0c000p0 | t7*a0:0x19t5e0r0f0q1c110p0 | t9*a0:0x01t5e0r0f0q0c000p0 | t10*a0:0x10t5e0r0f0q0c100p0 | t11 a3:0x2ct3e0r1f0q1c100p0
[cyc= 144] t2 a2:0x23t7e1r0f1q0c000p1 | t3 a1:0x0ct6e0r0f0q0c000p0 | t5 a1:0x10t6e1r0f1q0c000p1 | t6 a1:0x01t6e1r0f1q0c000p0 | t7 a0:0x19t5e1r0f1q1c100p0 | t9*a1:0x01t6e0r0f0q0c000p0 | t10*a1:0x54t6e0r0f0q0c100p0 | t11 a3:0x2ct3e0r1f0q1c100p0
[cyc= 145] t2 a2:0x23t7e1r0f1q0c000p1 | t3*a2:0x0ct7e0r0f0q0c000p0 | t5*a2:0x01t7e0r0f0q0c000p0 | t6*a2:0x01t7e0r0f0q0c000p0 | t7 a0:0x19t5e1r0f1q1c100p0 | t9*a2:0x54t7e0r0f0q0c000p0 | t10 a1:0x54t6e0r0f0q0c100p0 | t11 a3:0x2ct3e0r1f0q1c100p0
[cyc= 146] t2*a3:0x01t8e0r0f0q0c000p0 | t3 a2:0x0ct7e0r0f0q0c000p0 | t5*a3:0x01t8e0r0f0q0c000p0 | t6*a3:0x01t8e0r0f0q0c000p0 | t7 a0:0x19t5e1r0f1q1c100p0 | t9 a2:0x54t7e1r0f1q0c000p0 | t10 a1:0x54t6e0r0f0q0c100p0 | t11 a3:0x2ct3e0r1f0q1c100p0
[cyc= 147] t2*a4:0x01t9e0r0f0q0c000p0 | t3 a2:0x0ct7e0r0f0q0c000p0 | t5*a4:0x01t9e0r0f0q0c000p0 | t6*a4:0x01t9e0r0f0q0c000p0 | t7 a0:0x19t5e1r0f1q1c100p0 | t9 a2:0x54t7e1r0f1q0c000p0 | t10 a1:0x54t6e0r0f0q0c100p0 | t11 a3:0x2ct3e0r1f0q1c100p0
[cyc= 148] t2 a4:0x01t9e1r0f1q0c000p0 | t3 a2:0x0ct7e0r0f0q0c000p0 | t5*a0:0x01t10e0r0f0q0c000p0 | t6 a4:0x01t9e1r0f1q0c000p0 | t7 a0:0x19t5e1r0f1q1c100p0 | t9 a2:0x54t7e1r0f1q0c000p0 | t10 a1:0x54t6e0r0f0q0c100p0 | t11 a3:0x2ct3e0r1f0q1c100p0
[cyc= 149] t2 a4:0x01t9e1r0f1q0c000p0 | t3 a2:0x0ct7e0r0f0q0c000p0 | t5*a1:0x10t11e0r0f0q0c000p0 | t6 a4:0x01t9e1r0f1q0c000p0 | t7 a0:0x19t5e1r0f1q1c100p0 | t9 a2:0x54t7e1r0f1q0c000p0 | t10 a1:0x54t6e0r0f0q0c100p0 | t11 a3:0x2ct3e0r1f0q1c100p0

=== EARLY DEADLOCK DETECTED at cycle 199 (stalled 50 cycles) ===

=== DEADLOCK after 800 cycles ===
  tile2: raddr=4 op=0x01 times=9 | rd_cur=0 wr_cur=0 const=0.v=0.rdy=0 | ctrl_proceed=0 e=1 r=0 f=1
          channels: N:rv0rr1sv0sr1 | S:rv0rr1sv0sr0 | W:rv0rr1sv0sr1 | E:rv0rr1sv0sr1
          routing_xbar outport=[4, 0, 0, 0, 0, 0, 0, 0] recv_opt.val=1 recv_opt.rdy=0
          routing prologue[addr4]: in3:1/1
  tile3: raddr=2 op=0x0c times=7 | rd_cur=0 wr_cur=0 const=0.v=0.rdy=0 | ctrl_proceed=0 e=0 r=0 f=0
          channels: N:rv0rr1sv0sr1 | S:rv0rr1sv0sr0 | W:rv0rr1sv0sr1 | E:rv0rr1sv0sr0
          routing_xbar outport=[0, 0, 0, 0, 1, 0, 0, 0] recv_opt.val=1 recv_opt.rdy=0
          routing prologue[addr2]: in0:1/1
  tile5: raddr=1 op=0x10 times=11 | rd_cur=0 wr_cur=0 const=0.v=0.rdy=0 | ctrl_proceed=0 e=0 r=0 f=0
          channels: N:rv0rr1sv0sr1 | S:rv0rr1sv0sr1 | W:rv0rr1sv0sr1 | E:rv0rr1sv0sr1
          routing_xbar outport=[0, 0, 0, 0, 1, 4, 0, 0] recv_opt.val=1 recv_opt.rdy=0
          routing prologue[addr1]: in0:1/1 in3:2/2
  tile6: raddr=4 op=0x01 times=9 | rd_cur=0 wr_cur=0 const=0.v=0.rdy=0 | ctrl_proceed=0 e=1 r=0 f=1
          channels: N:rv0rr1sv0sr1 | S:rv0rr1sv0sr1 | W:rv0rr1sv0sr1 | E:rv0rr1sv0sr1
          routing_xbar outport=[0, 0, 0, 0, 1, 0, 0, 0] recv_opt.val=1 recv_opt.rdy=0
          routing prologue[addr4]: in0:1/1
  tile7: raddr=0 op=0x19 times=5 | rd_cur=1 wr_cur=3 const=0.v=1.rdy=0 | ctrl_proceed=0 e=1 r=0 f=1
          channels: N:rv0rr1sv0sr1 | S:rv0rr1sv0sr1 | W:rv0rr1sv0sr1 | E:rv0rr1sv0sr0
          routing_xbar outport=[0, 0, 0, 0, 0, 1, 0, 0] recv_opt.val=1 recv_opt.rdy=0
          routing prologue[addr0]: in0:1/1
          const_queue: [6, 0, 3]
  tile9: raddr=2 op=0x54 times=7 | rd_cur=0 wr_cur=0 const=0.v=0.rdy=0 | ctrl_proceed=0 e=1 r=0 f=1
          channels: N:rv0rr1sv0sr1 | S:rv0rr1sv0sr1 | W:rv0rr1sv0sr1 | E:rv0rr1sv0sr1
          routing_xbar outport=[0, 0, 0, 0, 4, 2, 0, 0] recv_opt.val=1 recv_opt.rdy=0
          routing prologue[addr2]: in1:1/2
  tile10: raddr=1 op=0x54 times=6 | rd_cur=0 wr_cur=2 const=1.v=1.rdy=0 | ctrl_proceed=0 e=0 r=0 f=0
          channels: N:rv0rr1sv0sr1 | S:rv0rr1sv0sr1 | W:rv0rr1sv0sr1 | E:rv0rr1sv0sr1
          routing_xbar outport=[0, 0, 4, 0, 0, 4, 0, 0] recv_opt.val=1 recv_opt.rdy=0
          const_queue: [1, 6]
  tile11: raddr=3 op=0x2c times=3 | rd_cur=1 wr_cur=2 const=3.v=1.rdy=0 | ctrl_proceed=0 e=0 r=1 f=0
          channels: N:rv0rr1sv0sr1 | S:rv0rr1sv0sr1 | W:rv0rr1sv0sr1 | E:rv0rr1sv0sr0
          routing_xbar outport=[0, 0, 0, 0, 0, 0, 0, 0] recv_opt.val=0 recv_opt.rdy=0
          const_queue: [0, 3]



cycles:  200
.

======================== 1 passed in 114.16s (0:01:54) =========================
